id,name,host_id,host_profile_id,host_name,neighbourhood_group,neighbourhood,latitude,longitude,room_type,price,minimum_nights,number_of_reviews,last_review,reviews_per_month,calculated_host_listings_count,availability_365,number_of_reviews_ltm,license
73282,"Clean, central, quiet",377532,1462516964769218156,Simona,Kreis 3,Sihlfeld,47.37167,8.51948,Entire home/apt,,1125,47,2019-04-27,0.27,1,358,0,
143821,LOFT on 2 floors in Sihlcity Zürich,697307,1462526509819699279,Erhan,Kreis 3,Alt-Wiedikon,47.35761,8.52131,Entire home/apt,0,3,0,,,1,269,0,
178448,"a lovely place, top location",854016,1462531387688055862,Delphine,Kreis 2,Enge,47.36514,8.52615,Private room,0,5,9,2016-05-10,0.05,1,186,0,
227039,*Luxury Penthouse in the heart of trendy Zurich*,1184427,1462516434317962712,Lucas,Kreis 5,Escher Wyss,47.38942,8.51881,Entire home/apt,0,6,31,2023-08-22,0.17,1,358,0,
283737,Best Location in Zurich Oldtown,1477771,1462546900105262004,Nuria,Kreis 1,Rathaus,47.37372,8.54452,Entire home/apt,0,3,394,2026-06-23,2.24,3,154,18,
292351,120 sqM - 3 bedrooms + lounge in central Zurich,1513739,1462518575763297792,Anil,Kreis 4,Hard,47.38066,8.50657,Entire home/apt,,7,11,2024-08-11,0.11,1,0,0,
310964,Large Apartment - Center of Zurich,1266114,1462541187297393670,Kim,Kreis 1,Hochschulen,47.36713,8.54868,Entire home/apt,0,7,13,2019-01-06,0.08,1,302,0,
577683,Garden Apartment in Zurich West with private Gym,1240329,1462516794272502426,Claudio,Kreis 10,Höngg,47.4049,8.49555,Entire home/apt,0,1,7,2021-07-03,0.04,1,218,0,
610348,"Duplex  Flat, 120 m2 7-8  persons",3026473,1462615278928578806,Leandra,Kreis 11,Oerlikon,47.40703,8.55232,Entire home/apt,,4,169,2026-05-26,1.01,2,271,11,
620130,NB1: Charming 2-room apartment,3072679,1462617657070318243,Felix,Kreis 10,Wipkingen,47.39278,8.53,Entire home/apt,0,3,25,2020-02-08,0.20,5,310,0,
644888,Big and bright duplex in the heart of Zurich,3228273,1462623270338520041,Violetta,Kreis 3,Sihlfeld,47.37821,8.50637,Private room,0,2,16,2023-08-14,0.10,1,19,0,
706972,NB2: good value 1-room apartment,3072679,1462617657070318243,Felix,Kreis 10,Wipkingen,47.39229,8.52951,Entire home/apt,0,3,8,2020-03-17,0.06,5,93,0,
706997,NB3: Beautiful 2-bedroom apartment,3072679,1462617657070318243,Felix,Kreis 10,Wipkingen,47.39364,8.5285,Entire home/apt,0,3,12,2019-05-31,0.07,5,365,0,
743035,Unique Home in the midst of Nature near Zuerich,3891818,1462641965779734035,Jacqueline,Kreis 3,Friesenberg,47.35491,8.48682,Entire home/apt,0,2,111,2026-03-26,0.70,1,305,2,
815055,Quiet room in Zürich 5min to center,3693420,1462531364000542660,Nathalie,Kreis 2,Wollishofen,47.3366,8.53388,Private room,0,1,82,2023-07-03,0.51,1,90,0,
816887,Panoramic Views over Lake Zurich,1155866,1462516283314780585,Ysabel,Kreis 2,Wollishofen,47.335713,8.542109,Private room,0,2,47,2026-06-07,0.31,1,26,8,
898829,Top modernes Gästezimmer in Zürich Seebach,4797927,1462537323645895862,Pietro,Kreis 11,Seebach,47.42659,8.546569,Private room,0,1,349,2026-01-06,2.16,1,2,7,
946104,Cozy 3- room apartment in Zürich center,5126683,1462673422288939835,Wolfgang,Kreis 3,Alt-Wiedikon,47.364044189453125,8.520365715026855,Entire home/apt,0,5,327,2025-09-10,2.02,1,143,1,
1002219,"Very central, large and luxurios",5441735,1462680923778992845,Alain,Kreis 7,Hottingen,47.37082,8.55081,Entire home/apt,,7,9,2019-07-27,0.06,1,0,0,
1028631,"Architect’s loft seen in magazines, Zurich center.",1145413,1462538193323047164,Jurgita,Kreis 4,Werd,47.37362,8.5233,Entire home/apt,0,4,98,2026-05-24,0.61,1,84,4,
1358424,2.5 room (68m2) Rooftop Attic with lake view,1951513,1462582572789697984,Denise,Kreis 8,Mühlebach,47.3644,8.54925,Entire home/apt,0,12,0,,,1,180,0,
1566319,Big terrace apartment close to Tiefenbrunen,7090119,1462723164081861503,Raichvarg,Kreis 8,Weinegg,47.35106,8.56784,Entire home/apt,0,5,2,2022-08-04,0.04,1,173,0,
1599790,room in a penthouse in Zurich,8527761,1462769613712292922,Ben,Kreis 11,Oerlikon,47.40808,8.55491,Private room,0,1,6,2019-07-04,0.04,1,365,0,
1637876,Spacious room near center and university,1275222,1462541426849207098,Yvonne,Kreis 7,Fluntern,47.38175,8.55171,Private room,0,1,617,2026-06-03,3.97,1,116,31,
1638930,Private room in center of Zurich,8699600,1462566258047274819,Ivo,Kreis 5,Gewerbeschule,47.38279,8.532,Private room,,1,295,2024-01-06,1.89,1,0,0,
1738497,Entire apartment in Zurich's most vibrant hood,9155256,1462796289320691761,Martin,Kreis 4,Langstrasse,47.3809224,8.526627699999999,Entire home/apt,,7,0,,,1,365,0,
1834747,Bedroom with double bed in a shared central apt,3387271,1462627408323935124,Rakesh,Kreis 1,Lindenhof,47.37313,8.53899,Private room,,2,54,2026-06-20,0.36,1,0,3,
1859135,Wohnung in bester Lage Zürich,9700015,1462821062712324340,Esther,Kreis 7,Fluntern,47.37854,8.55935,Entire home/apt,,20,0,,,1,0,0,
1944658,Room in apartment of a woman only for a woman,620454,1462513064783496303,Reinhard,Kreis 6,Unterstrass,47.39289,8.53524,Private room,,7,22,2022-04-30,0.15,1,0,0,
1962016,A spacious space,9175734,1462568407762101149,Roland,Kreis 9,Altstetten,47.38122,8.49908,Private room,0,2,132,2026-05-28,0.88,1,365,3,
1982405,studio / home office  in a trendy quarter,5614354,1462685043382239893,Subas,Kreis 10,Wipkingen,47.39325,8.53188,Entire home/apt,0,26,60,2026-05-31,0.40,1,271,5,
1992345,Furnished apartment near the lake,1509492,1462547766642927685,Nina Alexandra,Kreis 2,Wollishofen,47.33772,8.53953,Entire home/apt,0,1,3,2025-08-03,0.02,3,180,1,
2004128,Super central & cozy (+ family-friendly)!,8658139,1462773035852536352,Malin,Kreis 4,Werd,47.37043,8.52843,Entire home/apt,0,5,29,2023-08-09,0.19,1,94,0,
2019124,"New Modern Apartment, Great Area!",4387358,1462535287911996571,Mo & Angelika,Kreis 5,Escher Wyss,47.38797,8.5122,Entire home/apt,0,14,23,2023-08-26,0.15,2,364,0,
2021797,Roomy well-lit Private room Heart of Zurich,10379615,1462573966512953564,Josh,Kreis 3,Alt-Wiedikon,47.36249,8.52253,Private room,,7,144,2025-11-19,0.94,2,178,3,
2045519,"Groundfloor Room i/Family Home Hottingen, Kreis 7",10487269,1462841927338891645,Christine,Kreis 7,Hottingen,47.36644,8.56301,Private room,0,6,96,2026-05-11,0.65,4,186,3,
2049847,"Balcony Room in FamilyHome Hottingen, Kreis 7",10487269,1462841927338891645,Christine,Kreis 7,Hottingen,47.36644,8.56301,Private room,0,14,107,2024-09-01,0.73,4,180,0,
2073042,Bedroom i/Family Home ZüriHottingen,10487269,1462841927338891645,Christine,Kreis 7,Hottingen,47.36672,8.56401,Private room,1,1,64,2025-09-10,0.42,4,133,1,
2082084,Basic Well-lit Private Room Heart of Zurich,10379615,1462573966512953564,Josh,Kreis 3,Alt-Wiedikon,47.36431,8.52174,Private room,,28,137,2025-11-29,0.91,2,116,2,
2470664,"Old-town, cozy spacious 2 rooms flat,",10651736,1462846235420507594,Alberto,Kreis 1,Rathaus,47.37452,8.54549,Entire home/apt,0,20,59,2026-03-28,0.40,2,333,4,
2579889,Mi Casa es su Casa,75558392,1487906327853189561,Filipa,Kreis 3,Alt-Wiedikon,47.36347,8.51845,Entire home/apt,0,1,704,2026-05-27,4.74,3,77,29,
2668952,Studio mit absoluter Traumaussicht (51),13570663,1462586915939629182,Residence Services Apartments,Kreis 1,Lindenhof,47.37554,8.54207,Entire home/apt,0,1,563,2026-06-16,3.89,55,262,61,
2679799,Discover Zürich & relax comfortably,8061776,1462748163379360629,Salvia,Kreis 2,Wollishofen,47.3367,8.53347,Private room,0,2,193,2026-05-29,1.30,3,8,13,
2759581,Old-town 2 room flat with river view,10651736,1462846235420507594,Alberto,Kreis 1,Rathaus,47.37569,8.54465,Entire home/apt,0,20,66,2026-04-16,0.45,2,326,8,
2836559,Apartment in best location!,7014021,1462721243679940092,Jonathan,Kreis 1,Lindenhof,47.37337875366211,8.540721893310547,Entire home/apt,0,2,84,2026-05-25,0.57,1,176,5,
2869081,Letzigrund Blue 4 Apartment,12886487,1462897903332723581,Stephanies,Kreis 9,Altstetten,47.38644,8.50317,Entire home/apt,,1,20,2026-02-25,0.15,99,181,2,
2869105,Letzigrund Green 4 Apartment,12886487,1462897903332723581,Stephanies,Kreis 9,Altstetten,47.38644,8.50317,Entire home/apt,0,1,15,2025-06-03,0.11,99,346,0,
2869130,Letzigrund Yellow 5 Apartment,12886487,1462897903332723581,Stephanies,Kreis 9,Altstetten,47.38644,8.50317,Entire home/apt,,1,7,2025-12-15,0.05,99,0,1,
2920505,"Studio ""Doerfli 1"" in the heart of Zurich",12886487,1462897903332723581,Stephanies,Kreis 1,Rathaus,47.37505,8.54372,Entire home/apt,,1,34,2026-06-02,0.25,99,337,3,
2920543,"Apartment ""Doerfli 3"" in the Old Town",12886487,1462897903332723581,Stephanies,Kreis 1,Rathaus,47.37505,8.54372,Entire home/apt,,1,50,2026-03-25,0.35,99,319,2,
2920590,ZH Bellevue 3 - HITrental Apartment Zürich,12886487,1462897903332723581,Stephanies,Kreis 8,Mühlebach,47.36427,8.54935,Entire home/apt,0,1,94,2026-06-22,0.67,99,341,13,
2920698,3 room apartment in a historic old town,12886487,1462897903332723581,Stephanies,Kreis 1,Rathaus,47.37468,8.54342,Entire home/apt,,1,231,2026-06-26,1.60,99,324,29,
2920742,Gasse 3 - Charming 1 room apartment,12886487,1462897903332723581,Stephanies,Kreis 1,Rathaus,47.37468,8.54342,Entire home/apt,,1,55,2026-05-31,0.38,99,322,4,
2920780,Hof 2 - Charming 1 room Studio,12886487,1462897903332723581,Stephanies,Kreis 1,Rathaus,47.37468,8.54342,Entire home/apt,,1,49,2025-03-20,0.35,99,346,0,
2920806,Gasse 2 - Charming 1 room apartment,12886487,1462897903332723581,Stephanies,Kreis 1,Rathaus,47.37468,8.54342,Entire home/apt,,1,9,2025-09-22,0.07,99,341,1,
2962635,Hof 3 - Charming 1 room Studio,12886487,1462897903332723581,Stephanies,Kreis 1,Rathaus,47.37468,8.54342,Entire home/apt,0,1,32,2026-06-18,0.23,99,318,3,
2986553,Beautiful flat close to lake and center,15228741,1462957319862375843,Anna,Kreis 7,Hirslanden,47.36080721045092,8.56742346669014,Entire home/apt,,3,50,2025-09-14,0.37,1,0,3,
3209659,"Stadt Zürich, freundliches Zimmer (3)",564859566,1698735279012732542,Apartments Zuerich,Kreis 9,Altstetten,47.3804,8.48076,Private room,0,9,35,2025-12-01,0.27,15,313,2,
3428442,5 min zum Letzigrund Stadion.,17280709,1463006390255353947,Marc,Kreis 9,Altstetten,47.38838158780472,8.480132924710324,Entire home/apt,0,1,1,2024-07-11,0.04,1,90,0,
3470221,"Studio Penthouse Apartment, Kieselgasse",17484617,1463011174324430050,Cristiana,Kreis 8,Mühlebach,47.35697,8.55664,Entire home/apt,0,3,4,2023-12-15,0.03,23,154,0,
3483175,"2-Bedroom Family Apartment, Kieselgasse",17484617,1463011174324430050,Cristiana,Kreis 8,Mühlebach,47.35578,8.5566,Entire home/apt,0,3,28,2022-08-30,0.19,23,171,0,
3487718,"1-Bedroom Apartment, Kieselgasse",17484617,1463011174324430050,Cristiana,Kreis 8,Mühlebach,47.35578,8.55666,Entire home/apt,0,3,12,2025-11-01,0.08,23,168,1,
3673115,Living in the heart of Zürich.,6225442,1462701066571568508,Gian,Kreis 4,Langstrasse,47.37551,8.53039,Private room,,20,7,2019-11-10,0.05,1,0,0,
3680581,Bright Airy Apt on Lake Zurich,4800368,1462665632108585171,Lizanne,Kreis 8,Seefeld,47.35603,8.55208,Entire home/apt,0,2,25,2023-07-03,0.17,1,363,0,
3681649,AEGl - Studio Zürich-downtown,18715465,1463059615258550802,Joy,Kreis 7,Hottingen,47.36945,8.55696,Entire home/apt,,3,19,2026-06-16,0.18,15,87,8,
3681861,A1r - 2 bedroom Zürich downtown,18715465,1463059615258550802,Joy,Kreis 7,Hottingen,47.36946,8.55693,Entire home/apt,0,3,64,2026-06-13,0.46,15,60,8,
3681913,A1l - 2 bedroom Zürich Downtown,18715465,1463059615258550802,Joy,Kreis 7,Hottingen,47.36956,8.55737,Entire home/apt,0,3,38,2026-06-23,0.27,15,57,6,
3682024,A3r - 2 bed room Zürich downtown,18715465,1463059615258550802,Joy,Kreis 7,Hottingen,47.36947,8.5569,Entire home/apt,,5,82,2026-06-23,0.61,15,71,17,
3682156,A4r - 2BR cozy city roof ap.,18715465,1463059615258550802,Joy,Kreis 7,Hottingen,47.36938,8.55729,Entire home/apt,,5,120,2026-06-22,0.86,15,78,31,
3682291,A5r - TOP Studio attique+ terrace downtown Zürich,18715465,1463059615258550802,Joy,Kreis 7,Hottingen,47.36952,8.55694,Entire home/apt,,5,40,2026-05-31,0.29,15,58,4,
3683319,B4l - 3bedroom in the heart of Zurich,18715465,1463059615258550802,Joy,Kreis 8,Weinegg,47.36231,8.55827,Entire home/apt,0,5,111,2025-12-27,0.81,15,54,3,
3813905,Stadt Zürich-kleines Studio,564859566,1698735279012732542,Apartments Zuerich,Kreis 9,Altstetten,47.38055,8.48124,Entire home/apt,0,1,543,2026-06-29,4.07,15,281,43,
3814983,BEG - 3 bedroom 8008 Zürich-downtown,18715465,1463059615258550802,Joy,Kreis 8,Weinegg,47.36231,8.55827,Entire home/apt,,3,125,2026-06-05,0.87,15,50,32,
3815437,"B1l - 3bedroom, 8008 Zürich downtown",18715465,1463059615258550802,Joy,Kreis 8,Weinegg,47.36231,8.55827,Entire home/apt,,3,77,2026-06-22,0.55,15,45,15,
3857206,Stylish apartment in the centre of Zurich.,19898314,1463094194014389716,Katarína,Kreis 3,Alt-Wiedikon,47.36723,8.51917,Entire home/apt,0,5,15,2023-06-18,0.17,3,363,0,
3872298,beautiful luxury apartment...,20002991,1463096592015426703,Mars,Kreis 9,Altstetten,47.38965,8.49178,Entire home/apt,,14,64,2025-10-01,0.45,1,361,2,
3890636,Stadt Zürich -Studio beim Albisriederplatz 4507,564859566,1698735279012732542,Apartments Zuerich,Kreis 4,Hard,47.37997,8.50702,Entire home/apt,0,1,642,2026-06-21,4.45,15,359,10,
3897121,Priv. room & bathroom Zurich centre,2091621,1462586132474950138,Vlad,Kreis 4,Werd,47.37168,8.52549,Private room,0,1,26,2022-11-13,0.18,1,361,0,
3941358,Trendy Studio at the best area !,13570663,1462586915939629182,Residence Services Apartments,Kreis 8,Mühlebach,47.36365,8.54939,Entire home/apt,,2,153,2026-06-19,1.06,55,331,15,
4201758,"1-Bedroom Apartment, Forchstrasse",17484617,1463011174324430050,Cristiana,Kreis 7,Hirslanden,47.36051,8.5649,Entire home/apt,0,3,8,2024-03-17,0.06,23,171,0,
4201898,"2-Bedroom Family Apartment, Forchstrasse",17484617,1463011174324430050,Cristiana,Kreis 7,Hirslanden,47.36051,8.5649,Entire home/apt,0,3,44,2023-12-15,0.33,23,171,0,
4202724,"Studio Apartment, Lindenstrasse",17484617,1463011174324430050,Cristiana,Kreis 8,Seefeld,47.35784,8.553,Entire home/apt,0,1,8,2021-11-14,0.06,23,228,0,
4222657,"2-Bedroom Family Apartment, Lindenstrasse",17484617,1463011174324430050,Cristiana,Kreis 8,Seefeld,47.35784,8.553,Entire home/apt,1,2,31,2024-12-25,0.22,23,217,0,
4246456,Mini-Musiker-Zimmer,21714165,1462618309645739256,Katie,Kreis 1,Rathaus,47.37136,8.54351,Private room,1,1,1479,2026-06-27,10.66,4,60,142,
4290893,"1-Bedroom Apartment, Nordstrasse",17484617,1463011174324430050,Cristiana,Kreis 6,Unterstrass,47.38368,8.53995,Entire home/apt,,3,9,2025-10-13,0.07,23,172,3,
4298448,Central to lake and train station,9068489,1462794150251136875,Duygu,Kreis 7,Hottingen,47.37379,8.56275,Private room,0,2,31,2025-07-16,0.23,2,365,2,
4298896,"Central garden flat, 3 bedrooms",9068489,1462794150251136875,Duygu,Kreis 7,Hottingen,47.37474,8.56254,Private room,0,3,2,2024-07-10,0.08,2,269,0,
4315829,Double bed room 2 Top of Zurich,22404783,1462621056668931570,Silvia,Kreis 7,Witikon,47.35655,8.59939,Private room,0,2,99,2026-05-24,0.74,3,263,11,
4368558,Modern spacious apartment,17455976,1463010554323187154,Simon,Kreis 4,Hard,47.38095,8.50514,Entire home/apt,0,100,2,2015-05-23,0.01,1,365,0,
4381761,Style&Large @Hip-Party-Area with HomeCinema.,1926619,1462521212821915956,Stefan,Kreis 4,Langstrasse,47.3767,8.52546,Entire home/apt,0,1,74,2025-08-06,0.66,1,364,1,
4425760,"Spacious, centrally located flat",2963607,1462613609158728533,Sandra,Kreis 6,Unterstrass,47.3901,8.53958,Entire home/apt,0,7,57,2026-01-03,0.41,1,9,6,
4460481,Cozy room & Sunny balcony in Zurich,12051025,1462879065817348303,Churyon,Kreis 9,Altstetten,47.38904,8.48716,Private room,,3,125,2025-06-04,0.97,1,0,0,
4666089,Modern & cosy room in the city center,2598633,1462599823292440638,Antonio,Kreis 5,Gewerbeschule,47.38573,8.52743,Private room,0,1,0,,,1,88,0,
4666318,"Bright and charming, in Zürich",3477312,1462530150374964717,Gisela,Kreis 3,Alt-Wiedikon,47.35997772216797,8.522051811218262,Entire home/apt,0,6,50,2025-09-29,0.37,1,286,4,
4748384,"1 Bedroom Serviced Apartment, Unterstrass",24506494,1465305511219168260,EMA House,Kreis 6,Unterstrass,47.38417,8.54212,Entire home/apt,,3,30,2026-06-16,0.26,19,296,9,
4796892,Musiker-Unterkunft,21714165,1462618309645739256,Katie,Kreis 1,Rathaus,47.3714,8.54349,Private room,1,1,1204,2025-11-08,8.58,4,4,43,
4797373,Wirtewohnung,21714165,1462618309645739256,Katie,Kreis 1,Rathaus,47.3714,8.54349,Entire home/apt,0,1,601,2026-06-23,4.28,4,56,90,
4850468,Cosy 3.5 room apartment in Zurich,720175,1462527256313459198,Patrick,Kreis 11,Seebach,47.42615,8.54844,Entire home/apt,,5,1,2021-10-03,0.02,1,0,0,
4921250,charming flat in excellent location,25347589,1465340621986772684,Patricia,Kreis 6,Unterstrass,47.38637,8.54343,Entire home/apt,,1,95,2026-06-03,0.69,1,45,7,
5000434,fully furnished flat / nearby ETH + Airport + City,7926514,1462563045800319979,Ruben,Kreis 11,Affoltern,47.41972,8.51008,Entire home/apt,0,10,40,2026-06-20,0.30,1,239,1,
5055921,3BR city flat near Bellevue! SF6,23561865,1465274926504678242,Dimiter,Kreis 8,Seefeld,47.36398,8.54873,Entire home/apt,1,1,138,2026-05-10,1.02,145,13,25,
5168505,Double room 1 Top of Zurich,22404783,1462621056668931570,Silvia,Kreis 7,Witikon,47.35687,8.59781,Private room,0,2,201,2026-06-16,1.46,3,275,12,
5208392,"1-Bedroom Apartment, Nordstrasse",17484617,1463011174324430050,Cristiana,Kreis 6,Unterstrass,47.38368,8.53995,Entire home/apt,0,3,8,2025-06-07,0.06,23,258,0,
5209282,Charming studio / old town UZ12,23561865,1465274926504678242,Dimiter,Kreis 1,Rathaus,47.3718,8.54541,Entire home/apt,0,1,235,2026-06-14,1.70,145,19,16,
5210463,"2-Zimmer Apartment Suite, Lindenstrasse",17484617,1463011174324430050,Cristiana,Kreis 8,Seefeld,47.35784,8.553,Entire home/apt,0,3,3,2019-09-08,0.03,23,160,0,
5267443,Family apartment in Zurich,3845079,1462640854903213419,Tilke,Kreis 4,Werd,47.37013,8.5263,Entire home/apt,,7,29,2026-04-26,0.22,1,4,3,
5349018,"1-Bedroom Apartment Suite, Kieselgasse",17484617,1463011174324430050,Cristiana,Kreis 8,Mühlebach,47.35578,8.55666,Entire home/apt,,3,1,2016-10-19,0.01,23,190,0,
5350564,"Studio Apartment, Forchstrasse",17484617,1463011174324430050,Cristiana,Kreis 7,Hirslanden,47.3605,8.56529,Entire home/apt,0,2,18,2026-01-01,0.13,23,172,2,
5350881,"Studio Apartment, Forchstrasse",17484617,1463011174324430050,Cristiana,Kreis 7,Hirslanden,47.3605,8.56529,Entire home/apt,0,3,17,2026-01-02,0.13,23,138,1,
5352022,Schöne Wohnung in Zürich,12980091,1462900116179981825,Fabienne,Kreis 10,Höngg,47.40583,8.47929,Entire home/apt,,7,0,,,1,0,0,
5378507,Private room in Oerlikon,18128386,1462604964849578212,Alessandro,Kreis 11,Oerlikon,47.41072,8.54479,Private room,0,7,0,,,1,83,0,
5483148,Living & Homeoffice with absolutely dream views !,13570663,1462586915939629182,Residence Services Apartments,Kreis 1,Rathaus,47.37382,8.54228,Entire home/apt,,2,502,2026-06-19,3.65,55,330,38,
5553853,Charmin Studio / old town UZ9,23561865,1465274926504678242,Dimiter,Kreis 1,Rathaus,47.3718,8.54541,Entire home/apt,0,1,128,2026-05-12,0.94,145,8,24,
5609431,Cosy und ruhig,5247348,1462676305672465030,Cathy,Kreis 3,Alt-Wiedikon,47.36911,8.5086,Private room,,2,31,2023-08-27,0.23,1,0,0,
5687423,Great 2BR flat in the old town - Niederdorf,23561865,1465274926504678242,Dimiter,Kreis 1,Rathaus,47.37286,8.54384,Entire home/apt,0,1,296,2026-06-09,2.43,145,19,48,
5744466,"3,5r family flat &practical located",8287735,1462764621501188409,Fuwa,Kreis 11,Seebach,47.41815,8.55864,Entire home/apt,0,3,180,2026-06-07,1.33,1,210,27,
6007128,"Sofa bed. Quiet, Safe, Clean",1371406,1462544015656076697,Jens,Kreis 11,Oerlikon,47.40464,8.55428,Private room,,2,94,2024-08-14,0.69,2,0,0,
6080762,"Charming, green & very close 2 city",22600456,1462621859352823694,Jana,Kreis 12,Hirzenbach,47.39872,8.58788,Entire home/apt,0,2,14,2019-07-28,0.10,1,264,0,
6099740,1BR apartment close to Bellevue (SF7),23561865,1465274926504678242,Dimiter,Kreis 8,Mühlebach,47.36249,8.55061,Entire home/apt,0,1,118,2026-06-14,0.87,145,105,12,
6203434,Charmin Studio / old town UZ8,23561865,1465274926504678242,Dimiter,Kreis 1,Rathaus,47.37079,8.54595,Entire home/apt,,2,203,2026-04-28,1.53,145,0,12,
6293591,Cozy Studio for 3 with Roof terrace!,75558392,1487906327853189561,Filipa,Kreis 3,Alt-Wiedikon,47.36706,8.51947,Entire home/apt,0,1,544,2026-06-19,4.04,3,173,32,
6311102,Charming Studio in the old town - UZ15,23561865,1465274926504678242,Dimiter,Kreis 1,Rathaus,47.371803283691406,8.545409202575684,Entire home/apt,0,1,62,2026-06-15,0.46,145,98,35,
6473595,"B2l - 3BR, castle Neumuenster, 8008 ZH",18715465,1463059615258550802,Joy,Kreis 8,Weinegg,47.36231,8.55827,Entire home/apt,,1,62,2026-05-27,0.51,15,66,4,
6590086,einfaches Zimmer 1 Person / bei Anfrage 2,34472084,1465506500930196220,Räto,Kreis 9,Altstetten,47.38529,8.48208,Private room,,1,1,2024-07-11,0.04,1,0,0,
6669104,Exclusive Loft in Seefeld (Mühle),23561865,1465274926504678242,Dimiter,Kreis 8,Mühlebach,47.35172,8.56133,Entire home/apt,0,2,65,2026-05-17,0.49,145,87,15,
6752793,Near University and ETH,24506658,1465305513293950129,Anka,Kreis 7,Fluntern,47.37905,8.55564,Private room,,1,181,2025-04-17,1.35,1,82,0,
6857376,Attic Apartment Zurich City,34541936,1465507726438345467,Strahinja,Kreis 4,Hard,47.37792,8.51425,Entire home/apt,,1,551,2026-06-28,5.26,11,0,38,
6858968,Cosy flat with home-office  in charming Seefeld,773469,1462528962146911162,Cécile,Kreis 8,Mühlebach,47.36555,8.54881,Entire home/apt,0,4,22,2026-06-21,0.17,1,352,3,
6862908,Maisonette flat / old town (UZ10),23561865,1465274926504678242,Dimiter,Kreis 1,Rathaus,47.37285,8.54585,Entire home/apt,,2,167,2026-04-21,1.53,145,2,16,
6996487,Comfortable Room in a Shared House,36591564,1465544977467523900,Daniela,Kreis 6,Oberstrass,47.39312,8.55122,Private room,0,3,0,,,1,365,0,
7232723,Luxury Apartment w Roof Top Terrace,5470758,1462681630324690094,Branca,Kreis 1,Hochschulen,47.37789,8.54338,Entire home/apt,0,3,10,2026-06-21,0.08,1,355,1,
7351146,Zentrale 1 Zimmer Whg mit Gartensitzplatz,10219462,1462834656143408920,Anni,Kreis 6,Unterstrass,47.39371,8.53636,Entire home/apt,0,5,10,2026-05-28,0.08,1,85,2,
7449801,Zimmer mit Bad im Herzen Zürichs,2904606,1462526950138092578,Sigrid,Kreis 7,Hottingen,47.36775,8.55742,Private room,0,5,47,2026-06-08,0.36,2,353,3,
7589458,城市中心1号Oerlikon Bahnhof,39800475,1462682612479579261,Jun,Kreis 11,Oerlikon,47.41202,8.54668,Private room,1,1,290,2026-06-28,4.96,2,331,59,
7599396,"Big and comfortable flat, centrally located",9176822,1462796817786542730,Ferrat,Kreis 4,Hard,47.37571,8.517,Entire home/apt,,5,14,2026-05-25,0.11,2,90,1,
7613086,苏黎世火车站2号Oerlikon  bahnhof,39800475,1462682612479579261,Jun,Kreis 11,Oerlikon,47.40874,8.54407,Private room,1,1,201,2026-05-31,1.52,2,249,18,
7646490,Clean & Modern Zürich Apt | Great Transport Links,4387358,1462535287911996571,Mo & Angelika,Kreis 9,Altstetten,47.38479,8.49355,Entire home/apt,0,14,23,2026-06-01,0.17,2,364,5,
7673299,Stadt Zürich- freundliches Zimmer (2),564859566,1698735279012732542,Apartments Zuerich,Kreis 9,Altstetten,47.38086,8.4819,Private room,,30,79,2026-06-14,0.60,15,3,5,
7673510,Stadt Zürich-kleines Zimmer (1) in Gästehaus,564859566,1698735279012732542,Apartments Zuerich,Kreis 9,Altstetten,47.38002,8.48089,Private room,,30,90,2026-06-13,0.68,15,290,8,
7737458,Garden Studio Apartment 2,40667302,1465605745221598258,Peter,Kreis 7,Fluntern,47.37749,8.56042,Entire home/apt,0,1,20,2026-04-01,0.15,14,3,1,
7739547,Garden Studio Apartment 1,40667302,1465605745221598258,Peter,Kreis 7,Fluntern,47.37895,8.55839,Entire home/apt,0,2,45,2026-05-29,0.34,14,126,1,
7741739,Zurlinden Studio Apartment 1,40667302,1465605745221598258,Peter,Kreis 4,Hard,47.37765,8.51169,Entire home/apt,0,2,10,2025-08-04,0.08,14,327,2,
7746167,"Big & comfi 25m2 private room, centrally located",9176822,1462796817786542730,Ferrat,Kreis 3,Sihlfeld,47.37398,8.51586,Private room,,5,47,2025-09-28,0.36,2,180,3,
7756218,Room 4 Double room with a balcony,40667302,1465605745221598258,Peter,Kreis 7,Fluntern,47.37753,8.56021,Private room,0,1,24,2025-06-30,0.20,14,275,1,
7841685,Amazing oldtown location by Airhome,475053,1462519309454418320,James,Kreis 1,Rathaus,47.37137,8.54428,Entire home/apt,,1,127,2026-06-15,0.96,14,362,13,
7860214,Peaceful room in the city centre,2884491,1462611480485370340,Sari,Kreis 4,Hard,47.3826,8.51296,Private room,,30,0,,,1,64,0,
7927329,Appartement am Irchelpark,39464144,1465589627678816204,Ingrid,Kreis 6,Oberstrass,47.39641,8.55177,Private room,0,92,2,2023-05-30,0.02,1,358,0,
8093940,Room 9  Double room on Zuriberg Toblerplatz,40667302,1465605745221598258,Peter,Kreis 7,Fluntern,47.37745,8.55867,Private room,0,2,37,2024-08-04,0.30,14,174,0,
8094116,Room 8 Double room with a view,40667302,1465605745221598258,Peter,Kreis 7,Fluntern,47.37913,8.5601,Private room,0,1,24,2025-04-17,0.21,14,60,0,
8126239,A2r - 2 bedroom Zürich Downtown,18715465,1463059615258550802,Joy,Kreis 7,Hottingen,47.36955,8.55744,Entire home/apt,0,5,83,2026-06-23,0.64,15,13,6,
8158459,Charming Studio / Old town (UZ7),23561865,1465274926504678242,Dimiter,Kreis 1,Rathaus,47.3718,8.54541,Entire home/apt,0,1,197,2026-05-08,1.51,145,83,8,
8160075,Charming flat / near lake (FB9),23561865,1465274926504678242,Dimiter,Kreis 8,Seefeld,47.36215,8.54946,Entire home/apt,0,1,108,2026-05-20,0.82,145,111,9,
8169064,3.1 - Quiet Room in Penthouse Kreis 7,43111694,1465640115238905142,Dolder Liegenschaften AG,Kreis 7,Witikon,47.357601,8.59931,Private room,0,10,29,2025-09-04,0.22,8,144,1,
8271883,"Bed. Private, Clean, Safe, Quiet",1371406,1462544015656076697,Jens,Kreis 11,Oerlikon,47.40395,8.55318,Private room,,2,149,2024-08-10,1.14,2,0,0,
8332340,Letzigrund Red 3 Apartment,12886487,1462897903332723581,Stephanies,Kreis 9,Altstetten,47.38645,8.50316,Entire home/apt,0,1,12,2025-12-19,0.10,99,298,2,
8332432,Letzigrund Yellow 4 Apartment,12886487,1462897903332723581,Stephanies,Kreis 9,Altstetten,47.38645,8.50316,Entire home/apt,,1,0,,,99,324,0,
8370018,Le Bijou Historic Roof Top Apartment,475053,1462519309454418320,James,Kreis 1,City,47.37682,8.53883,Entire home/apt,,1,69,2026-06-26,0.53,14,357,6,
8392091,Stylish flat with terrace near stadium Letzigrund,36107955,1465536278910215019,Rachid,Kreis 4,Hard,47.3882,8.49862,Entire home/apt,,3,10,2025-07-15,0.17,1,0,1,
8397025,"Executive Design Suit, Kreis 5",1483482,1462547067208873499,Dusha,Kreis 5,Escher Wyss,47.38722,8.51385,Entire home/apt,,95,0,,,1,363,0,
8476758,Luxuriöse Attika Loft in Zürich,2153971,1462587756236266444,Gasi,Kreis 4,Werd,47.374268,8.521883,Entire home/apt,,7,1,2017-08-12,0.01,1,363,0,
8627237,Gemütliche Wohnung in Zürich (Stadtkreis 11),27512311,1465406014252933023,Orfa,Kreis 11,Affoltern,47.41471,8.52269,Private room,,4,4,2024-07-12,0.11,1,0,0,
8658138,Fantastic 2 BR  flat close to the lake (Mainau 4),23561865,1465274926504678242,Dimiter,Kreis 8,Mühlebach,47.36124,8.55203,Entire home/apt,0,1,114,2026-06-16,0.87,145,13,23,
8658489,Fantastic 2BR executive flat 100sqm (Mainau 6),23561865,1465274926504678242,Dimiter,Kreis 8,Mühlebach,47.36136,8.55271,Entire home/apt,,2,90,2026-01-23,0.69,145,0,16,
8658898,Charming 1BD flat / old town - UZ16,23561865,1465274926504678242,Dimiter,Kreis 1,Rathaus,47.3718,8.54541,Entire home/apt,0,1,495,2026-05-21,3.85,145,87,21,
8708068,Spatious apartment by river side,22959986,1463192713396061400,Valentina,Kreis 5,Escher Wyss,47.39178,8.51652,Entire home/apt,,7,3,2019-08-01,0.02,1,0,0,
8915577,Nice 1BR apartment near lake (FB6),23561865,1465274926504678242,Dimiter,Kreis 8,Seefeld,47.3617,8.54981,Entire home/apt,,4,304,2025-10-17,2.34,145,0,8,
8926048,Clean Cozy Center+pocketWIFI,18327045,1463052059586483419,Michal,Kreis 3,Sihlfeld,47.37281,8.51772,Private room,,5,109,2022-10-01,0.84,3,0,0,
8971198,Helles Altbaubjoux im Zentrum,1477771,1462546900105262004,Nuria,Kreis 1,Rathaus,47.37242,8.54543,Entire home/apt,0,2,100,2026-04-25,0.77,3,105,10,
9005395,Charming attic - 6min from ZurichHB,3414248,1462628778871431982,Dmitry,Kreis 3,Alt-Wiedikon,47.36562,8.51243,Entire home/apt,,3,43,2021-09-11,0.33,1,0,0,
9132333,room in quiet apt w/ garden in Zurich Seefeld,1796689,1462520429445800721,Pascal,Kreis 8,Seefeld,47.35709,8.55348,Private room,,2,26,2025-06-08,0.28,1,0,0,
9229424,Room 3,40667302,1465605745221598258,Peter,Kreis 7,Fluntern,47.37911,8.56056,Private room,0,1,41,2025-09-14,0.33,14,22,2,
9243499,2BR flat near lake/city center SF5,23561865,1465274926504678242,Dimiter,Kreis 8,Mühlebach,47.36114,8.5518,Entire home/apt,0,1,179,2026-06-14,1.39,145,30,31,
9244524,Stauffacher Apartment- Bartlett,12886487,1462897903332723581,Stephanies,Kreis 4,Langstrasse,47.37708,8.52348,Entire home/apt,,1,9,2023-11-17,0.09,99,0,0,
9245092,Stauffacher Apartment- Inler,12886487,1462897903332723581,Stephanies,Kreis 4,Langstrasse,47.37708,8.52348,Entire home/apt,,1,12,2025-05-15,0.12,99,0,0,
9245379,Stauffacher Apartment- DaCosta,12886487,1462897903332723581,Stephanies,Kreis 4,Langstrasse,47.37708,8.52348,Entire home/apt,,1,32,2025-08-05,0.28,99,0,1,
9248507,Stauffacher Apartment- Kuhn,12886487,1462897903332723581,Stephanies,Kreis 4,Langstrasse,47.37708,8.52348,Entire home/apt,,1,122,2025-10-24,1.04,99,0,7,
9248717,Stauffacher Apartment- Botteron,12886487,1462897903332723581,Stephanies,Kreis 4,Langstrasse,47.37708,8.52348,Entire home/apt,,1,47,2025-10-21,0.40,99,0,3,
9285611,Charming studio / old town UZ11,23561865,1465274926504678242,Dimiter,Kreis 1,Rathaus,47.37137,8.54622,Entire home/apt,0,1,39,2025-07-04,0.30,145,13,1,
9299992,"Comfy and cozy! 
Privat room in central Zurich",45893761,1465685481928368087,Coco,Kreis 6,Oberstrass,47.38281,8.54858,Private room,0,2,50,2026-06-21,0.52,1,151,8,
9519509,Room 5,40667302,1465605745221598258,Peter,Kreis 7,Fluntern,47.38165,8.55164,Private room,0,1,42,2025-11-30,0.34,14,212,2,
9520586,Room 1,40667302,1465605745221598258,Peter,Kreis 7,Fluntern,47.37788,8.56047,Private room,0,1,21,2026-04-30,0.18,14,334,2,
9526343,Sunny central flat - zentral & sonnig,49352339,1465752214418351038,Olga,Kreis 6,Unterstrass,47.38938,8.54144,Entire home/apt,,2,28,2017-08-24,0.22,1,0,0,
9590886,Bright apartment in a trendy area,6806992,1462715747550326943,Sylvia,Kreis 10,Wipkingen,47.39321,8.53179,Entire home/apt,0,2,15,2026-06-20,0.12,1,7,4,
9598058,Green View-relax!,42267449,1465628544762452578,Zanyar,Kreis 10,Höngg,47.41102,8.48584,Entire home/apt,,5,4,2018-08-31,0.03,1,0,0,
9781471,Charming Studio / old town - UZ 14,23561865,1465274926504678242,Dimiter,Kreis 1,Rathaus,47.37265,8.54588,Entire home/apt,0,1,160,2026-06-11,1.25,145,19,9,
9783843,2 BR apartment near the lake / city center (D2),23561865,1465274926504678242,Dimiter,Kreis 8,Seefeld,47.35721,8.5547,Entire home/apt,0,2,302,2026-06-09,2.36,145,13,18,
9785013,New: Boutique Studio in the heart of Zürich,13570663,1462586915939629182,Residence Services Apartments,Kreis 1,City,47.37036,8.5342,Entire home/apt,0,3,98,2026-04-03,0.77,55,317,1,
9892141,cosy&easy,50884548,1465784668277834766,PLATZHIRSCH ZÜRICH Downtown Boutique Hotel,Kreis 1,Rathaus,47.37358,8.544,Hotel room,,1,915,2026-06-14,7.20,1,196,119,
9929768,Nice 2.5 room Blueberry Apartment,12886487,1462897903332723581,Stephanies,Kreis 11,Oerlikon,47.40805,8.54772,Entire home/apt,,1,5,2025-07-29,0.05,99,248,1,
10005298,Nice 2.5 room Blueberry I Apartment,12886487,1462897903332723581,Stephanies,Kreis 11,Oerlikon,47.40807,8.54763,Entire home/apt,,1,8,2025-06-23,0.07,99,189,0,
10006040,Nice 1 room Cranberry Apartment,12886487,1462897903332723581,Stephanies,Kreis 11,Oerlikon,47.40805,8.5476,Entire home/apt,0,1,5,2020-12-13,0.04,99,331,0,
10006714,Nice 1 room Cranberry I Apartment,12886487,1462897903332723581,Stephanies,Kreis 11,Oerlikon,47.40806,8.54758,Entire home/apt,,1,4,2026-04-21,0.04,99,333,1,
10044960,Great 2BD flat old town (Schipfe B),23561865,1465274926504678242,Dimiter,Kreis 1,Lindenhof,47.37193,8.54151,Entire home/apt,0,2,169,2026-06-18,1.32,145,6,64,
10095770,Clean Spacious Fresh Centre+mobileWiFi,18327045,1463052059586483419,Michal,Kreis 3,Sihlfeld,47.37472,8.51771,Private room,,12,105,2022-09-17,0.83,3,0,0,
10121853,Cozy and bright apartment,10082038,1462831156198106217,Filippo,Kreis 10,Wipkingen,47.39464,8.52482,Entire home/apt,,1,4,2021-07-07,0.03,1,0,0,
10201982,The Cozy Loft in Zürich Altstetten,52410638,1465847955739205516,Dirk,Kreis 9,Altstetten,47.38527,8.49408,Entire home/apt,0,2,28,2026-06-15,2.08,1,172,21,
10215725,Lovely 2BR apartment - Mainau 7,23561865,1465274926504678242,Dimiter,Kreis 8,Mühlebach,47.36124,8.55203,Entire home/apt,,1,174,2026-05-24,1.36,145,27,2,
10382963,Top Lake Side Location By Airhome,475053,1462519309454418320,James,Kreis 1,Rathaus,47.36945,8.54503,Entire home/apt,1,1,164,2026-06-13,1.29,14,295,17,
10418945,Charming room - 15 min to Taylor Swift!,15136409,1462955072338606913,Fabienne,Kreis 2,Enge,47.35932,8.52634,Private room,,2,18,2017-09-23,0.14,1,0,0,
10506470,Exclusive Seefeld flat with private Rooftop,54170965,1462728098128318036,Asa,Kreis 8,Seefeld,47.36204,8.54883,Entire home/apt,0,7,13,2025-08-31,0.10,1,223,2,
10532613,Lovely 2BR apartment - Mainau 8,23561865,1465274926504678242,Dimiter,Kreis 8,Mühlebach,47.36124,8.55203,Entire home/apt,0,1,224,2026-06-14,1.77,145,98,4,
10701017,"Cosy room in Zurich, little garden&friendly cat",54829910,1465897546872133025,Reisemuus,Kreis 2,Wollishofen,47.34258,8.52317,Entire home/apt,,1,93,2026-06-20,0.74,1,62,12,
10704449,Downtown Zürich main station(HB),16814424,1462995631519047350,Maria  C,Kreis 6,Unterstrass,47.38096,8.5439,Entire home/apt,,1,81,2021-01-05,0.64,1,0,0,
10720130,Room 7,40667302,1465605745221598258,Peter,Kreis 7,Fluntern,47.3774,8.55989,Private room,0,2,17,2026-06-26,0.25,14,171,3,
10762056,"Apartment ""Limmat 5"" in the heart of Zurich",12886487,1462897903332723581,Stephanies,Kreis 1,Rathaus,47.37485,8.5441,Entire home/apt,0,1,28,2026-06-12,0.30,99,323,3,
10871301,Charming flat / near lake (FB7),23561865,1465274926504678242,Dimiter,Kreis 8,Seefeld,47.36215,8.54946,Entire home/apt,0,1,181,2026-06-07,1.45,145,23,27,
10892010,Nice 3.5 room Strawberry Apartment,12886487,1462897903332723581,Stephanies,Kreis 11,Oerlikon,47.40802,8.54762,Entire home/apt,,1,89,2026-06-22,0.77,99,317,11,
10973187,Gorgeous flat in hip & vibrant area,56932925,1465930571987610737,Hyesook,Kreis 5,Gewerbeschule,47.38165,8.53305,Entire home/apt,0,1,491,2026-06-19,3.92,2,207,57,
11075723,2 BR apartment near the lake / city centre D5,23561865,1465274926504678242,Dimiter,Kreis 8,Seefeld,47.35721,8.5547,Entire home/apt,0,,177,2026-06-17,1.42,145,0,14,
11092692,City House Bernoulli,57600752,1466690595654809903,Ruth,Kreis 10,Höngg,47.39524765208742,8.509392539249856,Entire home/apt,0,3,8,2026-06-02,0.06,1,342,1,
11128754,Quiet Room in big and unique Loft-Apartment,521258,1462520634114606727,Beatrice,Kreis 4,Langstrasse,47.3763,8.52051,Private room,,5,8,2021-07-18,0.07,1,0,0,
11152536,Private clean furnished room,22315609,1463176756665904746,Raffaele And Stella,Kreis 12,Schwamendingen-Mitte,47.40999,8.57506,Private room,,5,29,2026-05-26,0.23,1,0,1,
11221242,Apartment a minute walk from the Zurich lake,29087804,1465428732581320809,Cintia,Kreis 8,Seefeld,47.36029,8.55096,Entire home/apt,,7,0,,,1,0,0,
11266276,"Comfortable Zurich Studio – Central, Workspace",58818657,1466704666219617003,Book A Home AG,Kreis 11,Affoltern,47.41888,8.5081,Entire home/apt,,7,32,2026-06-02,0.26,48,58,1,
11307775,3 1/2 Zimmer Wohnung an der Limmat,59121805,1466712043205051667,Roland,Kreis 9,Altstetten,47.39785,8.50014,Entire home/apt,,180,0,,,1,365,0,
11334434,Easy Two Bedroom Apartment,58818657,1466704666219617003,Book A Home AG,Kreis 11,Affoltern,47.41888,8.5081,Entire home/apt,0,7,27,2026-01-03,0.21,48,71,2,
11597416,"Zurich old town, exclusive",58977221,1462741480836595323,Trudi,Kreis 1,Rathaus,47.36953,8.54568,Private room,0,2,94,2025-05-21,0.97,2,267,0,
11798707,Lovely 2.5 apartment with SW facing balcony!,16053098,1462977104700232232,Sophie,Kreis 12,Hirzenbach,47.40154,8.5926,Entire home/apt,,5,0,,,1,0,0,
11949543,Sunny room in music-design flat in the city center,63811207,1466787506259583056,Happy,Kreis 5,Gewerbeschule,47.3875,8.52901,Private room,,1,104,2026-06-24,0.84,1,0,8,
11977829,Nice 2.5 room Raspberry Apartment,12886487,1462897903332723581,Stephanies,Kreis 11,Oerlikon,47.40802,8.54762,Entire home/apt,,1,9,2025-09-22,0.11,99,242,1,
12242242,Cheap room near city center,65876908,1466814555132877951,Antonella,Kreis 10,Wipkingen,47.39408,8.52934,Private room,,3,4,2020-01-01,0.04,1,0,0,
12316807,Schöne und gut gelegene Wohnung,11090888,1462856856469912317,David,Kreis 3,Sihlfeld,47.36793,8.52309,Entire home/apt,0,21,1,2022-10-25,0.02,1,364,0,
12469141,Central quiet 2 bed room flat near Hallenstadion,67421613,1466833137966658565,Jung Soo,Kreis 11,Oerlikon,47.40782,8.55493,Entire home/apt,0,1,756,2026-06-21,6.12,3,24,31,
12617563,Private Room near lake and the city,68497754,1466846374571836235,Luba,Kreis 2,Wollishofen,47.34859,8.52878,Private room,,4,0,,,1,0,0,
12664810,Private room by the limmat,8906890,1462789985080078989,William,Kreis 6,Unterstrass,47.38286,8.54083,Private room,,30,18,2016-10-26,0.15,1,0,0,
12786627,Superb apartment,69603192,1466861447167218362,Balbir,Kreis 4,Hard,47.37997,8.50702,Entire home/apt,,2,13,2022-09-28,0.11,1,0,0,
12819700,"Gem with private garage near Lake, Parks, and City",69931796,1466865723672770946,Angelika,Kreis 2,Enge,47.35285,8.53055,Entire home/apt,1,1,143,2026-06-27,1.17,1,323,22,
12844495,Easy One Bedroom Apartment,58818657,1466704666219617003,Book A Home AG,Kreis 11,Affoltern,47.41888,8.5081,Entire home/apt,0,7,6,2023-08-23,0.05,48,87,0,
12860185,Wake up in the heart of the Old town,70291646,1466870076789714449,Sofia Sara,Kreis 1,Lindenhof,47.37328,8.53989,Private room,0,1,76,2025-07-28,0.62,2,29,3,
13060550,"Beautiful, central flat with Limmat (river) view",49533468,1465756543766474601,Rebekka,Kreis 10,Wipkingen,47.39397,8.51498,Entire home/apt,,2,39,2026-05-25,0.32,1,0,3,
13071400,Chez Ruth,72456043,1466894771330332191,Ruth,Kreis 3,Sihlfeld,47.37856,8.50458,Private room,0,1,245,2026-06-22,2.00,1,104,23,
13078820,House with pool in a great/quiet area in Zurich,11368311,1462863254372966911,Thomas,Kreis 8,Weinegg,47.35203,8.5795,Entire home/apt,0,6,12,2025-08-09,0.11,1,17,2,
13138331,"Close to public transportation, 10min from center",3592245,1462633323058971547,Fabio,Kreis 6,Unterstrass,47.39984,8.54309,Private room,,2,45,2025-10-31,0.37,4,183,1,
13163060,The heart of the oldtown,70291646,1466870076789714449,Sofia Sara,Kreis 1,Lindenhof,47.37348,8.54147,Private room,,7,108,2025-09-28,0.88,2,333,2,
13307128,A night or a ride on a great Motorboat in Zurich,22004663,1462619476004484901,Patrick,Kreis 1,Rathaus,47.36827,8.54274,Entire home/apt,0,1,2,2018-07-31,0.02,1,364,0,
13353575,Antik House with a beautiful garden,16506657,1462598156690299623,Karen,Kreis 2,Enge,47.35843,8.52863,Private room,0,4,63,2026-06-15,0.54,3,49,15,
13432999,Paradeplatz / In Gassen Apartment by Airhome,475053,1462519309454418320,James,Kreis 1,Lindenhof,47.37067,8.54021,Entire home/apt,,1,189,2026-06-22,1.55,14,331,25,
13514089,Löwenplatz Apartment next to Station by Airhome,475053,1462519309454418320,James,Kreis 1,City,47.37507,8.53504,Entire home/apt,,1,216,2026-06-27,1.77,14,328,15,
13517210,Charming 1BR apartment in the old town - UZ4,23561865,1465274926504678242,Dimiter,Kreis 1,Rathaus,47.3718,8.54541,Entire home/apt,0,1,313,2026-05-22,2.58,145,2,10,
13656976,"Nice flat 10min to town center, 20min to airport",3592245,1462633323058971547,Fabio,Kreis 6,Unterstrass,47.39961,8.54144,Entire home/apt,,14,5,2021-08-14,0.04,4,0,0,
13720909,"Comfortable Zurich Studio – Central, Workspace",58818657,1466704666219617003,Book A Home AG,Kreis 11,Affoltern,47.41888,8.5081,Entire home/apt,,7,23,2026-05-28,0.19,48,87,1,
13738654,Executive 2 BD flat / city center (Hösch 1),23561865,1465274926504678242,Dimiter,Kreis 8,Seefeld,47.35733,8.55358,Entire home/apt,0,2,99,2026-06-15,0.82,145,6,42,
13738854,Executive 1BD flat / city center (Hösch 3),23561865,1465274926504678242,Dimiter,Kreis 8,Seefeld,47.35733,8.55358,Entire home/apt,0,1,149,2026-06-15,1.23,145,39,7,
13738980,2BR apartment near the lake / city center D6,23561865,1465274926504678242,Dimiter,Kreis 8,Seefeld,47.35721,8.5547,Entire home/apt,0,1,98,2026-05-22,0.82,145,16,4,
13740005,Very nice 2BD flat city center Enge (Wille 1),23561865,1465274926504678242,Dimiter,Kreis 2,Enge,47.36376,8.53257,Entire home/apt,0,1,321,2026-04-11,2.65,145,135,9,
13754939,Sunny flat with own garden and cat!,69606001,1466861528570958159,Sabrina,Kreis 10,Wipkingen,47.39614,8.52994,Entire home/apt,,10,2,2017-04-17,0.02,1,0,0,
13821357,Wonderful attic apartment in Zurich downtown!,81431934,1466990008997084199,Rico,Kreis 3,Sihlfeld,47.37876,8.50788,Entire home/apt,0,1,28,2026-05-01,0.23,1,92,2,
13879118,Charming flat in hip & vibrant area,56932925,1465930571987610737,Hyesook,Kreis 5,Gewerbeschule,47.38134,8.53501,Entire home/apt,0,1,381,2026-06-25,3.15,2,258,48,
13895923,Apartment with balcony in Zurich City Centre,19367610,1463077081623548497,Charlene,Kreis 4,Langstrasse,47.37391,8.52971,Entire home/apt,,14,3,2019-01-01,0.03,3,0,0,
13907213,"architect-musician studio, Zurich",17514955,1463011913446354957,Lukasz,Kreis 2,Enge,47.36422,8.52564,Entire home/apt,,3,22,2025-01-18,0.18,1,0,0,
13927064,"Bright modern home, 2 workspaces, balcony & piano",25739430,1462634707076630071,Julian,Kreis 5,Escher Wyss,47.38881,8.51445,Entire home/apt,,2,104,2026-06-21,0.86,1,145,11,
13980689,Amazing oldtown location by Airhome 1st floor,475053,1462519309454418320,James,Kreis 1,Rathaus,47.37137,8.54428,Entire home/apt,,1,199,2026-06-13,1.66,14,347,31,
14113525,Cozy & quiet room in antik house close to the lake,16506657,1462598156690299623,Karen,Kreis 2,Enge,47.3587,8.52873,Private room,0,2,267,2026-06-14,2.21,3,104,30,
14165529,Nice room in a private flat,4248093,1462651560239965671,Sabine,Kreis 12,Hirzenbach,47.39687,8.58834,Private room,0,2,73,2026-06-14,0.61,2,6,13,
14189519,modernes Studio,15547956,1462964933861077384,Lorenzo Giacomo,Kreis 3,Sihlfeld,47.3796,8.506,Entire home/apt,,3,22,2026-06-16,0.18,1,1,3,
14437525,Zürich City & Private Room,87480387,1467051659824526428,⁨Lilly Yeng P.⁩,Kreis 3,Alt-Wiedikon,47.3642687,8.5210181,Private room,0,2,118,2026-06-25,1.07,1,349,17,
14477404,Central and bright room in Zürich,14668334,1462944050650671276,Lea,Kreis 4,Langstrasse,47.37645,8.52396,Private room,0,1,197,2026-06-14,1.66,3,104,26,
14497537,Cozy newly furnished 2 bedroom in Seefeld-NO PARTY,8887876,1462789540853646986,Dominique,Kreis 8,Seefeld,47.35908,8.54942,Entire home/apt,0,1,475,2026-06-14,4.26,1,83,56,
14497922,"4.5  Maisonette, Zürich",17857491,1463030557768341981,Roland,Kreis 9,Altstetten,47.38217,8.50044,Entire home/apt,0,3,46,2022-10-14,0.40,1,37,0,
14652186,Living directly at the Water,18852846,1463063155638283938,Marco,Kreis 10,Wipkingen,47.39419,8.51608,Entire home/apt,,3,12,2018-08-24,0.10,1,0,0,
14659604,Sweet and cosy Apartment in City Center of Zurich,88346063,1462844149365454030,Cristian,Kreis 6,Oberstrass,47.38359,8.54946,Entire home/apt,0,2,210,2026-06-16,1.80,1,12,17,
14781925,Quiet Zurich room in lovely neighborhood,447662,1462518647471513725,Alexandra,Kreis 10,Höngg,47.41419,8.48023,Private room,0,5,9,2023-11-14,0.08,1,58,0,
14784853,Studio walking distance to University/ETH Zurich.,27980404,1465413106795026115,Marlise,Kreis 6,Oberstrass,47.37988,8.55055,Entire home/apt,0,5,17,2025-11-23,0.18,1,57,3,
14823254,"Quiet bedroom,near Hallenstadion and central.",67421613,1466833137966658565,Jung Soo,Kreis 11,Oerlikon,47.4076,8.54959,Private room,1,1,148,2026-07-01,1.24,3,13,11,
14861181,Direkt im belebten Kreis 4,5536039,1462541116033857285,Jacqueline,Kreis 4,Langstrasse,47.37922,8.526,Entire home/apt,0,1,140,2022-11-12,1.18,1,3,0,
14921512,"Executive 1BR flat, city center (Hammer 1)",23561865,1465274926504678242,Dimiter,Kreis 8,Weinegg,47.3596,8.55853,Entire home/apt,0,2,174,2026-06-05,1.46,145,106,4,
14924969,Charming 1BR flat near the lake (FB1),23561865,1465274926504678242,Dimiter,Kreis 8,Seefeld,47.3619,8.54828,Entire home/apt,0,2,83,2025-08-11,0.70,145,9,5,
14925431,Executive 2BR apt near lake/city center (Dufour 4),23561865,1465274926504678242,Dimiter,Kreis 8,Seefeld,47.3572,8.55317,Entire home/apt,,1,79,2026-06-12,0.69,145,24,28,
14998360,"Schöne Wohnung,grosse Dachterrasse,Nähe Idaplatz",1216871,1462539994156217791,Salvatore,Kreis 3,Sihlfeld,47.37474,8.51767,Entire home/apt,,2,0,,,1,0,0,
15169764,Amazing maisonette flat in the old town - Waldmann,23561865,1465274926504678242,Dimiter,Kreis 1,Rathaus,47.36867,8.54664,Entire home/apt,,2,51,2026-05-10,0.46,145,0,2,
15172572,Stylish flat w/garden in top location,2361694,1462523758119770974,Petra,Kreis 3,Alt-Wiedikon,47.36123275756836,8.516104698181152,Entire home/apt,0,2,246,2026-06-26,2.13,2,126,15,
15250857,1 Bedroom Apartment with Balcony & Garden View,90399530,1467093621434773257,Daniella,Kreis 3,Alt-Wiedikon,47.35884,8.51727,Entire home/apt,,1,29,2026-05-29,0.25,12,353,5,
15253929,Central Stay in Zürich Wipkingen,73355613,1466904859229452990,Alessandra,Kreis 10,Wipkingen,47.39451,8.52535,Private room,0,1,67,2026-07-01,0.61,1,46,11,
15341716,Beautiful Cozy Attic Appartment in the Center,35842531,1465530841478067323,Michael,Kreis 4,Langstrasse,47.37519,8.5238,Entire home/apt,,1,172,2021-09-15,1.50,2,0,0,
15363618,"Stunning view over the city, calm & stylish",9220328,1462568608509761260,Duri,Kreis 6,Oberstrass,47.391,8.5478,Entire home/apt,0,3,142,2026-06-12,1.44,3,332,19,
15372451,Nice room in the city center,73087510,1466901765081644303,Heiner,Kreis 4,Langstrasse,47.37504,8.52262,Private room,0,10,3,2017-08-06,0.03,1,263,0,
15381261,Nice 2BD flat city center / near FIFA (Wille 2),23561865,1465274926504678242,Dimiter,Kreis 2,Enge,47.36376,8.53257,Entire home/apt,0,2,172,2025-10-02,1.50,145,29,10,
15519676,1 Bedroom Apartment with Garden View,90399530,1467093621434773257,Daniella,Kreis 3,Alt-Wiedikon,47.35835,8.51888,Entire home/apt,0,1,20,2025-06-11,0.17,12,260,0,
15525696,Modern & Spacious In Hip Area,30637041,1462652262410643709,Ernie,Kreis 5,Escher Wyss,47.39251,8.51145,Entire home/apt,,3,22,2022-05-27,0.19,2,0,0,
15527370,Spacious bedroom & private bath in heart of Zurich,30637041,1462652262410643709,Ernie,Kreis 5,Escher Wyss,47.391609,8.510444,Private room,,21,11,2021-11-30,0.11,2,0,0,
15541196,Dachzimmer für 2,99991407,1462870349947704802,Gabi,Kreis 11,Seebach,47.41728,8.54833,Private room,1,1,530,2026-06-16,4.50,3,6,62,
15578517,Helles Zimmer im hippen Kreis 5,7030232,1462721690789708789,Janna,Kreis 5,Escher Wyss,47.38741,8.52433,Private room,,3,15,2019-10-30,0.13,2,0,0,
15596713,Stauffacher Apartment- Rodriguez,12886487,1462897903332723581,Stephanies,Kreis 4,Langstrasse,47.37708,8.52348,Entire home/apt,,1,23,2025-10-22,0.34,99,0,3,
15596845,Stauffacher Apartment- Keita,12886487,1462897903332723581,Stephanies,Kreis 4,Langstrasse,47.37708,8.52348,Entire home/apt,,1,25,2025-06-23,0.23,99,0,0,
15596933,Stauffacher Apartment- Raffael,12886487,1462897903332723581,Stephanies,Kreis 4,Langstrasse,47.37708,8.52348,Entire home/apt,,1,29,2025-10-26,0.26,99,0,3,
15597068,Stauffacher Apartment- Kuenzli,12886487,1462897903332723581,Stephanies,Kreis 4,Langstrasse,47.37708,8.52348,Entire home/apt,,1,56,2025-08-26,0.48,99,0,1,
15645106,Studio at Stauffacher / Center of Zurich,1773765,1462520273527794906,Serli,Kreis 4,Werd,47.37205,8.52887,Private room,,30,0,,,1,88,0,
15653745,Nice 2.5 room Raspberry I Apartment,12886487,1462897903332723581,Stephanies,Kreis 11,Oerlikon,47.40802,8.54762,Entire home/apt,0,1,13,2023-10-31,0.11,99,278,0,
15654684,Nice 2.5 room Raspberry II Apartment,12886487,1462897903332723581,Stephanies,Kreis 11,Oerlikon,47.40802,8.54762,Entire home/apt,,1,3,2022-06-29,0.04,99,0,0,
15654860,Nice 2.5 room Raspberry III Apartment,12886487,1462897903332723581,Stephanies,Kreis 11,Oerlikon,47.40802,8.54762,Entire home/apt,,1,2,2019-02-25,0.02,99,0,0,
15672243,Nice 2.5 room Raspberry IV Apartment,12886487,1462897903332723581,Stephanies,Kreis 11,Oerlikon,47.40802,8.54762,Entire home/apt,,1,1,2018-07-30,0.01,99,91,0,
15672687,Nice 2.5 room Blueberry II Apartment,12886487,1462897903332723581,Stephanies,Kreis 11,Oerlikon,47.40802,8.54762,Entire home/apt,,1,2,2020-07-19,0.03,99,212,0,
15673613,Nice 2.5 room Blueberry III Apartment,12886487,1462897903332723581,Stephanies,Kreis 11,Oerlikon,47.40802,8.54762,Entire home/apt,0,1,7,2026-06-20,0.09,99,257,3,
15673758,Nice 2.5 room Blueberry IV Apartment,12886487,1462897903332723581,Stephanies,Kreis 11,Oerlikon,47.40802,8.54762,Entire home/apt,,1,5,2026-02-23,0.10,99,289,2,
15673943,Nice 1 room Cranberry II Apartment,12886487,1462897903332723581,Stephanies,Kreis 11,Oerlikon,47.40802,8.54762,Entire home/apt,0,1,4,2025-03-06,0.04,99,251,0,
15674116,Nice 1 room Cranberry III Apartment,12886487,1462897903332723581,Stephanies,Kreis 11,Oerlikon,47.40802,8.54762,Entire home/apt,0,1,3,2021-10-03,0.03,99,326,0,
15674393,Nice 1 room Cranberry IV Apartment,12886487,1462897903332723581,Stephanies,Kreis 11,Oerlikon,47.40802,8.54762,Entire home/apt,,1,5,2026-06-12,0.05,99,298,1,
15712965,Zh Blue 3 - Letzigrund HITrental Apartment,12886487,1462897903332723581,Stephanies,Kreis 9,Altstetten,47.38645,8.50316,Entire home/apt,,1,6,2025-08-14,0.07,99,334,1,
15724194,Appartement - stylish möbliert in direkter Seenähe,1509492,1462547766642927685,Nina Alexandra,Kreis 2,Wollishofen,47.33809,8.54012,Entire home/apt,,1,0,,,3,0,0,
15765855,Letzigrund Pink GF Apartment,12886487,1462897903332723581,Stephanies,Kreis 9,Altstetten,47.38645,8.50316,Entire home/apt,,1,10,2026-06-10,0.09,99,303,5,
15780649,Letzigrund Green 5 Apartment,12886487,1462897903332723581,Stephanies,Kreis 9,Altstetten,47.38645,8.50316,Entire home/apt,0,1,4,2023-11-09,0.05,99,340,0,
15780767,Letzigrund Red 5 Apartment,12886487,1462897903332723581,Stephanies,Kreis 9,Altstetten,47.38645,8.50316,Entire home/apt,,1,0,,,99,287,0,
15781029,Zh Red 4 - Letzigrund HITrental Apartment,12886487,1462897903332723581,Stephanies,Kreis 9,Altstetten,47.38645,8.50316,Entire home/apt,0,1,13,2026-05-01,0.14,99,331,2,
15782017,I am subletting my cosy flat perfectly situated,19946038,1463095352818154174,Beata,Kreis 4,Hard,47.38052,8.51436,Entire home/apt,0,1,157,2022-07-17,1.34,1,263,0,
15796209,"top modern 3.5 room loft apartment, hip urban city",25633261,1465347620275469255,Thomas,Kreis 5,Escher Wyss,47.3858,8.51638,Entire home/apt,0,3,62,2026-06-13,0.53,1,206,13,
15796740,Letzigrund Pink 2 Apartment,12886487,1462897903332723581,Stephanies,Kreis 9,Altstetten,47.38645,8.50316,Entire home/apt,,1,8,2026-06-04,0.09,99,298,1,
15796875,Letzigrund Pink 1 Apartment,12886487,1462897903332723581,Stephanies,Kreis 9,Altstetten,47.38645,8.50316,Entire home/apt,,1,5,2026-03-17,0.06,99,181,3,
15797256,Letzigrund Green 3 Apartment,12886487,1462897903332723581,Stephanies,Kreis 9,Altstetten,47.38645,8.50316,Entire home/apt,,1,1,2023-07-14,0.03,99,304,0,
15797502,Letzigrund Yellow 3 Apartment,12886487,1462897903332723581,Stephanies,Kreis 9,Altstetten,47.38645,8.50316,Entire home/apt,0,1,7,2026-06-19,0.08,99,306,1,
15853113,"helles Zimmer in angenehmer 3er WG, top Anbindung",39029806,1465582959863330304,Daniel,Kreis 11,Oerlikon,47.41262,8.55784,Private room,,1,28,2022-10-31,0.24,2,0,0,
15862347,Zürich Unterstrass,102813335,1467233640397331871,Walter,Kreis 10,Wipkingen,47.40095,8.53152,Private room,0,3,34,2026-05-30,0.42,1,132,7,
15863621,AUF ZEIT (04/17- ca. 06/18); 3.5-Zimmer-Wohnung,76702774,1466940251402691959,Sabrina,Kreis 12,Saatlen,47.40772,8.55985,Entire home/apt,0,360,0,,,1,365,0,
15879427,GDN AU Apartment 1,3072679,1462617657070318243,Felix,Kreis 3,Alt-Wiedikon,47.36059,8.52201,Entire home/apt,0,3,6,2019-12-20,0.05,5,254,0,
15946738,Large and bright apartment - Quiet but central,8370002,1462766725756203219,Cecilia & Pietro,Kreis 6,Oberstrass,47.38599,8.55144,Entire home/apt,,3,5,2018-12-30,0.04,1,0,0,
16238364,Stylish Zurich West flat with sunny terrace,8525630,1462769572279881674,Deniz,Kreis 10,Wipkingen,47.39346,8.52315,Entire home/apt,,3,15,2026-04-08,0.13,1,0,1,
16263857,Living & homeoffice at the oldtown (54),13570663,1462586915939629182,Residence Services Apartments,Kreis 1,Rathaus,47.37334,8.54261,Entire home/apt,0,2,379,2026-03-07,3.27,55,299,16,
16329215,Furnished renovated apartment in Zurich City,57254504,1465935864721056132,Deborah,Kreis 2,Wollishofen,47.3518,8.53141,Entire home/apt,,3,124,2020-01-01,1.08,1,1,0,
16390223,Cozy doubleroom in garden apartment - Kreis 7,43111694,1465640115238905142,Dolder Liegenschaften AG,Kreis 7,Witikon,47.35646,8.59978,Private room,0,10,5,2026-06-07,0.05,8,65,1,
16435353,Elegant Zurich apartment with view,62954320,1466777057137816700,Rakhal,Kreis 10,Höngg,47.39807,8.50663,Entire home/apt,,3,92,2024-10-02,0.83,9,0,0,
16662186,Cozy Apartment in Trendy Neighbourhood K9,31210969,1465459248267526831,Hristian,Kreis 9,Altstetten,47.3854,8.48369,Entire home/apt,0,5,0,,,1,24,0,
16735328,Cozy attic Loft - 10 min to HB,21667827,1463160914418810790,Lara,Kreis 6,Oberstrass,47.38338,8.55021,Entire home/apt,,270,20,2020-04-03,0.17,1,2,0,
16791727,"Downtown Penthouse Apartment, including Parking",1788253,1462578432107160277,Thierry,Kreis 4,Langstrasse,47.37455,8.52999,Entire home/apt,,1,498,2026-06-21,4.35,4,186,43,
16819240,"Executive 1BR flat, city center (Hammer 2)",23561865,1465274926504678242,Dimiter,Kreis 8,Weinegg,47.3596,8.55853,Entire home/apt,0,2,76,2026-04-05,0.66,145,12,14,
16940188,Gemütliche Wohnung am Stadtrand,110912825,1467340880111922372,Meisam,Kreis 2,Leimbach,47.33189,8.51459,Private room,0,2,5,2017-06-29,0.04,1,89,0,
17023300,"Room 6 - Toblerplatz, Zuriberg",40667302,1465605745221598258,Peter,Kreis 7,Fluntern,47.37816,8.55882,Private room,0,1,10,2019-12-05,0.09,14,90,0,
17083952,"Spacious 4BR/2BA home, 8’ walk to lake & old town",11210478,1462859603772119318,Patrick,Kreis 2,Enge,47.36657,8.52646,Entire home/apt,0,4,33,2026-01-04,0.38,1,9,5,
17094910,Wohnung mit grossem sonnigen Süd-Balkon/ 5' bis HB,16131162,1462979204066807526,Thomas,Kreis 9,Altstetten,47.38842,8.48265,Entire home/apt,0,1,0,,,1,363,0,
17261980,Lovely 1BR flat in the city center/lake (Mainau 2),23561865,1465274926504678242,Dimiter,Kreis 8,Mühlebach,47.36124,8.55203,Entire home/apt,0,1,66,2026-05-29,0.58,145,84,15,
17267151,Entire Villa in Central Zurich,113193480,1468170629084607258,Property Manager,Kreis 2,Wollishofen,47.34350113024594,8.531132698080256,Entire home/apt,,2,44,2026-05-25,0.41,2,316,10,
17343387,Coole Wohnung mit Kamin,60426462,1462745297631474033,Ge,Kreis 9,Altstetten,47.38883,8.48505,Private room,0,2,29,2026-06-25,0.29,1,8,1,
17429480,"Modern City apartment, 2 Bedroom, 2 bath",56024782,1465917654559717756,Arman Ali,Kreis 5,Escher Wyss,47.38656611886172,8.514403961598873,Entire home/apt,,1,0,,,1,363,0,
17471935,Standard Double Room,25291258,1465339493652327480,Delta Apartments,Kreis 3,Sihlfeld,47.375,8.515814781188965,Entire home/apt,0,1,73,2026-06-09,0.66,5,364,26,
17506390,"Apartment ""Doerfli 4"" in the Old Town",12886487,1462897903332723581,Stephanies,Kreis 1,Rathaus,47.37505,8.54372,Entire home/apt,,1,91,2026-06-10,0.83,99,312,11,
17529228,Stylish studio in the heart of Zurich,3509527,1462631266683569789,Norell,Kreis 3,Sihlfeld,47.3734,8.51927,Entire home/apt,0,3,49,2026-06-12,0.43,1,180,14,
17648054,"Central, cozy, renovated, 3.5 rooms, balcony",119947257,1462917327489746478,Patrick,Kreis 3,Alt-Wiedikon,47.35808,8.51953,Entire home/apt,,3,41,2026-05-24,0.37,1,0,6,
17706352,"Executive 1BR flat, city center (Hammer 3)",23561865,1465274926504678242,Dimiter,Kreis 8,Weinegg,47.3596,8.55853,Entire home/apt,,2,145,2025-12-15,1.30,145,0,7,
17739331,View/Zürich/OldTown/Limmat (41),13570663,1462586915939629182,Residence Services Apartments,Kreis 1,Rathaus,47.37208,8.54418,Entire home/apt,0,1,480,2026-06-15,4.27,55,283,70,
17854285,Charming 1BD flat / old town UZ1,23561865,1465274926504678242,Dimiter,Kreis 1,Rathaus,47.3718,8.54541,Entire home/apt,0,1,331,2026-05-23,3.00,145,28,18,
17915734,"Luxurious, cozy & sunny city apartment",122816440,1468244131487863249,Vanessa,Kreis 3,Alt-Wiedikon,47.36825,8.51757,Entire home/apt,,8,10,2018-07-29,0.09,1,0,0,
17918837,Vintage roof-apartment - 2 bedrooms - A/C,118154826,1468207498520422212,Peter,Kreis 11,Oerlikon,47.41037,8.53746,Entire home/apt,0,1,213,2026-06-21,1.91,1,15,24,
17954448,2.5 maisonette old town (from Oct2025 for 2 years),9145568,1462796051704023405,Tamara,Kreis 1,Hochschulen,47.37527,8.54577,Entire home/apt,0,180,0,,,1,358,0,
17969667,2BR flat close to lake/opera/city center (SF10),23561865,1465274926504678242,Dimiter,Kreis 8,Mühlebach,47.36356,8.54963,Entire home/apt,0,1,327,2026-06-15,2.92,145,80,48,
18031424,Bright room in calm area,65321890,1466807838474356259,Magalie,Kreis 10,Höngg,47.40434,8.50092,Private room,0,3,29,2026-06-24,0.26,1,25,6,
18178310,Spacious Apartment In Green Area,35415367,1465523244237631972,Rada,Kreis 3,Sihlfeld,47.37852,8.50683,Entire home/apt,,4,16,2023-07-20,0.15,1,0,0,
18233101,TWO ROOM (1BR) SERVICED APARTMENT IN ZURICH CITY,34541936,1465507726438345467,Strahinja,Kreis 4,Hard,47.37843,8.5141,Entire home/apt,0,1,432,2025-10-05,4.00,11,4,17,
18355296,"Comfortable Zurich Studio – Central, Workspace",58818657,1466704666219617003,Book A Home AG,Kreis 11,Affoltern,47.41888,8.5081,Entire home/apt,,5,15,2026-06-01,0.14,48,87,1,
18456292,Studio at famous Storchengasse (Stork 45),1314526,1462542542085520859,Giancarlo,Kreis 1,Lindenhof,47.37013,8.54174,Entire home/apt,0,1,49,2026-06-08,0.45,104,24,19,
18780797,"Double Room, private Bath, Hostel Zurich",130699837,1468309144909444302,Youth Hostel Zürich,Kreis 2,Wollishofen,47.34802,8.5278,Shared room,0,1,1,2018-07-30,0.01,1,231,0,
18966169,Airy and sunny room,4816094,1462537408571637912,Tina&Sasha,Kreis 10,Höngg,47.40861,8.49208,Private room,,3,9,2017-09-14,0.08,1,0,0,
18992578,Modern studio city center - Flower 12,1314526,1462542542085520859,Giancarlo,Kreis 8,Mühlebach,47.36173,8.55093,Entire home/apt,,2,0,,,104,0,0,
18993086,Amazing Penthouse - Flower 51,1314526,1462542542085520859,Giancarlo,Kreis 8,Seefeld,47.36229,8.54974,Entire home/apt,,2,31,2026-03-11,0.28,104,0,23,
19040977,Stunning central zürich apartment,3515231,1462631407377799086,Stéphane,Kreis 6,Unterstrass,47.37989,8.54331,Entire home/apt,,5,10,2023-10-29,0.09,1,0,0,
19061852,Nice 1BR flat in the city center (Crown 3),1314526,1462542542085520859,Giancarlo,Kreis 6,Unterstrass,47.38865,8.53772,Entire home/apt,0,1,73,2026-06-10,2.93,104,59,55,
19064159,Loft in the historical center (Symbol 4),1314526,1462542542085520859,Giancarlo,Kreis 1,Rathaus,47.3701,8.54436,Entire home/apt,0,1,33,2026-06-04,1.37,104,7,10,
19064424,Cozy 1BR near lake with balcony (Mill 4.22),1314526,1462542542085520859,Giancarlo,Kreis 8,Mühlebach,47.36273,8.55058,Entire home/apt,0,2,30,2026-06-11,1.22,104,21,16,
19133540,⭐️⭐️⭐️ Comfortable Apartment in the Center of Zurich,32320648,1465474675470140815,Marco,Kreis 4,Hard,47.38491,8.5092,Entire home/apt,,1,349,2026-06-14,3.23,1,102,44,
19152408,Designer Tower Apartment with view of Swiss Alps,2519342,1462597336293170648,Jules,Kreis 4,Hard,47.38006,8.51062,Entire home/apt,0,3,24,2025-09-10,0.22,1,24,1,
19205207,Exclusive 160m2 lake front penthouse,3698452,1462637350825312621,Jan,Kreis 8,Seefeld,47.36372,8.54594,Entire home/apt,,3,1,2017-07-05,0.01,1,0,0,
19220952,2 Bedroom Apartment with Balcony,90399530,1467093621434773257,Daniella,Kreis 3,Alt-Wiedikon,47.36031,8.51762,Entire home/apt,,1,97,2026-05-31,0.89,12,357,9,
19283462,"Styled, cozy, surrounded by nature",1738612,1462577142644437904,Marianne,Kreis 7,Witikon,47.36027,8.57639,Private room,0,3,13,2025-08-01,0.12,1,92,1,
19310604,Room in vintage apt in the heart of Zürich,28743148,1465424058998352617,Lizzie,Kreis 1,Lindenhof,47.37134,8.53983,Private room,,2,90,2019-08-29,0.83,1,0,0,
19359438,"Schöne, grosse Wohnung",135679340,1468351859514163444,Kim,Kreis 2,Wollishofen,47.33229,8.52819,Entire home/apt,,6,17,2023-08-11,0.16,1,0,0,
19449226,Modern 1 Bedroom Apartment with Roof Top Terrace,58818657,1466704666219617003,Book A Home AG,Kreis 11,Seebach,47.41504,8.5444,Entire home/apt,0,14,0,,,48,87,0,
19618198,Big Room Near City Center,18327045,1463052059586483419,Michal,Kreis 3,Sihlfeld,47.37319,8.51769,Private room,,5,2,2017-11-11,0.02,3,0,0,
19668762,Spacious 1BDR near Lake and Opera - Mill 3.11,1314526,1462542542085520859,Giancarlo,Kreis 8,Mühlebach,47.36384,8.55058,Entire home/apt,0,1,23,2026-05-29,0.21,104,167,18,
19678667,2 Bedroom Apartment with Garden View,90399530,1467093621434773257,Daniella,Kreis 3,Alt-Wiedikon,47.35996,8.51864,Entire home/apt,,1,54,2026-02-28,0.50,12,354,3,
19743179,"9 Min. von City/HB, kl. Zimmer in romant. Haus.",122070790,1468238582252404000,Sandra,Kreis 9,Albisrieden,47.36502,8.49349,Private room,0,1,306,2026-06-21,2.84,2,257,31,
19755371,Central & Quiet Design Gem | Trendy Wiedikon,139383423,1468381532037698384,Marina,Kreis 3,Sihlfeld,47.37099,8.51514,Entire home/apt,,1,382,2026-06-19,3.50,1,113,56,
19776405,Nice 1 BR flat city center / near lake (D7),23561865,1465274926504678242,Dimiter,Kreis 8,Seefeld,47.35721,8.5547,Entire home/apt,,2,190,2026-06-12,1.74,145,0,15,
19794268,A room in home away from home,139789330,1468384600889773653,Irene,Kreis 11,Seebach,47.41752,8.53708,Private room,1,1,120,2023-05-01,1.10,1,6,0,
19904561,Artist flat in trendy Wiedikon,10017243,1462572283864609295,Andrea,Kreis 3,Sihlfeld,47.37499,8.51567,Private room,0,1,109,2026-06-14,1.11,1,256,16,
19929239,"very centrally located, very quiet and  green",36603309,1465545178850502882,Carmen,Kreis 6,Oberstrass,47.38632,8.54832,Entire home/apt,,4,38,2026-06-01,0.45,1,325,10,
20025745,Charming Apartment in the heart of ZH-Oerlikon,58818657,1466704666219617003,Book A Home AG,Kreis 11,Seebach,47.41504,8.5444,Entire home/apt,,7,2,2026-05-26,0.08,48,87,1,
20079919,Limmatquai River View Apartment With Terrace,475053,1462519309454418320,James,Kreis 1,Rathaus,47.37338,8.54301,Entire home/apt,,1,45,2026-05-31,0.41,14,332,7,
20098001,Designer room in the core of Zurich Center,2614674,1462525268831153781,Etienne,Kreis 2,Enge,47.36398,8.52595,Private room,,1,2,2020-01-01,0.02,1,0,0,
20182402,Cosy 2 room apt right at Zurich main station,21628199,1463159936863541446,Andreas,Kreis 5,Gewerbeschule,47.38016,8.53652,Entire home/apt,,6,25,2026-05-27,0.23,1,0,2,
20246499,Spacious and comfy Room in Wipkingen,17880389,1463031126542693084,Vanessa,Kreis 10,Wipkingen,47.39434,8.52665,Private room,,1,311,2019-11-03,2.87,1,0,0,
20349682,"1 Bedroom Serviced Apartment, Seefeld",24506494,1465305511219168260,EMA House,Kreis 8,Seefeld,47.36111,8.55034,Entire home/apt,,3,6,2026-06-20,0.09,19,353,2,
20397857,Urban 2.5 rooms Bachelor pad with big balcony,77707366,1466952586243670075,Patrick,Kreis 9,Altstetten,47.38273,8.49469,Entire home/apt,0,3,106,2024-10-31,1.01,1,4,0,
20429590,Penthouse Mainau,96690844,1467164812218102688,Bernhard,Kreis 8,Seefeld,47.35975,8.54879,Entire home/apt,0,3,40,2026-02-27,0.37,1,309,8,
20621446,Zurich Loft | Central Design Apartment,26784112,1465382219291106983,Zurich Loft | Central Design Apartment,Kreis 11,Seebach,47.41562,8.54671,Entire home/apt,,3,129,2026-06-17,1.25,1,216,5,
20636301,Spacious apartment just behind the railway station,66592862,1462772196521468652,Martin,Kreis 5,Gewerbeschule,47.38136,8.53346,Entire home/apt,0,4,214,2026-05-27,2.01,2,271,11,
20676422,"TOP City Wohnung

bis 180 Tage",147944640,1468449830350453932,Paul,Kreis 4,Langstrasse,47.37769317626953,8.521636009216309,Entire home/apt,,50,5,2024-04-25,0.06,1,10,0,
20779394,Zurich Wiedikon lovely & cosy apartment -Rooftop-,1224221,1462540156451009188,Janet,Kreis 3,Alt-Wiedikon,47.3655,8.52029,Private room,,3,61,2019-11-14,0.57,1,0,0,
20779854,"Enjoy Zurich:super central, Bellevue and Zurilake",38078303,1465569844209859949,Rozalina,Kreis 8,Mühlebach,47.35579,8.55794,Entire home/apt,0,20,7,2025-01-01,0.07,1,133,0,
20830377,Single family 4 bedroom house with lakeview,53324682,1465866492217882121,Karen,Kreis 2,Wollishofen,47.33865,8.53453,Entire home/apt,,5,7,2018-08-22,0.07,1,0,0,
20977621,1 Zimmer,150950946,1468483539456274133,Rodriguez,Kreis 10,Höngg,47.40515,8.50098,Private room,0,1,81,2026-06-14,1.95,3,67,14,
20992774,Forrest side Apartment,151111609,1468484812805335913,Ruth,Kreis 10,Wipkingen,47.39507,8.52426,Entire home/apt,,50,2,2019-02-23,0.02,1,0,0,
21086485,Nice 2BD flat city center / near FIFA - Wille 3,23561865,1465274926504678242,Dimiter,Kreis 2,Enge,47.36376,8.53257,Entire home/apt,0,1,111,2026-06-07,1.05,145,6,37,
21109761,"Lovely apartment close to city Center, ETH & Uni",35801482,1465529176233922517,Sebastian,Kreis 7,Fluntern,47.37947,8.55399,Entire home/apt,,2,430,2026-06-20,4.07,1,197,67,
21170147,Charming and cozy apartment in Zurich Wipkingen,2582493,1462599302933871115,Maike Stern,Kreis 10,Wipkingen,47.39264,8.53402,Entire home/apt,,6,5,2023-12-31,0.05,1,0,0,
21235902,"Sunny, furbished business appartment",6556129,1462709435221240361,Martin,Kreis 3,Sihlfeld,47.37072,8.51771,Entire home/apt,,45,0,,,1,0,0,
21294062,Stadt Zürich-gemütliches Studio 4207,564859566,1698735279012732542,Apartments Zuerich,Kreis 4,Hard,47.3803,8.50703,Entire home/apt,0,1,293,2026-06-21,2.77,15,345,20,
21381593,"Bright, spacious room with large loggia",29950378,1465441286268448973,Maximilian,Kreis 9,Albisrieden,47.37183,8.4958,Private room,,4,31,2020-01-02,0.29,1,0,0,
21466718,Bright 1 BR flat (Parkview 1),23561865,1465274926504678242,Dimiter,Kreis 7,Hottingen,47.36626,8.55394,Entire home/apt,0,1,126,2026-06-03,1.20,145,122,8,
21468955,"STADTHAUS exklusiv & gemütlich, 5 Zimmer, 2 Gärten",3092677,1462618171728428716,Diego,Kreis 9,Altstetten,47.38403,8.49748,Entire home/apt,,4,6,2024-08-03,0.06,2,0,0,
21497605,GDN Apartment 4,3072679,1462617657070318243,Felix,Kreis 10,Wipkingen,47.39376,8.53007,Entire home/apt,,30,6,2020-04-05,0.06,5,364,0,
21542690,"Very beautiful, large apartment, free parking",40915235,1465608984069402786,Kathrin,Kreis 7,Witikon,47.35633,8.6062,Entire home/apt,0,3,196,2026-06-19,1.90,1,309,30,
21589639,Amazing 2BR near Lake - Flower 33,1314526,1462542542085520859,Giancarlo,Kreis 8,Mühlebach,47.36143,8.55135,Entire home/apt,0,2,27,2026-06-15,1.43,104,15,20,
21590306,Fantastic 3BR near Lake - Pabs 4,1314526,1462542542085520859,Giancarlo,Kreis 8,Mühlebach,47.36082,8.55276,Entire home/apt,0,2,5,2025-12-20,0.26,104,7,3,
21683562,Modern & Luminous Apt | Parking | Public Transport,95574776,1467151625096729976,Maximiliano,Kreis 3,Friesenberg,47.3663,8.50171,Entire home/apt,,30,0,,,1,81,0,
21760290,Amazing Central Studio - Crown 32,1314526,1462542542085520859,Giancarlo,Kreis 6,Unterstrass,47.38807,8.53739,Entire home/apt,,2,24,2026-01-02,1.28,104,233,18,
21760542,Spacious studio with balcony (Vineyard 71),1314526,1462542542085520859,Giancarlo,Kreis 6,Unterstrass,47.38035,8.54372,Entire home/apt,,2,63,2026-06-08,2.53,104,0,36,
21761038,2BR near lake (Flower 23),1314526,1462542542085520859,Giancarlo,Kreis 8,Seefeld,47.36065,8.55136,Entire home/apt,0,1,34,2026-06-04,2.00,104,17,22,
21764617,"Perfect location near the airport,transport outdor",68462821,1462787650332757370,Vincenzo,Kreis 11,Oerlikon,47.40726,8.55132,Private room,0,20,99,2020-10-31,0.95,1,365,0,
21823543,3 Room (2BR) Serviced Apartment Zurich city,34541936,1465507726438345467,Strahinja,Kreis 4,Hard,47.37853,8.51395,Entire home/apt,,1,441,2026-06-29,4.23,11,0,27,
21890929,Executive 1BD flat / city center (Hösch 4),23561865,1465274926504678242,Dimiter,Kreis 8,Seefeld,47.35733,8.55358,Entire home/apt,,2,120,2026-05-18,1.16,145,0,9,
22023471,Best area at the lake,13570663,1462586915939629182,Residence Services Apartments,Kreis 8,Mühlebach,47.34968393495061,8.56254923143869,Entire home/apt,0,2,109,2026-06-04,1.04,55,255,16,
22137695,2 room (1BR) Apartment Zurich City,34541936,1465507726438345467,Strahinja,Kreis 4,Hard,47.37843,8.5141,Entire home/apt,,1,564,2026-06-21,5.42,11,3,35,
22216757,Central Old Town with Rare Terrace & River Views,112060310,1467353572066099423,Ruxandra,Kreis 1,Rathaus,47.37566,8.54262,Entire home/apt,0,1,50,2026-06-17,4.95,1,117,50,
22261444,"Relax and enjoy ""Little big city Zürich"".",8061776,1462748163379360629,Salvia,Kreis 2,Wollishofen,47.33019,8.53608,Private room,,2,4,2023-07-24,0.04,3,0,0,
22323761,"Downtown Duplex Apartment (140m2), incl. Parking",1788253,1462578432107160277,Thierry,Kreis 4,Langstrasse,47.37455,8.52999,Entire home/apt,1,1,382,2026-05-30,3.69,4,196,17,
22364826,Your own apartment in Zurich center,3387193,1462627406803627054,Dorothea,Kreis 6,Oberstrass,47.37793,8.54704,Entire home/apt,0,1,530,2026-06-25,5.12,1,23,90,
22445392,1BR near lake (Joy),1314526,1462542542085520859,Giancarlo,Kreis 8,Seefeld,47.3558,8.55615,Entire home/apt,0,1,15,2026-05-16,0.15,104,51,9,
22566124,Schöne Dachwohnung in der Stadt Zürich,165835749,1468609165977568125,Larissa,Kreis 3,Sihlfeld,47.37134,8.52032,Private room,,365,10,2018-04-02,0.10,1,268,0,
22603157,Luxury Downtown Penthouse Duplex Apartment,1788253,1462578432107160277,Thierry,Kreis 4,Langstrasse,47.37455,8.52999,Entire home/apt,,1,56,2025-07-16,0.56,4,259,1,
22607990,Design Studio mit Balkon,58818657,1466704666219617003,Book A Home AG,Kreis 6,Unterstrass,47.38862228393555,8.54399299621582,Entire home/apt,0,7,11,2025-09-29,0.13,48,52,3,
22608055,Design Studio mit Balkon,58818657,1466704666219617003,Book A Home AG,Kreis 6,Oberstrass,47.382244405114754,8.547447681427007,Entire home/apt,0,7,2,2025-08-13,0.18,48,75,2,
22608164,"Comfortable Zurich Studio – Central, Workspace",58818657,1466704666219617003,Book A Home AG,Kreis 11,Affoltern,47.41887,8.50807,Entire home/apt,0,7,0,,,48,87,0,
22608276,"Comfortable Zurich Studio – Central, Workspace",58818657,1466704666219617003,Book A Home AG,Kreis 11,Affoltern,47.41887,8.50807,Entire home/apt,0,7,0,,,48,87,0,
22608468,"Comfortable Zurich Studio – Central, Workspace",58818657,1466704666219617003,Book A Home AG,Kreis 11,Affoltern,47.42287,8.51473,Entire home/apt,,7,1,2026-05-27,0.86,48,87,1,
22608555,"Comfortable Zurich Studio – Central, Workspace",58818657,1466704666219617003,Book A Home AG,Kreis 11,Affoltern,47.41887,8.50807,Entire home/apt,,7,6,2024-07-16,0.12,48,83,0,
22608635,"Comfortable Zurich Studio – Central, Workspace",58818657,1466704666219617003,Book A Home AG,Kreis 11,Affoltern,47.42287,8.51473,Entire home/apt,0,7,0,,,48,87,0,
22608669,"Comfortable Zurich Studio – Central, Workspace",58818657,1466704666219617003,Book A Home AG,Kreis 11,Affoltern,47.41887,8.50807,Entire home/apt,0,7,1,2020-01-16,0.01,48,87,0,
22608722,"Comfortable Zurich Studio – Central, Workspace",58818657,1466704666219617003,Book A Home AG,Kreis 11,Affoltern,47.422874450683594,8.514734268188477,Entire home/apt,0,7,0,,,48,87,0,
22609744,"Comfortable Zurich Studio – Central, Workspace",58818657,1466704666219617003,Book A Home AG,Kreis 11,Affoltern,47.41887,8.50807,Entire home/apt,0,7,0,,,48,87,0,
22609774,"Comfortable Zurich Studio – Central, Workspace",58818657,1466704666219617003,Book A Home AG,Kreis 11,Affoltern,47.42287,8.51473,Entire home/apt,0,7,0,,,48,87,0,
22609828,"Comfortable Zurich Studio – Central, Workspace",58818657,1466704666219617003,Book A Home AG,Kreis 11,Affoltern,47.41887,8.50807,Entire home/apt,0,7,1,2019-08-11,0.01,48,87,0,
22609860,"Comfortable Zurich Studio – Central, Workspace",58818657,1466704666219617003,Book A Home AG,Kreis 11,Affoltern,47.42287,8.51473,Entire home/apt,0,7,1,2018-10-15,0.01,48,87,0,
22609894,"Comfortable Zurich Studio – Central, Workspace",58818657,1466704666219617003,Book A Home AG,Kreis 11,Affoltern,47.42287,8.51473,Entire home/apt,0,7,5,2019-09-17,0.05,48,87,0,
22609939,"Comfortable Zurich Studio – Central, Workspace",58818657,1466704666219617003,Book A Home AG,Kreis 11,Affoltern,47.42287,8.51473,Entire home/apt,0,7,0,,,48,87,0,
22609983,"Comfortable Zurich Studio – Central, Workspace",58818657,1466704666219617003,Book A Home AG,Kreis 11,Affoltern,47.41887,8.50807,Entire home/apt,0,7,0,,,48,87,0,
22610019,"Comfortable Zurich Studio – Central, Workspace",58818657,1466704666219617003,Book A Home AG,Kreis 11,Affoltern,47.41887,8.50807,Entire home/apt,0,7,0,,,48,71,0,
22611779,Easy Two Bedroom Apartment,58818657,1466704666219617003,Book A Home AG,Kreis 11,Affoltern,47.422874450683594,8.514734268188477,Entire home/apt,0,7,6,2025-09-12,0.18,48,74,2,
22612724,Budget 2 Bedroom Apartment in central location,58818657,1466704666219617003,Book A Home AG,Kreis 11,Seebach,47.4202,8.54892,Entire home/apt,0,7,2,2024-07-11,0.02,48,87,0,
22612904,Budget 1 Bedroom Apartment in central location,58818657,1466704666219617003,Book A Home AG,Kreis 11,Seebach,47.4202,8.54892,Entire home/apt,0,7,1,2024-05-06,0.04,48,87,0,
22613030,Budget 1 Bedroom Apartment in central location,58818657,1466704666219617003,Book A Home AG,Kreis 11,Seebach,47.4202,8.549,Entire home/apt,0,7,2,2026-06-12,0.16,48,182,2,
22694368,White Riviera House: Luxury Penthouse & Lake View,1509492,1462547766642927685,Nina Alexandra,Kreis 2,Wollishofen,47.33783,8.5393,Entire home/apt,0,1,4,2026-01-01,0.16,3,364,1,
22756581,"Zurich - spacious, elegant & bright 3-Br/3-ba Apt.",2616961,1462602912846622004,Crista,Kreis 7,Hottingen,47.36785,8.55794,Entire home/apt,0,14,2,2023-05-17,0.02,1,163,0,
22768705,Black Tower Apartment,16252200,1462982251824693397,Alexander,Kreis 5,Escher Wyss,47.38849,8.52464,Entire home/apt,,2,12,2026-05-31,0.12,1,3,3,
23035346,New ! Luxury studio with spectacular views !,13570663,1462586915939629182,Residence Services Apartments,Kreis 1,Rathaus,47.37186,8.54224,Entire home/apt,0,2,175,2026-06-18,1.71,55,304,56,
23047265,Studio nahe Letzigrund und Albisriederplatz 4206,564859566,1698735279012732542,Apartments Zuerich,Kreis 4,Hard,47.38109,8.5059,Entire home/apt,0,1,197,2026-06-05,1.93,15,347,22,
23322898,Le Bijou Lintheschergasse / Zurich HB 1st floor,475053,1462519309454418320,James,Kreis 1,City,47.37682,8.53883,Entire home/apt,,1,141,2026-06-23,1.59,14,343,29,
23323768,Le Bijou Lintheschergasse / Zurich HB 3rd floor,475053,1462519309454418320,James,Kreis 1,City,47.37784,8.53784,Entire home/apt,,1,69,2026-06-02,0.76,14,358,15,
23324274,Le Bijou Lintheschergasse / Zurich HB 2nd floor,475053,1462519309454418320,James,Kreis 1,City,47.37761,8.53823,Entire home/apt,,1,66,2026-05-07,0.73,14,351,9,
23325594,Le Bijou Lintheschergasse / Zurich HB 4th floor,475053,1462519309454418320,James,Kreis 1,City,47.37727,8.53973,Entire home/apt,,1,108,2026-06-18,1.18,14,357,20,
23422713,Room Manesse 3,174690521,1468694627946840738,Michael,Kreis 3,Alt-Wiedikon,47.36691,8.52116,Private room,1,1,448,2026-06-23,4.41,3,314,57,
23424207,Room Manesse 1,174690521,1468694627946840738,Michael,Kreis 3,Alt-Wiedikon,47.36643,8.51944,Private room,1,1,366,2026-06-16,3.61,3,324,55,
23445727,Big Attic Apartment Zurich City,34541936,1465507726438345467,Strahinja,Kreis 4,Hard,47.37843,8.5141,Entire home/apt,,1,532,2026-06-19,5.26,11,1,47,
23477793,Stylish apartment in trendy Kreis 5,22424188,1463179404963940480,Natalia,Kreis 5,Gewerbeschule,47.38389,8.52853,Entire home/apt,,4,8,2023-04-15,0.08,1,0,0,
23492726,Cozy 2 room (1BR) Apartment in Zurich City,34541936,1465507726438345467,Strahinja,Kreis 4,Hard,47.379,8.51521,Entire home/apt,,1,477,2026-05-28,4.71,11,4,33,
23532672,THE FLAG Zurich - Business Apartment in Altstetten,175646878,1468702909837248846,Felix,Kreis 9,Altstetten,47.38737,8.49405,Private room,0,1,266,2026-05-17,2.87,8,332,4,
23666044,Apartment for rent 4 km from the main station,41145466,1465612159149265855,Rodrigo,Kreis 9,Albisrieden,47.37766,8.48344,Entire home/apt,0,4,1,2024-07-18,0.04,1,46,0,
23738232,Sunny and bright flat middle of Zürich,8635618,1462772446112366496,Ana Marija,Kreis 4,Werd,47.37072,8.52746,Entire home/apt,0,2,10,2024-09-13,0.10,1,211,0,
23833072,Cosy apartment + balcony in vibrant ZH Altstetten,2545062,1462598030925893507,Jean-Baptiste,Kreis 9,Altstetten,47.391,8.48807,Entire home/apt,0,2,2,2026-06-01,1.33,1,82,2,
23867310,3 ROOM (2BR) APARTMENT Zurich City,34541936,1465507726438345467,Strahinja,Kreis 4,Hard,47.37754,8.51455,Entire home/apt,,1,365,2026-06-28,3.63,11,4,23,
23868386,### LUXURY City-Apartment ###,71504709,1466884201804780355,Jens,Kreis 7,Hottingen,47.36746,8.5577,Entire home/apt,,2,141,2021-01-01,1.40,1,0,0,
23890113,Zurich chic loft perfect for business or leisure,179524544,1463072529389086282,Rachelle,Kreis 6,Unterstrass,47.40103,8.54434,Entire home/apt,,4,69,2025-09-30,0.69,1,266,1,
24054809,"CityStudio: Self-Check-in, zentral 4102",564859566,1698735279012732542,Apartments Zuerich,Kreis 3,Sihlfeld,47.37912,8.50647,Entire home/apt,0,1,325,2026-05-24,3.24,15,362,7,
24193619,"Zentrale, moderne Attikawohnung mit Dachterrrassen",142597918,1468407563208912719,Micaela,Kreis 11,Oerlikon,47.40875,8.54568,Entire home/apt,,4,20,2024-06-12,0.20,1,3,0,
24256245,Room in Kreis 3,8410320,1462565104019876993,André,Kreis 3,Alt-Wiedikon,47.3686,8.51094,Private room,0,7,5,2024-07-21,0.06,1,87,0,
24366384,"Erleben Sie Zürich, Apart. 03",84830246,1467023971865534936,Bandula,Kreis 4,Langstrasse,47.38221,8.52827,Entire home/apt,,1,94,2020-03-01,0.94,6,0,0,
24515415,"Zentral in der Limmatstadt Zürich,  Apart. 01",84830246,1467023971865534936,Bandula,Kreis 4,Langstrasse,47.38172,8.52865,Entire home/apt,,1,64,2020-10-02,0.65,6,0,0,
24566855,"Erlebe die Vielfalt von Zürich,  Apart. 04",84830246,1467023971865534936,Bandula,Kreis 5,Gewerbeschule,47.38363,8.52889,Entire home/apt,,1,70,2020-03-06,0.70,6,0,0,
24688807,Room 2 - Double room with balcony w shared b/k,40667302,1465605745221598258,Peter,Kreis 7,Fluntern,47.37957,8.56016,Private room,0,2,14,2025-06-10,0.14,14,124,0,
24744786,Very spacious studio with balcony (Parkview 2),23561865,1465274926504678242,Dimiter,Kreis 7,Hottingen,47.36611,8.55402,Entire home/apt,0,2,132,2026-06-17,1.35,145,99,14,
24768262,Comfort apartment in Zurich. Close to tram.,47315876,1465713303204422471,Jakub,Kreis 9,Albisrieden,47.36939,8.49282,Entire home/apt,,6,24,2022-09-26,0.24,1,0,0,
24787409,Room for 2 in Apartment near the lake.,17781166,1463028864618399697,Moeen,Kreis 2,Wollishofen,47.34081,8.52944,Private room,0,1,1,2018-09-16,0.01,1,179,0,
24802237,"bright,modern & spacious room in the heartofZürich",12150076,1462581352345532165,Debi,Kreis 7,Hirslanden,47.3642,8.55754,Private room,0,14,17,2026-02-20,0.18,1,88,1,
24878068,"Short-term apartment, two blocks from Lake Zurich",126275617,1468271404915571507,C,Kreis 8,Weinegg,47.36287,8.55725,Entire home/apt,,30,5,2021-07-27,0.08,1,0,0,
24878943,2.5 room perfectly located and fully equipped,1148352,1462538250867280421,Yilmaz,Kreis 10,Höngg,47.40411,8.48395,Entire home/apt,,21,5,2018-12-21,0.05,1,0,0,
24925488,Comfortable room in Zurich - Oerlikon,186399063,1468964550015841146,Josie,Kreis 11,Oerlikon,47.41257,8.54556,Private room,0,3,4,2019-09-06,0.04,2,362,0,
25072390,3 Room Flat in Zürich‘s top central location,163720139,1468592973204101421,Daniel,Kreis 7,Hirslanden,47.36388,8.55985,Entire home/apt,0,1,183,2026-06-24,2.09,1,251,29,
25182723,Stadt Zürich- gemütliches Zimmer (4),564859566,1698735279012732542,Apartments Zuerich,Kreis 9,Altstetten,47.38105,8.48223,Private room,0,11,28,2026-03-31,0.29,15,271,2,
25222128,"Geniessen Sie die Vielfalt von Zürich,  Apart. 02",84830246,1467023971865534936,Bandula,Kreis 5,Gewerbeschule,47.38206,8.52983,Entire home/apt,,2,3,2019-09-19,0.03,6,0,0,
25272988,Cosy furnished studio in Zurich Altstetten,7003536,1462721045923900705,Judy,Kreis 9,Altstetten,47.38319,8.48457,Entire home/apt,,15,37,2026-05-25,0.38,1,0,7,
25424250,Nice room. Close to Irchel Uni.,191920583,1468997568367295855,Henri,Kreis 6,Unterstrass,47.39394,8.54045,Private room,,3,19,2025-09-14,0.19,1,0,2,
25436446,"Cosy, beautiful room. Suitable for home office.",14673570,1462591173969132911,Paula,Kreis 9,Altstetten,47.3884,8.48232,Private room,0,2,65,2026-06-12,1.11,1,168,14,
25716104,"Zürich wartet auf Sie, Apart. 05",84830246,1467023971865534936,Bandula,Kreis 4,Langstrasse,47.38191,8.52821,Entire home/apt,,1,95,2020-03-17,0.97,6,0,0,
25878304,Cozy room in Zürich,193189750,1469005146517582753,Jelena,Kreis 3,Friesenberg,47.36876,8.50527,Private room,,1,47,2023-11-15,0.48,1,0,0,
25995484,"Romantic garden view, calm & stylish",9220328,1462568608509761260,Duri,Kreis 6,Oberstrass,47.391,8.5478,Entire home/apt,0,3,209,2026-06-14,2.13,3,242,18,
26006157,"Historic, calm & stylish",9220328,1462568608509761260,Duri,Kreis 6,Oberstrass,47.391,8.5478,Entire home/apt,0,3,167,2026-06-01,1.71,3,333,18,
26046317,Suite in Private Apartment near Zurich Bellevue,2769325,1462607745760511278,Simon,Kreis 8,Seefeld,47.35613,8.55407,Private room,,2,154,2024-09-04,1.58,1,0,0,
26142789,Best address in quiet area with great views (F/W1),13570663,1462586915939629182,Residence Services Apartments,Kreis 1,Lindenhof,47.37227,8.54094,Entire home/apt,0,2,64,2025-07-09,0.66,55,333,2,
26195945,"Zurich Old Town, Studio - exclusive",58977221,1462741480836595323,Trudi,Kreis 1,Rathaus,47.36939,8.54563,Private room,0,2,79,2026-01-27,0.82,2,265,2,
26223531,beautiful big Private room,197027500,1463134185115305453,Anouar,Kreis 7,Hirslanden,47.360641326451876,8.563391589214765,Private room,0,25,55,2026-06-01,0.56,1,31,3,
26414826,Central & cosy apartment in calm area,198265997,1463136657151989450,Mia,Kreis 7,Hottingen,47.36595,8.55036,Entire home/apt,0,3,5,2023-12-10,0.05,4,90,0,
26417842,Cosy & quiet studio in peaceful area,198265997,1463136657151989450,Mia,Kreis 7,Hottingen,47.36593,8.55072,Entire home/apt,0,2,6,2024-11-08,0.06,4,85,0,
26524803,Room 5 min from Oerlikon train station,178534905,1468726076589101660,Nana,Kreis 11,Affoltern,47.41633,8.5294,Private room,,1,30,2026-02-05,0.37,1,148,11,
26651254,Private bright room for August in Höngg,16890683,1462997381862126625,Francesco,Kreis 10,Höngg,47.40486,8.49168,Private room,,15,0,,,1,162,0,
26702871,newly renovated apartment in the heart of Zurich,12569223,1462890737226478931,Felix,Kreis 10,Wipkingen,47.39434,8.53226,Entire home/apt,,5,2,2025-07-27,0.13,1,0,1,
26703120,Stylish Apartment on restaurant street yet quiet,185739676,1468960712141540980,Chinedu Osben,Kreis 5,Gewerbeschule,47.3842,8.52824,Entire home/apt,,13,9,2021-06-05,0.11,1,0,0,
26703294,B&BVillaZurichberg,94601949,1462858300617449727,Judy,Kreis 7,Hottingen,47.37624,8.56742,Entire home/apt,,1,269,2026-05-30,2.78,6,347,6,
26812516,Cosy room in a loft with a terrace and own balcony,13365928,1462909528045433541,Maher,Kreis 2,Enge,47.36055,8.52684,Private room,,2,143,2026-06-01,1.50,3,54,20,
26954275,Cosy Zurich studio,11254267,1462860630720076040,Sabrina,Kreis 2,Enge,47.35972,8.5283,Entire home/apt,,2,14,2024-09-20,0.46,1,0,0,
26954506,"2 Room flat, nice and quiet with balcony",3708465,1462637599121617987,Jan,Kreis 3,Alt-Wiedikon,47.3646,8.51839,Entire home/apt,,30,5,2025-05-19,0.06,1,0,0,
27130790,"Lovely Family Apartment, 15min from Downtown!",10275115,1462836168677018306,Michael,Kreis 3,Sihlfeld,47.37073,8.5059,Entire home/apt,0,6,7,2025-10-18,0.08,1,109,3,
27144951,Brandnew studio-suite with balcony,13570663,1462586915939629182,Residence Services Apartments,Kreis 8,Seefeld,47.3574,8.55399,Entire home/apt,,2,175,2026-05-29,1.84,55,329,16,
27400610,Spacious Studio | City Area | Near Zurich HB,15038541,1462952751435789724,GEMINI Zurich Apartments,Kreis 4,Werd,47.3737149,8.5219012,Entire home/apt,0,1,516,2026-06-19,5.38,17,51,51,
27412907,2 room (1BR) flat Zurich City,34541936,1465507726438345467,Strahinja,Kreis 4,Hard,47.37955,8.51479,Entire home/apt,0,1,439,2026-06-21,4.56,11,4,39,
27497241,Beautiful Apartment in Zürich,6259816,1462701944755059595,Sebastian,Kreis 10,Wipkingen,47.39597,8.52329,Entire home/apt,0,1,24,2026-05-31,0.25,1,4,2,
27519163,"Neue moderne 2.5 Zimmer Wohnung, inkl. Parkplatz",80190516,1466977922785031477,Pascal,Kreis 11,Seebach,47.42487,8.54513,Entire home/apt,,4,7,2024-11-03,0.07,1,0,0,
27595070,"Studio Apartment ""Limmat 4"" in the heart of Zurich",12886487,1462897903332723581,Stephanies,Kreis 1,Rathaus,47.37432,8.54336,Entire home/apt,0,1,114,2026-06-26,1.33,99,320,17,
27596262,ZH Tiger - Altstetten HITrental Apartment,12886487,1462897903332723581,Stephanies,Kreis 9,Altstetten,47.38478,8.4922,Entire home/apt,0,1,10,2025-08-08,0.11,99,329,1,
27596263,ZH Tiger I - Altstetten HITrental Apartment,12886487,1462897903332723581,Stephanies,Kreis 9,Altstetten,47.38554,8.49315,Entire home/apt,,1,7,2025-04-22,0.08,99,285,0,
27596264,ZH Tiger II - Altstetten HITrental Apartment,12886487,1462897903332723581,Stephanies,Kreis 9,Altstetten,47.38537,8.49383,Entire home/apt,0,1,2,2021-11-18,0.03,99,209,0,
27596266,ZH Jaguar - Altstetten HITrental Apartment,12886487,1462897903332723581,Stephanies,Kreis 9,Altstetten,47.38505,8.49212,Entire home/apt,,1,12,2022-10-26,0.13,99,362,0,
27596267,ZH Tiger III - Altstetten HITrental Apartment,12886487,1462897903332723581,Stephanies,Kreis 9,Altstetten,47.3861,8.49216,Entire home/apt,,1,4,2024-08-04,0.05,99,121,0,
27596269,ZH Jaguar I - Altstetten HITrental Apartment,12886487,1462897903332723581,Stephanies,Kreis 9,Altstetten,47.38683,8.49384,Entire home/apt,,1,6,2025-08-03,0.14,99,303,2,
27596270,ZH Jaguar III - Altstetten HITrental Apartment,12886487,1462897903332723581,Stephanies,Kreis 9,Altstetten,47.38504,8.49306,Entire home/apt,0,1,7,2026-05-03,0.09,99,309,2,
27596271,ZH Jaguar II - Altstetten HITrental Apartment,12886487,1462897903332723581,Stephanies,Kreis 9,Altstetten,47.38487,8.49385,Entire home/apt,,1,10,2023-05-23,0.11,99,3,0,
27596273,ZH Lion - Altstetten HITrental Apartment,12886487,1462897903332723581,Stephanies,Kreis 9,Altstetten,47.3863,8.49256,Entire home/apt,,1,21,2023-12-27,0.23,99,0,0,
27596274,ZH Lion I - Altstetten HITrental Apartment,12886487,1462897903332723581,Stephanies,Kreis 9,Altstetten,47.38551,8.49346,Entire home/apt,,1,6,2024-01-05,0.07,99,181,0,
27596275,ZH Lion II - Altstetten HITrental Apartment,12886487,1462897903332723581,Stephanies,Kreis 9,Altstetten,47.38516,8.49245,Entire home/apt,,1,0,,,99,0,0,
27596279,ZH Lion III - Altstetten HITrental Apartment,12886487,1462897903332723581,Stephanies,Kreis 9,Altstetten,47.38547,8.49205,Entire home/apt,0,1,3,2024-09-25,0.11,99,291,0,
27607825,"Centrally located, Spacious Modern Apartment",67017419,1462773291235833480,Himanshu And Vishvala,Kreis 10,Höngg,47.39916,8.50557,Entire home/apt,0,3,48,2026-01-01,0.50,1,185,1,
27655386,Villa Kunterbunt,208638787,1469088449331388818,Ursula,Kreis 11,Oerlikon,47.40755,8.53746,Private room,0,1,2,2024-07-10,0.04,1,270,0,
27833401,Cozy room with nice view & relax atmosphere,8053883,1462748002158900516,Marie,Kreis 7,Hirslanden,47.36021,8.56973,Private room,0,1,110,2026-05-30,1.15,1,79,12,
27841494,Zürich Wohnung,210237775,1469097002597709071,Karin,Kreis 9,Altstetten,47.38772,8.48646,Entire home/apt,0,2,12,2025-12-01,0.13,1,77,1,
27890435,Cheapest bed in Zürich,13161605,1462585304693693205,Jakub Henryk,Kreis 11,Affoltern,47.41319855079748,8.518040376836865,Entire home/apt,,1,50,2026-06-16,0.53,1,0,7,
27894926,Gästezimmer in Zürich Oerlikon,108241939,1467311562175513962,Olivier,Kreis 12,Saatlen,47.41465,8.56029,Private room,,1,25,2020-11-18,0.26,1,0,0,
27898567,Queenroom with Balcony&Lakeview,94601949,1462858300617449727,Judy,Kreis 7,Fluntern,47.37672,8.56673,Private room,0,1,49,2026-05-28,0.51,6,82,6,
27913090,make yourself at home in the middle of Zürich,74862421,1466921012863084473,Sabrina,Kreis 5,Gewerbeschule,47.38495,8.52821,Entire home/apt,0,4,13,2023-12-24,0.30,1,151,0,
27986363,Beautiful room with terrace in a loft,13365928,1462909528045433541,Maher,Kreis 2,Enge,47.3619,8.52566,Private room,,3,135,2026-06-07,1.42,3,54,19,
28049209,Neat and bright 1-bedroom apartment,9535996,1462816657524244014,Franz,Kreis 9,Albisrieden,47.38139,8.49768,Entire home/apt,,7,20,2025-11-06,0.21,1,0,4,
28061232,"Close to public transportation, convenient (2.)",3592245,1462633323058971547,Fabio,Kreis 6,Unterstrass,47.39961,8.54107,Private room,,2,28,2026-01-28,0.31,4,183,4,
28196760,large and modern apartment in the heart of Zurich!,7968465,1462745829761883742,Mirjam,Kreis 4,Langstrasse,47.37796,8.52176,Entire home/apt,,4,27,2023-07-28,0.28,1,0,0,
28234456,Family Suite 44qm ²  (3.3),13570663,1462586915939629182,Residence Services Apartments,Kreis 8,Seefeld,47.3588,8.55338,Entire home/apt,,2,156,2026-05-25,1.71,55,307,25,
28245449,Private room near Airport,62365066,1466769233326598188,Samir,Kreis 11,Seebach,47.43074,8.54141,Private room,1,1,48,2024-05-27,0.51,1,180,0,
28272792,Doubleroom with Lakeview,94601949,1462858300617449727,Judy,Kreis 7,Fluntern,47.37645,8.56579,Private room,0,1,121,2026-05-19,1.28,6,258,2,
28284155,"1.5 Zimmer WG im Zentrum von Zürich, Stauffacher",9179543,1462807598526332515,Dein,Kreis 4,Langstrasse,47.37375,8.52946,Private room,0,2,3,2019-07-16,0.03,1,263,0,
28426226,Executive 2 BD flat / city center (Hösch 5),23561865,1465274926504678242,Dimiter,Kreis 8,Seefeld,47.35668,8.55389,Entire home/apt,,2,110,2025-05-04,1.20,145,0,0,
28445279,Boutique Studio at best area (2.1),13570663,1462586915939629182,Residence Services Apartments,Kreis 8,Seefeld,47.35731,8.55337,Private room,0,2,112,2026-05-29,1.18,55,325,15,
28484637,"Sunny, central and peaceful home at the river",5217107,1462675568397761827,Emre,Kreis 10,Wipkingen,47.38853,8.53419,Entire home/apt,,4,5,2021-08-19,0.05,1,0,0,
28607214,Zimmer mit eigenem DuschBad / room with  bath,2904606,1462526950138092578,Sigrid,Kreis 7,Hottingen,47.36875,8.55794,Private room,0,5,40,2026-06-26,0.42,2,133,4,
28620125,Family Royal Suite 44m2 at the best area 3.3,13570663,1462586915939629182,Residence Services Apartments,Kreis 8,Seefeld,47.35765,8.55316,Entire home/apt,0,2,152,2026-06-13,1.61,55,304,29,
28648431,2.5 Zimmer Wohnung nahe Tramstation in Zürich City,216173844,1469134173716626786,Laila,Kreis 11,Seebach,47.41826847077293,8.548267520964146,Entire home/apt,0,6,3,2025-08-11,0.21,1,146,2,
28679682,Executive 1BD flat / city center (Hösch 2),23561865,1465274926504678242,Dimiter,Kreis 8,Seefeld,47.35733,8.55358,Entire home/apt,,2,68,2026-05-18,0.72,145,0,27,
28681766,Very spacious studio / city center (Parkview 4),23561865,1465274926504678242,Dimiter,Kreis 7,Hottingen,47.36728,8.55366,Entire home/apt,0,2,93,2026-06-05,0.99,145,23,19,
28700460,Cosy tiny house - 2 rooms,180987045,1468746849815683595,Natalie,Kreis 3,Alt-Wiedikon,47.36405,8.52195,Entire home/apt,,4,7,2019-07-22,0.08,1,0,0,
28701312,Suite at the best area (2.2),13570663,1462586915939629182,Residence Services Apartments,Kreis 8,Seefeld,47.35932,8.55257,Entire home/apt,,2,178,2026-06-18,1.89,55,290,30,
28727397,Loft with view over Zurich,101573780,1467218612255142629,Michael,Kreis 9,Altstetten,47.38873,8.49345,Entire home/apt,,15,45,2024-08-12,0.48,1,0,0,
28766337,Boutique suite at the best area of Zürich (3.2),13570663,1462586915939629182,Residence Services Apartments,Kreis 8,Mühlebach,47.35885,8.5535,Entire home/apt,,2,208,2026-06-17,2.21,55,323,49,
28792518,Junior Suite in a prime location (3.1.),13570663,1462586915939629182,Residence Services Apartments,Kreis 8,Mühlebach,47.35796,8.55425,Entire home/apt,0,2,149,2026-06-04,1.60,55,328,15,
28848808,kleine Auszeit nahe am ETH Hönggerberg/Kieferberg,216926855,1469139308622872929,Osaro,Kreis 11,Affoltern,47.41191,8.51615,Private room,0,5,105,2026-06-15,1.94,1,100,20,
28884429,Apartment with balcony (4.2),13570663,1462586915939629182,Residence Services Apartments,Kreis 8,Seefeld,47.35732,8.55337,Entire home/apt,,2,178,2026-06-18,1.93,55,328,32,
28909599,Junior Suite at the trend area of Zürich (5.2),13570663,1462586915939629182,Residence Services Apartments,Kreis 8,Seefeld,47.35899,8.55263,Entire home/apt,0,2,155,2026-06-17,1.67,55,229,40,
28944839,Villa-SuiteZurichberg,94601949,1462858300617449727,Judy,Kreis 7,Fluntern,47.37666,8.56607,Private room,0,2,42,2026-05-28,0.45,6,224,7,
29009793,Comfortable apartment with view on Lake Zurich,1159284,1462538540249603449,Sven,Kreis 8,Weinegg,47.35425,8.56222,Entire home/apt,,5,28,2026-05-01,0.30,1,0,3,
29050050,Family Royal Suite with balcony with balcony 4.3,13570663,1462586915939629182,Residence Services Apartments,Kreis 8,Seefeld,47.35785,8.55283,Entire home/apt,0,1,214,2026-06-17,2.27,55,293,42,
29142984,"Central Loft w. sauna, garden and private parking",19785049,1463090968642159426,Harm,Kreis 3,Sihlfeld,47.37967,8.50604,Entire home/apt,,2,338,2026-06-26,4.55,2,327,52,
29182814,moderne Unterkunft im lebhaften Stadtzentrum,12341186,1462885506015720253,Maria,Kreis 4,Werd,47.37051,8.52837,Private room,0,2,377,2026-06-15,4.03,1,108,85,
29212259,Alhambra - close to the city and nature,119109136,1468215019905252560,Claudio,Kreis 9,Albisrieden,47.36698,8.49411,Entire home/apt,0,2,187,2026-06-22,2.00,1,127,19,
29232857,Free Parking Optimum Petrol Studio,22513551,1463181589806066941,Optimum Apartment,Kreis 3,Friesenberg,47.358791,8.49792,Entire home/apt,,5,35,2025-10-01,0.38,4,0,1,
29293306,Lovely room in the most charming flat in Zürich :),12943781,1462899241586861921,Katrin,Kreis 5,Escher Wyss,47.39032,8.52249,Private room,,2,19,2024-04-18,0.20,2,0,0,
29362212,"Zürich Kreis 5, Prime Tower Umgebung",202944853,1469058969892249163,Eluard,Kreis 5,Escher Wyss,47.38743,8.51414,Entire home/apt,0,4,47,2026-06-14,0.50,1,358,4,
29404842,Loftstudio,13570663,1462586915939629182,Residence Services Apartments,Kreis 8,Seefeld,47.35748,8.55412,Entire home/apt,0,2,97,2025-07-11,1.04,55,315,3,
29655342,Cozy studio with great city and lake connections,100886524,1467211040003849001,David,Kreis 3,Sihlfeld,47.38015,8.50234,Entire home/apt,0,2,298,2026-06-28,3.21,1,84,48,
29692684,Nice 2.5 Maisonette in Zürich in a quit area,20462872,1463108401629978676,Irina,Kreis 11,Affoltern,47.42027,8.50573,Entire home/apt,,2,10,2021-04-28,0.11,1,0,0,
29769890,Cosy room in Zurich,19395155,1463077685971706855,Laurence,Kreis 2,Enge,47.36172,8.52793,Private room,0,1,4,2018-12-22,0.04,1,364,0,
29770166,Private Room + Bath  - 10min to Zurich Mainstation,18455156,1462606130176695102,Chiphong,Kreis 2,Wollishofen,47.338333,8.520233,Private room,,7,71,2021-11-04,0.77,1,0,0,
29926557,Binz 111-B128,101179485,1467213980011123819,Vinh,Kreis 3,Alt-Wiedikon,47.3609,8.51769,Entire home/apt,0,1,94,2026-06-05,1.02,1,233,23,
29989383,Two Room Comfort Apartment sleeps 4,96791954,1467166014629117159,Arno,Kreis 4,Werd,47.36995,8.52568,Entire home/apt,,1,86,2026-05-29,0.95,5,178,3,
29990461,Three Room Comfort Apartment sleeps 5,96791954,1467166014629117159,Arno,Kreis 3,Sihlfeld,47.36969,8.52535,Entire home/apt,,1,171,2026-06-07,1.86,5,175,2,
29990566,Two Room Deluxe Apartment sleeps 2 ( max 4),96791954,1467166014629117159,Arno,Kreis 3,Sihlfeld,47.36924,8.52537,Entire home/apt,,1,21,2026-02-01,0.23,5,165,3,
29990656,One Room Junior Apartment sleeps 2,96791954,1467166014629117159,Arno,Kreis 4,Werd,47.37072,8.52686,Entire home/apt,,1,20,2026-06-15,0.24,5,122,6,
29990728,Two Room Superior Apartment sleeps 2 (max 4),96791954,1467166014629117159,Arno,Kreis 4,Werd,47.37106,8.52595,Entire home/apt,,1,95,2026-04-23,1.06,5,177,8,
30171704,Lovely brandnew penthouse studio with dream views,13570663,1462586915939629182,Residence Services Apartments,Kreis 8,Seefeld,47.35889,8.55289,Entire home/apt,0,2,140,2026-06-19,1.51,55,277,31,
30223460,"Zimmer nähe Airport, Messe, mit ÖV City",99991407,1462870349947704802,Gabi,Kreis 11,Seebach,47.41728210449219,8.54832935333252,Private room,1,1,39,2026-07-01,0.83,3,7,24,
30239388,Executive 1BR Centrally Located + Balcony,3528377,1462530422966496877,Marc,Kreis 4,Hard,47.3829,8.50767,Entire home/apt,,1,138,2025-01-13,1.49,7,112,0,
30415457,"Parterrezimmer II in EFH Zürich-Hottingen, Kreis 7",10487269,1462841927338891645,Christine,Kreis 7,Hottingen,47.36642,8.56304,Private room,0,1,49,2026-01-18,0.53,4,164,1,
30686329,Private double-room in Zurich city centre,19367610,1463077081623548497,Charlene,Kreis 4,Langstrasse,47.37411,8.5296,Private room,,14,0,,,3,0,0,
30710753,Beautiful flat in the heart of Zürich,18470654,1463054927562131652,Mathieu,Kreis 4,Hard,47.37933,8.51021,Entire home/apt,,3,5,2022-08-28,0.05,1,0,0,
30901675,Enjoy the  city lights but relax in peace & quiet,8061776,1462748163379360629,Salvia,Kreis 2,Wollishofen,47.33307,8.53474,Private room,,3,2,2023-11-27,0.02,3,0,0,
31327304,Artist Apartment Downtown,234509985,1469248850440708624,Matthias,Kreis 6,Oberstrass,47.38156,8.54923,Private room,0,1,38,2025-07-04,1.50,1,177,1,
31445961,Private room next to the lake,50589115,1465775319493583161,Moyuan,Kreis 2,Enge,47.35289,8.53337,Private room,,1,17,2023-12-01,0.46,4,0,0,
31606785,"Cosy, centrally located Room",10790544,1462575840734954089,Nadine,Kreis 10,Wipkingen,47.39531,8.52095,Private room,0,2,100,2026-06-18,1.16,3,24,12,
31658829,"Cozy apartment in Zurich, Binz",227286241,1469209984204155403,Lydia,Kreis 3,Alt-Wiedikon,47.36161,8.51423,Entire home/apt,,30,0,,,2,362,0,
31773907,Flat in Wiedikon - Goldbrunnenplatz,43100236,1465639952443266549,Pierre,Kreis 3,Alt-Wiedikon,47.36964,8.5153,Entire home/apt,,5,8,2023-12-29,0.09,1,0,0,
31917101,Best hood in Zurich,12888535,1462897932674139532,A,Kreis 5,Gewerbeschule,47.38309,8.52927,Entire home/apt,0,5,10,2024-12-31,0.21,1,178,0,
32053770,Nice and big 1 BR flat city center/near lake (D8),23561865,1465274926504678242,Dimiter,Kreis 8,Mühlebach,47.35796,8.55521,Entire home/apt,0,1,236,2026-06-05,2.64,145,49,16,
32087275,"Apto. Seefeld Zurich, near Lake, with canopy bed",144152326,1462970702631973187,Ione,Kreis 8,Mühlebach,47.35694,8.5561,Entire home/apt,0,13,17,2026-06-08,0.24,1,352,2,
32295519,Spacious Maisonette with garden in the city,5148068,1462673968573609502,Daniel,Kreis 7,Hirslanden,47.35487,8.58062,Entire home/apt,,3,2,2019-08-11,0.02,1,0,0,
32309176,Private Room in Cozy Flat – Great Location,16677503,1462992449162858925,Lilian,Kreis 10,Wipkingen,47.3874,8.53458,Private room,,1,27,2025-05-30,0.69,1,0,0,
32346655,Awesome 2BR flat near lake/city center (SF16),23561865,1465274926504678242,Dimiter,Kreis 8,Mühlebach,47.36126,8.55173,Entire home/apt,0,2,108,2026-05-16,1.21,145,105,16,
32379048,Zimmer in Idyll. altem Haus 9. Min. vom Zentrum,122070790,1468238582252404000,Sandra,Kreis 9,Albisrieden,47.36484,8.49215,Private room,0,4,3,2025-07-11,0.04,2,63,1,
32441488,Spacious apartment in Zurich's District 5,72547427,1466895812723715496,Kristina Jana,Kreis 4,Langstrasse,47.38039,8.53385,Entire home/apt,,2,22,2023-01-21,0.25,1,0,0,
32523536,Manesse Room 4,174690521,1468694627946840738,Michael,Kreis 3,Alt-Wiedikon,47.3669,8.5214,Private room,,1,436,2026-06-22,5.14,3,310,59,
32585235,schönes ruhiges sonniges Zimmer mit Gartensicht,244894367,1463284485943083934,Lena,Kreis 7,Witikon,47.35655,8.60086,Private room,0,1,7,2023-05-31,0.08,3,365,0,
32626611,Amazing studio (37 sqm) city center/Enge (Wille 4),23561865,1465274926504678242,Dimiter,Kreis 2,Enge,47.36376,8.53257,Entire home/apt,0,2,66,2026-06-16,0.75,145,20,24,
32649111,Privatspa Savon Noir,33086768,1465484464036430149,Privatspa,Kreis 9,Altstetten,47.38631,8.48693,Entire home/apt,1,1,65,2026-05-03,0.75,1,363,2,
32765207,"Schöne Ferienwohnung im Grünen, unweit vom Zentrum",246423582,1469307252361653444,Thao,Kreis 12,Schwamendingen-Mitte,47.40223,8.56614,Entire home/apt,,1,10,2020-09-17,0.12,1,0,0,
32880154,"Rooftop, bright & central  room with own balcony",13365928,1462909528045433541,Maher,Kreis 2,Enge,47.36146,8.52671,Private room,0,3,75,2026-06-21,0.85,3,45,9,
32957012,Urban Jungle Loft,16196501,1462980845672176346,Cynthia & Mathieu,Kreis 9,Altstetten,47.38531,8.50402,Entire home/apt,,21,0,,,1,0,0,
33067330,Studio in Wollishofen for Male Professional,248840632,1463295085317287391,Alexander,Kreis 2,Wollishofen,47.34845,8.53307,Entire home/apt,,25,7,2022-06-30,0.08,1,0,0,
33085569,Hippes 4* Hotel im Trendquartier - Doppelzimmer,249003124,1469320246777903929,Züri,Kreis 5,Escher Wyss,47.38848,8.52261,Hotel room,0,1,575,2026-06-06,6.56,2,292,123,
33147445,Executive 2BR flat in the city centre - Mainau 9,23561865,1465274926504678242,Dimiter,Kreis 8,Mühlebach,47.36124,8.55203,Entire home/apt,0,2,52,2026-06-16,0.59,145,10,9,
33148119,Fantastic 2BD flat/ near lake/ 110sqm (Mainau 10),23561865,1465274926504678242,Dimiter,Kreis 8,Mühlebach,47.36124,8.55203,Entire home/apt,0,1,68,2026-05-26,0.94,145,36,19,
33150798,Geniales 3 Sterne Boutique Hotel zentral gelegen,97919881,1467179257253805849,Zurich Swiss Chocolate,Kreis 1,Hochschulen,47.37742,8.54365,Hotel room,,1,758,2026-06-08,8.87,1,295,113,
33152255,Einzigartiges Swissstyle Hotel an ruhiger Citylage,249607672,1469323157525578359,Swiss Night,Kreis 7,Hottingen,47.37027,8.55104,Hotel room,0,1,326,2026-06-01,3.73,2,291,56,
33207907,Zurlinden Apt2 with 2 balconies,40667302,1465605745221598258,Peter,Kreis 3,Sihlfeld,47.37559,8.51154,Entire home/apt,,7,0,,,14,183,0,
33243948,Room in bright & charming 4.5 appartement Zurich,199678132,1469041044450691962,Silvia,Kreis 6,Oberstrass,47.38318,8.54891,Private room,,2,2,2026-06-14,2,1,188,2,
33326644,Hübsche Unterkunft im City Center,102198179,1467226477801864312,Jackie,Kreis 3,Sihlfeld,47.36913,8.5257,Entire home/apt,,1,4,2021-07-24,0.06,1,0,0,
33360498,Attic Singleroom for rent@the Villa,94601949,1462858300617449727,Judy,Kreis 7,Fluntern,47.37609,8.56596,Private room,0,1,74,2026-05-09,0.90,6,227,16,
33461629,Charming studio with large terrace near University,2756864,1462526114581606002,Jennifer,Kreis 6,Unterstrass,47.384,8.54413,Entire home/apt,0,14,0,,,3,333,0,
33572316,Peaceful mid size room in green area of the city,142652075,1468408047274326255,Lazhar,Kreis 11,Seebach,47.41867,8.5435,Private room,0,3,25,2025-10-18,0.29,9,364,2,
33740170,Peaceful room with own kitchen,142652075,1468408047274326255,Lazhar,Kreis 11,Seebach,47.41862,8.54482,Private room,0,4,29,2024-10-15,0.34,9,364,0,
33800187,Bright room with new furniture in best location,101114274,1462872877633393510,Andreas,Kreis 5,Gewerbeschule,47.38214,8.52955,Private room,,1,245,2024-02-05,2.79,2,0,0,
33820792,Cozy room in the heart of Zürich,14668334,1462944050650671276,Lea,Kreis 4,Langstrasse,47.37627,8.52315,Private room,0,1,131,2026-06-08,1.95,3,93,31,
33854276,"Helle, ruhige 4-Zimmer-Wohnung nahe beim Zentrum",16289563,1462983151670318493,Sybille,Kreis 6,Oberstrass,47.3831,8.54497,Entire home/apt,,4,6,2024-06-27,0.07,1,0,0,
33993690,4 bedroom Zurich flat with lovely city view,62954320,1466777057137816700,Rakhal,Kreis 10,Höngg,47.40018,8.50439,Entire home/apt,,3,67,2026-01-01,0.77,9,0,1,
34105681,"Am Puls von Zürich, Apart. 06",84830246,1467023971865534936,Bandula,Kreis 5,Gewerbeschule,47.38221,8.53019,Entire home/apt,,1,41,2020-03-14,0.47,6,0,0,
34283991,Sunny bright apartment,30287798,1465445751087722091,Tobi,Kreis 1,Rathaus,47.3744086,8.543719399999999,Entire home/apt,,1,297,2026-06-09,3.42,1,286,33,
34300920,Zürich: Zimmer in Atelierwohnung im Grünen,247949502,1469314965201493527,Josefine,Kreis 11,Affoltern,47.4251,8.50299,Private room,0,5,99,2026-05-06,1.15,1,41,17,
34411854,Central Room only to sleep!!! Zurich main Station,1766335,1462577858998444713,Manuel,Kreis 5,Gewerbeschule,47.38347,8.53357,Private room,,1,109,2023-06-14,1.25,1,0,0,
34472705,Close to city center and the forest,144538506,1468422349412590089,Barbara,Kreis 6,Unterstrass,47.40005,8.53438,Private room,,2,128,2026-02-16,1.48,1,3,7,
34571687,Comfortable stay in the center of Zurich,19898314,1463094194014389716,Katarína,Kreis 3,Alt-Wiedikon,47.3676,8.52111,Private room,0,1,8,2019-10-05,0.09,3,364,0,
34674097,Lovely studio at the city with balcony and views,13570663,1462586915939629182,Residence Services Apartments,Kreis 8,Mühlebach,47.35055,8.56207,Entire home/apt,0,2,86,2026-06-16,0.99,55,348,2,
34678447,Modern apt in the heart of Zürich,69230957,1462789496012086838,Nathalie,Kreis 7,Hottingen,47.3663,8.54986,Entire home/apt,,14,14,2020-10-11,0.16,1,0,0,
34795712,Charming flat  Zurich Seefeld near Opera/Bellevue,2756864,1462526114581606002,Jennifer,Kreis 8,Mühlebach,47.36496,8.55184,Entire home/apt,0,5,4,2023-01-26,0.05,3,181,0,
34811356,Vegan friendly PR close lake and 10min mainstation,229666454,1463233234599779939,Martina,Kreis 8,Seefeld,47.35449,8.55615,Private room,,7,46,2022-06-18,0.54,1,0,0,
34941952,"City Center Flat Near Art Museum, Lake & Old City",220605955,1469164808021483802,Cristian,Kreis 7,Hottingen,47.3689,8.5545,Entire home/apt,0,1,98,2026-05-31,1.17,2,52,10,
34995176,Design Junior One Bedroom Apartment,58818657,1466704666219617003,Book A Home AG,Kreis 6,Oberstrass,47.38168,8.54732,Entire home/apt,,7,9,2025-09-14,0.11,48,0,2,
35025688,"Beautiful and bright apartment, 20 min from Centre",263856201,1469395617516690338,Juerg & Valeria,Kreis 7,Witikon,47.36074,8.58245,Entire home/apt,0,2,68,2026-06-22,0.80,3,284,3,
35123328,Studio fully equipped: Zürich Old Town,58057483,1462739000156320164,Karina,Kreis 1,Rathaus,47.37117,8.54558,Entire home/apt,,3,54,2022-08-25,0.63,1,0,0,
35142524,1 niedliches WG Stadtzimmer,163025967,1468586465880824802,Christa,Kreis 11,Oerlikon,47.40615,8.55209,Private room,0,5,27,2026-04-30,0.32,3,261,2,
35174440,Design Studio with balcony,58818657,1466704666219617003,Book A Home AG,Kreis 6,Oberstrass,47.38168,8.54732,Entire home/apt,0,7,0,,,48,75,0,
35178707,Design Studio with balcony,58818657,1466704666219617003,Book A Home AG,Kreis 6,Oberstrass,47.38168,8.54732,Entire home/apt,,7,4,2026-04-24,0.34,48,57,4,
35179129,Design Studio with balcony,58818657,1466704666219617003,Book A Home AG,Kreis 6,Unterstrass,47.38244,8.54064,Entire home/apt,0,7,36,2026-06-06,0.42,48,61,8,
35179702,Design Studio with balcony,58818657,1466704666219617003,Book A Home AG,Kreis 6,Oberstrass,47.38168,8.54732,Entire home/apt,0,7,0,,,48,75,0,
35180162,Design Studio with balcony,58818657,1466704666219617003,Book A Home AG,Kreis 6,Oberstrass,47.38168,8.54732,Entire home/apt,0,7,3,2025-08-15,0.04,48,75,2,
35180437,Design Studio with balcony,58818657,1466704666219617003,Book A Home AG,Kreis 6,Oberstrass,47.38168,8.54732,Entire home/apt,0,7,0,,,48,75,0,
35180837,Design Studio with balcony,58818657,1466704666219617003,Book A Home AG,Kreis 6,Oberstrass,47.38168,8.54732,Entire home/apt,0,7,0,,,48,75,0,
35181180,Design Studio with Balcony,58818657,1466704666219617003,Book A Home AG,Kreis 6,Oberstrass,47.38168,8.54732,Entire home/apt,0,7,9,2026-05-08,0.11,48,75,2,
35181676,Design Studio with balcony,58818657,1466704666219617003,Book A Home AG,Kreis 6,Oberstrass,47.38168,8.54732,Entire home/apt,0,7,0,,,48,75,0,
35182110,Design Studio,58818657,1466704666219617003,Book A Home AG,Kreis 6,Oberstrass,47.38168,8.54732,Entire home/apt,0,7,29,2026-03-30,0.37,48,327,11,
35182388,Design Apartment / in processing,58818657,1466704666219617003,Book A Home AG,Kreis 6,Oberstrass,47.38168,8.54732,Entire home/apt,0,3,1,2019-11-01,0.01,48,361,0,
35182675,Design Studio in Zurich City,58818657,1466704666219617003,Book A Home AG,Kreis 6,Oberstrass,47.38168,8.54732,Entire home/apt,0,7,3,2025-10-17,0.09,48,87,1,
35183779,Design Studio in Zurich City,58818657,1466704666219617003,Book A Home AG,Kreis 6,Oberstrass,47.38168,8.54732,Entire home/apt,0,7,5,2025-10-21,0.21,48,87,2,
35184191,Design Studio in Zurich City,58818657,1466704666219617003,Book A Home AG,Kreis 6,Oberstrass,47.38168,8.54732,Entire home/apt,0,7,20,2025-10-06,0.24,48,87,4,
35188032,Chic & Cosy Boutique Studio in Zurich-City / Opera,198265997,1463136657151989450,Mia,Kreis 7,Hottingen,47.36615,8.55474,Entire home/apt,0,2,5,2021-05-25,0.06,4,365,0,
35323413,Zurich city apt (2 bd + 1 living room),34541936,1465507726438345467,Strahinja,Kreis 4,Hard,47.37879,8.51303,Entire home/apt,,1,275,2026-06-11,3.25,11,3,49,
35324463,Cozy Studio Apartment,150070445,1468476805191393609,Sophie,Kreis 2,Enge,47.366767100188994,8.528257019049077,Entire home/apt,,2,13,2026-06-21,1.10,1,0,13,
35492554,Villa Allegra Studio - Bohemian chic in Zurich,25608057,1465346069051249074,Dayana,Kreis 7,Hottingen,47.37142,8.56339,Entire home/apt,,3,255,2026-06-15,3.07,2,57,39,
35494092,Villa Allegra 2BR - Bohemian chic in Zurich,25608057,1465346069051249074,Dayana,Kreis 7,Hottingen,47.37197,8.56256,Entire home/apt,0,2,300,2026-06-28,3.61,2,116,44,
35512110,RARE GEM - Downtown 2-BR Apt with Big Terrace Diam,15038541,1462952751435789724,GEMINI Zurich Apartments,Kreis 4,Langstrasse,47.3736225,8.5273522,Entire home/apt,0,1,538,2026-06-25,6.31,17,24,51,
35527567,Familienwohnung/ WG,267272723,1469413084651778033,Clara,Kreis 9,Albisrieden,47.37232,8.493,Entire home/apt,,60,2,2022-07-27,0.02,1,0,0,
35671028,Nicely furnished Appartment in the Heart of Zurich,70473116,1466872436427130946,Luisa,Kreis 4,Langstrasse,47.37883,8.52039,Entire home/apt,,3,1,2019-06-24,0.01,1,0,0,
35831060,Le Bijou Bahnhofstrasse / Paradeplatz LB18A,475053,1462519309454418320,James,Kreis 1,Lindenhof,47.36874,8.53988,Entire home/apt,,1,65,2026-06-25,0.76,14,311,12,
35834410,Le Bijou Bahnhofstrasse / Paradeplatz LB18B,475053,1462519309454418320,James,Kreis 1,Lindenhof,47.36874,8.53988,Entire home/apt,,1,36,2026-06-08,0.42,14,351,6,
35835296,Le Bijou Bahnhofstrasse / Paradeplatz LB18C,475053,1462519309454418320,James,Kreis 1,Lindenhof,47.36874,8.53988,Entire home/apt,,1,89,2026-05-08,1.05,14,300,10,
36033611,"central, bright room 600m from Zürich main station",271079436,1463351939931442796,Thor,Kreis 4,Langstrasse,47.3767,8.52891,Private room,0,10,44,2026-02-05,0.52,2,135,3,
36088497,Luxurious 2 rooms apartment in district 4,271466792,1469433298851087640,Artel,Kreis 4,Langstrasse,47.37645,8.52908,Entire home/apt,,14,24,2026-05-29,0.28,10,360,3,
36107157,Jugendstil apartment near lake (Seefeld),7285161,1462728021955253885,Alina,Kreis 8,Seefeld,47.35815,8.55211,Entire home/apt,0,5,0,,,1,329,0,
36123934,Terrific 2BD flat city center/Enge (Wille 5),23561865,1465274926504678242,Dimiter,Kreis 2,Enge,47.36376,8.53257,Entire home/apt,0,2,204,2026-05-27,2.42,145,11,30,
36346490,25m2 quiet Studio with Kitchen in Zürich (K11),273328456,1463357560103977847,Grazyna,Kreis 10,Höngg,47.40755,8.52434,Entire home/apt,0,1,273,2026-06-08,3.23,2,274,19,
36477818,Designerwohnung mit Klimaanlage & grosser Terrasse,13374245,1462909774902230586,Erich,Kreis 3,Alt-Wiedikon,47.36604,8.51111,Entire home/apt,0,2,102,2026-02-06,1.20,1,140,8,
36511553,Flat in center of Zürich,274501473,1469448223532907739,Bernhard,Kreis 4,Langstrasse,47.37924,8.52784,Entire home/apt,0,1,3,2024-08-15,0.12,1,269,0,
36591868,3 Room Apartment in the City of Zurich,17439053,1462602414120011039,Raphael,Kreis 6,Oberstrass,47.38629,8.54705,Entire home/apt,,5,1,2021-01-15,0.02,1,0,0,
36624110,Central room 600m from Zürich main station,271079436,1463351939931442796,Thor,Kreis 4,Langstrasse,47.37677,8.52881,Private room,0,10,57,2026-06-14,0.67,2,148,1,
36716285,The rainbow of Zurich,1307688,1462542349690345157,Marko,Kreis 4,Langstrasse,47.37714,8.52367,Entire home/apt,0,2,1,2019-08-29,0.01,1,364,0,
36749316,Beautiful room near Airport and Zürich Downtown,47204640,1462705915926830091,Vilma,Kreis 6,Unterstrass,47.4032,8.5356,Private room,,60,9,2024-06-20,0.11,5,0,0,
36908145,3 Möbliertes WG Zimmer mit Garten,163025967,1468586465880824802,Christa,Kreis 11,Oerlikon,47.40407,8.55163,Private room,0,7,29,2026-01-15,0.35,3,252,3,
37087883,Cosy and welcoming place in the heart of Zürich,2271575,1462523236579181713,Piotr,Kreis 3,Alt-Wiedikon,47.35849,8.52118,Private room,0,1,127,2026-06-28,5.28,1,54,42,
37203344,"Modern, quiet, cosy flat 20 min from the Lake",39537294,1465590612604367977,Blandine,Kreis 9,Altstetten,47.38477,8.49726,Entire home/apt,,4,5,2020-02-20,0.06,1,0,0,
37209318,Cosy 3.5 Room Flat - green and central,22336422,1463177334557767425,Fabio,Kreis 9,Altstetten,47.38242,8.48241,Entire home/apt,,9,1,2019-08-18,0.01,1,0,0,
37225240,"10min HB, Comfortable Room!!",47204640,1462705915926830091,Vilma,Kreis 6,Unterstrass,47.39895,8.54765,Private room,,28,11,2020-02-29,0.13,5,0,0,
37389808,"Beautiful, spacious art nuveau flat in the center",3458530,1462630005774201127,Bernadette,Kreis 6,Oberstrass,47.38148,8.54917,Entire home/apt,,30,3,2019-09-08,0.04,1,0,0,
37426680,"Quiet, cosy flat, 10 bus-minutes from main-station",10790544,1462575840734954089,Nadine,Kreis 10,Wipkingen,47.3943,8.52042,Entire home/apt,,5,14,2025-08-20,0.22,3,0,4,
37478466,Comfortable apartment with balcony by the river,10490502,1462842035704663745,Charlotte,Kreis 10,Höngg,47.40512,8.48008,Entire home/apt,,2,13,2024-07-10,0.16,1,0,0,
37479435,Industrial 2 rooms apartment in district 4,271466792,1469433298851087640,Artel,Kreis 4,Langstrasse,47.37704,8.52992,Entire home/apt,,30,22,2026-01-04,0.26,10,339,2,
37683818,Furnished room w balcony in the city next to lake,10696193,1462847425989717673,Shelly,Kreis 8,Mühlebach,47.36268,8.55412,Private room,0,1,30,2025-06-29,0.60,3,365,0,
37762897,Modern Downtown Apt. w/ rooftop terrace in Zurich,17345824,1463008014255840636,Jin Mark,Kreis 4,Hard,47.381,8.51642,Entire home/apt,,4,13,2024-01-05,0.28,1,0,0,
37875606,King bed apartment or room with smooth connections,38071124,1465569720930546700,Fikret,Kreis 11,Affoltern,47.41877,8.50241,Private room,0,1,0,,,1,23,0,
37899561,Modern 2 rooms apartment in district 4,271466792,1469433298851087640,Artel,Kreis 4,Langstrasse,47.37663,8.52863,Entire home/apt,,7,17,2026-05-26,0.20,10,360,3,
38141312,Business Apartments in the heart of Zurich (S),257974765,1469363001797763860,Roger,Kreis 4,Langstrasse,47.37639,8.53334,Entire home/apt,0,14,6,2025-12-19,0.08,1,122,2,
38155146,Beautiful Cozy Attic Appartment in the Center,35842531,1465530841478067323,Michael,Kreis 4,Langstrasse,47.37515,8.52462,Entire home/apt,,30,10,2022-01-01,0.13,2,0,0,
38354161,Loft with view over the city at the edge of Zurich,28897695,1465426028492134775,BSH Höngg,Kreis 10,Höngg,47.40603,8.48159,Entire home/apt,0,4,36,2026-06-01,0.44,1,113,2,
38390111,"Junior Suite, private Parking, Sunset View, Cinema",292287241,1469514243825801783,Tina,Kreis 10,Höngg,47.40005,8.50294,Entire home/apt,,1,134,2026-06-29,1.65,1,162,39,
38400419,UNIQUE ecological housing - just like at home,18550525,1463056290523925465,Elena,Kreis 9,Altstetten,47.38861,8.48228,Entire home/apt,0,2,77,2026-05-27,1.19,1,283,6,
38499460,Einfaches Zimmer - Zürich Kreis IX,86351080,1467039136570388360,Milena,Kreis 9,Altstetten,47.39234,8.47907,Private room,0,2,2,2019-11-12,0.02,1,58,0,
38534881,Gepflegtes Zimmer mit eigenem Bad mitten in Zürich,3556939,1462632466741725345,Anscha,Kreis 5,Gewerbeschule,47.38348,8.52823,Private room,0,1,31,2025-08-03,0.38,2,3,1,
38539804,full modern flat - 5 m walk 2 Lake,71465286,1466883774224599140,Mathias,Kreis 2,Enge,47.35626,8.52836,Entire home/apt,,10,2,2019-09-21,0.02,1,0,0,
38540843,Friendly Hostel 1,293156053,1463399556080231137,Lena,Kreis 1,Rathaus,47.37097,8.54199,Private room,0,1,27,2024-09-03,0.33,3,88,0,
38565876,Terrific 1 BR flat city center/ near lake (D9),23561865,1465274926504678242,Dimiter,Kreis 8,Seefeld,47.35721,8.5547,Entire home/apt,0,1,102,2026-06-14,1.24,145,5,30,
38571091,"Cozy, central + family friendly",2242376,1462589946073577593,Lilla,Kreis 3,Sihlfeld,47.37169,8.51391,Entire home/apt,,3,7,2025-07-27,0.09,1,0,2,
38598780,Geschmackvolle Wohnung im Denkmalschutz Gebäude,209941970,1469095398231517584,Veronika,Kreis 9,Altstetten,47.3880227,8.4831488,Entire home/apt,,14,6,2023-08-05,0.14,1,0,0,
38612417,Lovely green oasis in the center,6035603,1462696160300545728,Johanna,Kreis 8,Weinegg,47.35911,8.55845,Private room,,21,0,,,1,0,0,
38631483,Zimmer Orange,295058113,1469522594001694600,Andrea,Kreis 11,Oerlikon,47.40641,8.54794,Private room,0,7,32,2026-06-01,0.39,4,141,7,
38632424,Zimmer Zebra,295058113,1469522594001694600,Andrea,Kreis 11,Oerlikon,47.40638,8.5477,Private room,,7,49,2026-06-06,0.71,4,119,5,
38632737,Wohnung Oli,295058113,1469522594001694600,Andrea,Kreis 11,Oerlikon,47.40665,8.54755,Entire home/apt,,7,18,2023-11-19,0.25,4,114,0,
38686017,Bali meets Zürich,15407049,1462961563050696581,Karin,Kreis 7,Hirslanden,47.36596,8.56721,Entire home/apt,,7,5,2025-07-07,0.08,1,0,1,
38812298,Modern Bedroom close to City Centre & Airport,28958944,1465426870136447833,Timo,Kreis 11,Oerlikon,47.41034,8.53814,Private room,,1,23,2020-11-01,0.28,1,0,0,
38925931,Zimmer Sole,295058113,1469522594001694600,Andrea,Kreis 11,Oerlikon,47.40661,8.54761,Private room,,7,21,2026-01-16,0.28,4,0,5,
39170245,Apartement private in Zürich Center,19898314,1463094194014389716,Katarína,Kreis 3,Alt-Wiedikon,47.36784,8.51921,Entire home/apt,0,5,2,2024-07-17,0.02,3,363,0,
39171356,5.2 - Room in Penthouse,43111694,1465640115238905142,Dolder Liegenschaften AG,Kreis 7,Witikon,47.357605,8.599305,Private room,0,10,18,2025-05-23,0.22,8,177,0,
39196674,Stadt Zürich-kleines Studio Albisriederplatz 4502,564859566,1698735279012732542,Apartments Zuerich,Kreis 4,Hard,47.38094,8.50666,Entire home/apt,0,1,266,2026-06-14,3.28,15,340,40,
39334649,Garden Apartment with pool,16755505,1462599131783368090,Peter,Kreis 10,Höngg,47.4013,8.50229,Entire home/apt,0,1,80,2026-04-11,1.06,1,191,5,
39544991,Zürich City Lake Mainstation 20min Old but Central,303829962,1469556580976642979,Serdar,Kreis 9,Altstetten,47.3894921,8.4791071,Private room,1,1,374,2026-06-27,4.60,1,197,70,
39568194,coolidge a luxury studio  inside the palacekraft,13770499,1462587701265442265,Martin,Kreis 7,Fluntern,47.37803,8.56029,Entire home/apt,0,2,0,,,6,232,0,
39581430,Cosy Studio with a separate entrance and bathroom,141696453,1462965532419325515,Enrique,Kreis 10,Höngg,47.40634,8.48642,Private room,0,2,269,2026-06-03,3.32,1,185,37,
39587270,Rooftop in the heart of the City,304176079,1469558127701523458,Robert,Kreis 2,Enge,47.36767,8.53463,Entire home/apt,,30,0,,,1,83,0,
39600156,Platte200 im Univiertel,304271396,1469558569273850321,⁨Platte 200⁩,Kreis 7,Fluntern,47.3749,8.55382,Private room,1,1,315,2026-06-15,3.87,2,334,51,
39663692,City Rooftop Oasis w/Alp & Lake Views!,54076017,1465878853196846179,Dominik,Kreis 2,Wollishofen,47.34822,8.53121,Entire home/apt,,7,22,2024-07-07,0.49,1,0,0,
39828123,Lovely studioin the heart of the old tow,13570663,1462586915939629182,Residence Services Apartments,Kreis 1,Hochschulen,47.37119,8.54759,Entire home/apt,,2,63,2026-06-19,0.78,55,329,26,
39839466,Attractive Loft Style Apartment in Central Zurich,201063228,1469049276915338302,Henrik Heilskou,Kreis 2,Enge,47.36823,8.53575,Entire home/apt,0,3,33,2026-04-13,0.42,1,6,4,
39971447,Cozy room in Zurich,80437837,1466980275073410002,Min,Kreis 11,Oerlikon,47.40322,8.55337,Private room,,1,27,2022-09-06,0.34,1,0,0,
40046792,A green oasis in the middle of Zurich,24107467,1465283198089901025,Guy,Kreis 10,Wipkingen,47.3909,8.53383,Private room,,20,0,,,1,0,0,
40267895,Modernes Business-Studio mit Aussicht über Zürich,88347756,1462844153401628721,Arri,Kreis 3,Friesenberg,47.35813,8.49719,Entire home/apt,,4,85,2026-06-26,1.08,1,208,24,
40395216,Private bedroom in the city center.,130013559,1468303356082449984,Jordi,Kreis 4,Langstrasse,47.37723,8.52996,Private room,0,3,7,2023-05-19,0.10,1,171,0,
40544740,Living & Homeoffice Nähe near Paradeplatz,13570663,1462586915939629182,Residence Services Apartments,Kreis 2,Enge,47.36761,8.53376,Entire home/apt,0,2,145,2026-06-19,1.81,55,298,25,
40572934,Brandnew studio with amazing views to the city,13570663,1462586915939629182,Residence Services Apartments,Kreis 2,Enge,47.36654,8.53321,Entire home/apt,,2,157,2026-06-18,2.04,55,299,44,
40579348,Brandnew quiet studio in the city center (WG4),13570663,1462586915939629182,Residence Services Apartments,Kreis 2,Enge,47.36647,8.53296,Entire home/apt,0,2,117,2026-06-17,1.49,55,304,24,
40580450,Boutique Studio near Paradeplatz (WG2),13570663,1462586915939629182,Residence Services Apartments,Kreis 2,Enge,47.3667,8.53219,Entire home/apt,0,2,157,2026-06-16,2.01,55,296,36,
40582267,Brandnew quite Boutique studio in city center,13570663,1462586915939629182,Residence Services Apartments,Kreis 2,Enge,47.36764,8.53167,Entire home/apt,0,2,79,2026-06-19,0.99,55,283,11,
40582771,Boutique Studio at the center (WG5),13570663,1462586915939629182,Residence Services Apartments,Kreis 2,Enge,47.3681,8.5322,Entire home/apt,,2,160,2026-06-18,2.01,55,317,30,
40607935,Hippes 4* Hotel im Trendquartier - Einzelzimmer,249003124,1469320246777903929,Züri,Kreis 5,Escher Wyss,47.38997,8.52241,Private room,0,1,27,2026-05-03,0.48,2,292,7,
40728749,Central city-view penthouse,46226348,1465692075415180106,Michael,Kreis 6,Unterstrass,47.38697,8.53835,Entire home/apt,,2,7,2020-10-25,0.09,1,0,0,
40730880,Modern Apartment Fully furnished,48793301,1465740866428905579,Enzo,Kreis 11,Oerlikon,47.4058,8.54519,Entire home/apt,0,20,14,2025-08-04,0.18,1,30,1,
40770131,Historic 3 Bedroom Apartment with private patio,316694395,1469598457228211535,Naemi,Kreis 1,Lindenhof,47.37284,8.54005,Entire home/apt,0,1,0,,,3,308,0,
40770515,Penthouse Maisonette Apartment - 3 Bedrooms,316694395,1469598457228211535,Naemi,Kreis 1,Lindenhof,47.37284,8.54005,Entire home/apt,0,1,1,2023-07-18,0.03,3,320,0,
40835483,Wohnung in Zürich,10993446,1462854515527906374,Jasmin,Kreis 4,Langstrasse,47.37549,8.51862,Entire home/apt,0,14,0,,,1,83,0,
40855422,Historic 3 Bedroom Apartment,316694395,1469598457228211535,Naemi,Kreis 1,Lindenhof,47.37284,8.54005,Entire home/apt,0,1,1,2023-07-03,0.03,3,313,0,
41150515,Double Room with shared bathroom in a pop-up hotel,322266523,1469611213368560489,Krone,Kreis 1,Rathaus,47.37384,8.54313,Private room,,7,1,2020-02-20,0.01,8,0,0,
41309079,Modern Apartment in Zurich Wiedikon,13916240,1462926213991003705,Bernhard,Kreis 3,Sihlfeld,47.36932,8.52469,Entire home/apt,,14,3,2023-04-12,0.04,1,0,0,
41543114,Luxury bedroom in designer apartment (b&b),43727226,1465649461520406634,Bert,Kreis 6,Oberstrass,47.38886,8.54854,Private room,,1,490,2026-06-28,6.25,1,21,120,
41704969,Modern 60m² Attic | 1000 Mb/s Fiber | 10 min to HB,32411752,1462658457198844542,Christopher,Kreis 11,Oerlikon,47.40747,8.53661,Entire home/apt,0,1,16,2025-08-29,0.23,1,113,1,
41779957,Tiny bright apartment 8 min from Hb Zürich,16506657,1462598156690299623,Karen,Kreis 3,Alt-Wiedikon,47.35965,8.52298,Entire home/apt,0,2,43,2026-06-13,0.56,3,39,13,
41872839,Small hotel room (4.5m2) w/ shared bath,322266523,1469611213368560489,Krone,Kreis 1,Rathaus,47.37384,8.54313,Private room,,7,10,2022-05-06,0.13,8,0,0,
41918857,Charming Popup Hotel-Double Room (shared bathroom),322266523,1469611213368560489,Krone,Kreis 1,Rathaus,47.37384,8.54313,Private room,,1,110,2026-05-29,1.42,8,363,26,
41918871,Charming Popup Hotel-Single Room (shared bathroom),322266523,1469611213368560489,Krone,Kreis 1,Rathaus,47.37384,8.54313,Private room,0,1,251,2026-06-15,3.22,8,362,48,
42013211,Idylische  2 1/2 Zimmer Altbauwohnung mit Garten,226951233,1469207900634329184,Sandra,Kreis 2,Wollishofen,47.341756258911985,8.528759814798832,Entire home/apt,0,1,145,2026-06-24,2.02,1,69,29,
42087812,Serene Senior Studio in Central Seefeld Location,83271512,1467008557890184612,José-Luis,Kreis 8,Seefeld,47.35592,8.55449,Entire home/apt,0,2,55,2026-03-23,0.74,27,17,13,
42088383,LAGOM: Scandi Chic Studio Apartment lake side,83271512,1467008557890184612,José-Luis,Kreis 8,Seefeld,47.35592,8.55449,Entire home/apt,,30,20,2025-10-04,0.26,27,324,2,
42103532,Artisan Serenity | Senior Studio in Zürich Seefeld,83271512,1467008557890184612,José-Luis,Kreis 8,Seefeld,47.35592,8.55449,Entire home/apt,0,2,36,2026-05-17,0.52,27,5,7,
42103880,TOP shot! Luxurious 1-Bed-Aprt with 70sqm terrace!,83271512,1467008557890184612,José-Luis,Kreis 8,Seefeld,47.35592,8.55449,Entire home/apt,,2,2,2025-09-08,0.03,27,63,1,
42130984,just HYGGE: Comfy Studio Apartment near the lake,83271512,1467008557890184612,José-Luis,Kreis 8,Seefeld,47.35592,8.55449,Entire home/apt,0,2,34,2026-02-21,0.44,27,180,5,
42187308,Executive 2BR flat city center - Mainau 11,23561865,1465274926504678242,Dimiter,Kreis 8,Mühlebach,47.36124,8.55203,Entire home/apt,0,2,4,2026-06-03,0.05,145,20,2,
42211593,Modern 1 room apartment in district 4,271466792,1469433298851087640,Artel,Kreis 4,Langstrasse,47.377,8.52998,Entire home/apt,,180,2,2025-09-02,0.06,10,321,1,
42218576,THE FLAG Zürich - Comfort Apartment in Altstetten,175646878,1468702909837248846,Felix,Kreis 9,Altstetten,47.38693,8.49434,Private room,0,1,71,2025-12-20,1.05,8,180,2,
42240657,THE FLAG Zürich -Executive Apartment in Altstetten,175646878,1468702909837248846,Felix,Kreis 9,Altstetten,47.38634,8.49491,Private room,0,1,13,2025-12-20,0.19,8,318,1,
42243057,THE FLAG Zürich -Loft on the rooftop in Altstetten,175646878,1468702909837248846,Felix,Kreis 9,Altstetten,47.38767,8.4947,Private room,0,1,27,2025-12-26,0.36,8,294,1,
42268307,Citynah aber ruhig in Zürich,335838018,1469650448912909971,Alexander,Kreis 7,Witikon,47.35922,8.5834,Entire home/apt,0,1,3,2023-06-14,0.05,1,177,0,
42372562,Design flat with stunning lake and mountain view,18647788,1463058358106351596,Eva,Kreis 2,Wollishofen,47.342678,8.535872,Entire home/apt,,5,4,2022-07-29,0.08,1,0,0,
42443181,Green House,295831796,1469524885671633817,Alessia,Kreis 9,Albisrieden,47.37696,8.49664,Entire home/apt,,1,77,2026-04-25,2.56,1,0,27,
42579959,Large bedroom  in Design apt. near Paradeplatz,161091005,1468567327493413937,Reto,Kreis 2,Enge,47.36681,8.53629,Private room,0,30,1,2022-07-28,0.02,2,364,0,
42580336,Casual? Not my style: Large Studio made with love,83271512,1467008557890184612,José-Luis,Kreis 8,Seefeld,47.35592,8.55449,Entire home/apt,,2,8,2025-06-29,0.11,27,144,0,
42653666,JOSEFSTRASSE / VIADUKT,3008731,1462614806802980721,Tamara,Kreis 5,Gewerbeschule,47.38646,8.52464,Private room,0,15,0,,,1,32,0,
42709310,Platte201,304271396,1469558569273850321,⁨Platte 200⁩,Kreis 7,Fluntern,47.37331,8.55369,Private room,0,1,67,2024-10-02,0.91,2,90,0,
42748334,Cozy apartement close to lake / main station,14380887,1462937344166845377,Ramona,Kreis 7,Hirslanden,47.36048,8.56638,Entire home/apt,,4,5,2022-07-27,0.07,1,0,0,
42803662,Stay in the ♥ of Zurich - Apt in historic building,3516976,1462631470123235571,Arik,Kreis 1,Lindenhof,47.37275,8.53836,Entire home/apt,0,1,36,2026-06-19,0.63,1,324,20,
42823448,Bright Spacious and Quiet Place,214859939,1469125641231607494,Raquel,Kreis 9,Altstetten,47.3841,8.48118,Private room,,30,9,2025-12-09,0.13,1,72,2,
43093051,Hotel Alexander Zürich - Double room (Wlan),342929958,1469675240829874374,Katharina,Kreis 1,Rathaus,47.37416,8.54447,Private room,,1,26,2025-12-07,0.52,6,347,10,
43093457,Alexander Guesthouse Zurich - Double Room (Wlan),342929958,1469675240829874374,Katharina,Kreis 1,Rathaus,47.37362,8.54565,Private room,,1,79,2026-06-25,1.30,6,357,13,
43129826,Hotel Alexander Zürich - Twin bed room(Wlan),342929958,1469675240829874374,Katharina,Kreis 1,Rathaus,47.37381,8.54422,Private room,,1,9,2025-06-15,0.17,6,318,0,
43130528,Hotel Alexander Zürich - Single room (Wlan),342929958,1469675240829874374,Katharina,Kreis 1,Rathaus,47.37528,8.54301,Private room,0,1,12,2025-10-05,0.23,6,350,2,
43144750,Alexander Guesthouse Zürich - Twin room (Wlan),342929958,1469675240829874374,Katharina,Kreis 1,Hochschulen,47.37552,8.54582,Private room,,1,192,2026-06-11,2.66,6,340,38,
43146058,Alexander Guesthouse - Single room (Wlan),342929958,1469675240829874374,Katharina,Kreis 1,Rathaus,47.37513,8.54544,Private room,,1,116,2026-06-26,1.98,6,359,14,
43200807,Private room in new spacious apartment building,1122014,1462537525466312482,Michael,Kreis 11,Seebach,47.4193,8.55648,Private room,,1,150,2026-06-10,2.04,2,46,21,
43212796,Entire Design Apartment Central Zurich,161091005,1468567327493413937,Reto,Kreis 2,Enge,47.36875,8.53467,Entire home/apt,0,10,19,2026-05-18,0.27,2,83,1,
43234382,★3BR★LOFT★ ZURICH CITY CENTER ★on 2Levels★6Guests,4416988,1462535454335861154,Björn,Kreis 5,Escher Wyss,47.39123,8.51597,Entire home/apt,,1,287,2026-06-12,3.86,1,105,37,
43254900,Amazing location between 5 star hotels,344425219,1469680022905112792,Marie,Kreis 1,Lindenhof,47.37184,8.5398,Entire home/apt,0,5,4,2025-07-13,0.05,2,363,1,
43292018,4 WG Zimmer mit Garten,163025967,1468586465880824802,Christa,Kreis 11,Oerlikon,47.40596,8.55021,Private room,0,5,15,2025-11-29,0.21,3,305,1,
43297164,"Relaxing holidays in Zürich, Switzerland",205249164,1469070691502586910,Judith,Kreis 3,Alt-Wiedikon,47.3653,8.51947,Entire home/apt,0,5,94,2026-06-21,1.36,1,318,19,
43310883,"This flat has it all!  Below market price, Enge",344271798,1469679590779382610,Marin,Kreis 2,Enge,47.36061,8.52683,Entire home/apt,,1,0,,,3,0,0,
43322730,"Luxury penthouse, Duplex in Zurich",113193480,1468170629084607258,Property Manager,Kreis 3,Sihlfeld,47.37048,8.51935,Entire home/apt,,1,46,2026-03-22,0.64,2,228,7,
43359918,Casa llena de color en Zürich,62105022,1462749654506399862,Al Y Cia,Kreis 9,Albisrieden,47.37446,8.48701,Entire home/apt,,12,0,,,1,0,0,
43454703,Private Wohnung in Top Lage,101114274,1462872877633393510,Andreas,Kreis 5,Gewerbeschule,47.38306,8.5285,Entire home/apt,,1,26,2024-01-28,0.35,2,0,0,
43464391,Studio with Garden Patio and Grill,3219670,1462623058778369074,Sam,Kreis 9,Altstetten,47.38159,8.49915,Entire home/apt,0,6,9,2026-01-15,0.13,1,241,1,
43472201,Charming flat in best part of Zurich near lake,2756864,1462526114581606002,Jennifer,Kreis 8,Mühlebach,47.35415,8.55941,Entire home/apt,0,14,1,2026-06-04,1,3,212,1,
43480808,"Spacious apartment in ""The Metropolitans""",1122014,1462537525466312482,Michael,Kreis 11,Seebach,47.41863,8.55671,Entire home/apt,0,1,293,2026-05-27,3.98,2,17,43,
43506588,Habitación disponible,5502040,1462540937201609840,Thomas,Kreis 10,Wipkingen,47.3955,8.52123,Private room,0,1,36,2026-05-03,0.49,1,106,13,
43545390,"More than just a room, it’s a home away from home",37421240,1462675205963504250,Iri,Kreis 6,Unterstrass,47.38889,8.53934,Private room,0,1,229,2026-06-20,3.11,2,96,15,
43550716,Bright & Cozy City Apartment,33956325,1465496208069936020,Nicole,Kreis 9,Altstetten,47.38863,8.4892,Entire home/apt,,7,0,,,1,0,0,
43599013,Vermiete ruhiges Zimmer mit Balkon,347849004,1469690129146124238,Maik,Kreis 11,Seebach,47.42345,8.54334,Private room,,7,0,,,1,0,0,
43672005,Charming Small Apartment to rent in Zürich,53910976,1465875891917558956,Louise,Kreis 3,Alt-Wiedikon,47.36555,8.52151,Entire home/apt,,2,0,,,1,0,0,
43676444,Nice Apartment in Zurich Great Location,1496480,1462547414505663081,Rene,Kreis 10,Wipkingen,47.39445,8.52786,Entire home/apt,0,1,101,2026-05-29,1.41,2,106,12,
43683848,Beautiful Apartment with 2 Balconies,76447870,1466937590491093042,Daniel,Kreis 2,Wollishofen,47.3449,8.53237,Entire home/apt,,2,64,2026-05-23,0.92,1,66,5,
43703654,The Crown Penthouse Bahnhofstrasse Zürich,144959892,1468425673239432264,Anna Victoria,Kreis 1,Lindenhof,47.37635,8.54047,Entire home/apt,,4,2,2020-07-04,0.03,4,0,0,
43790602,lovely 2 room flat in old town of Zurich,344425219,1469680022905112792,Marie,Kreis 1,Rathaus,47.37479,8.54293,Entire home/apt,,1,17,2025-07-09,0.44,2,274,2,
43858959,Gemütliche und zentrale Wohnung in Zürich,91266341,1467103176296964689,Pascal,Kreis 4,Langstrasse,47.37476,8.52136,Entire home/apt,,5,0,,,1,0,0,
43863916,Schöne Wohnung am Fluss,3737620,1462638333775196505,Selina,Kreis 10,Höngg,47.39616,8.50357,Entire home/apt,,5,21,2025-08-02,0.29,1,0,2,
43894252,Seefeld Topfloor Apt mit Privater Terrasse 70m2,83271512,1467008557890184612,José-Luis,Kreis 8,Mühlebach,47.35697,8.55537,Entire home/apt,,2,2,2024-07-07,0.03,27,183,0,
43960977,Wohnen mitten im lebendigen Zürcher Kreis 4,19889087,1463093715165766389,Gian,Kreis 4,Langstrasse,47.37731,8.5291,Private room,,500,8,2022-06-12,0.11,1,0,0,
43997218,bright central apartment with balcony & 2 bikes :),130640981,1487916591868025362,Ladina,Kreis 7,Hirslanden,47.36292,8.56224,Entire home/apt,,1,5,2020-09-07,0.07,1,0,0,
44044459,ZH Peach III - HITrental Wiedikon Apartments,12886487,1462897903332723581,Stephanies,Kreis 9,Albisrieden,47.36782,8.49146,Entire home/apt,,1,12,2026-06-29,0.18,99,249,7,
44044463,Zh Kiwi Eg - HITrental Wiedikon Apartments,12886487,1462897903332723581,Stephanies,Kreis 9,Albisrieden,47.36741,8.49303,Entire home/apt,0,1,11,2026-06-08,0.39,99,331,6,
44057622,Zh Banana I - HITrental Wiedikon Apartments,12886487,1462897903332723581,Stephanies,Kreis 9,Albisrieden,47.36752,8.49107,Entire home/apt,,1,4,2022-07-03,0.06,99,0,0,
44057624,Zh Cherry I - HITrental Wiedikon Apartments,12886487,1462897903332723581,Stephanies,Kreis 9,Albisrieden,47.36751,8.49186,Entire home/apt,,1,5,2026-05-12,0.08,99,304,1,
44057627,Zh Pineapple I - HITrental Wiedikon Apartments,12886487,1462897903332723581,Stephanies,Kreis 9,Albisrieden,47.36741,8.49346,Entire home/apt,,1,3,2026-04-01,0.06,99,291,1,
44057629,Zh Pineapple Ii - HITrental Wiedikon Apartments,12886487,1462897903332723581,Stephanies,Kreis 9,Albisrieden,47.36564,8.49343,Entire home/apt,0,1,3,2026-04-26,0.05,99,308,1,
44057631,Zh Pineapple Iii - HITrental Wiedikon Apartments,12886487,1462897903332723581,Stephanies,Kreis 9,Albisrieden,47.36603,8.49274,Entire home/apt,,1,7,2025-10-04,0.11,99,3,1,
44057633,Zh Cherry Ii - HITrental Wiedikon Apartments,12886487,1462897903332723581,Stephanies,Kreis 9,Albisrieden,47.36558,8.49148,Entire home/apt,,1,0,,,99,273,0,
44057634,Zh Cherry Iii - HITrental Wiedikon Apartments,12886487,1462897903332723581,Stephanies,Kreis 9,Albisrieden,47.3676,8.49182,Entire home/apt,,1,6,2026-03-08,0.08,99,273,1,
44057635,Zh Banana Ii - HITrental Wiedikon Apartments,12886487,1462897903332723581,Stephanies,Kreis 9,Albisrieden,47.36753,8.49203,Entire home/apt,,1,0,,,99,241,0,
44057636,Zh Banana Iii - HITrental Wiedikon Apartments,12886487,1462897903332723581,Stephanies,Kreis 9,Albisrieden,47.36586,8.49201,Entire home/apt,,1,4,2023-07-14,0.09,99,313,0,
44114120,Shared flat room,354299216,1469708179086676668,Jeremia,Kreis 12,Hirzenbach,47.40188,8.58713,Private room,,5,4,2020-09-11,0.06,1,0,0,
44146398,Cozy room in the heart of Zürich,355002552,1469709388747648722,Philipp,Kreis 2,Enge,47.36201,8.52729,Private room,,5,3,2020-08-23,0.04,1,0,0,
44208294,Attikawohnung mit Aussicht 😊,45815102,1465684110220845913,Andrea,Kreis 6,Unterstrass,47.39509,8.54026,Entire home/apt,,3,7,2024-09-30,0.10,1,0,0,
44240562,Cosy City-Apartment,122858411,1468244433145974151,Lisa,Kreis 3,Alt-Wiedikon,47.36937,8.51701,Entire home/apt,0,10,47,2026-05-17,0.68,1,112,8,
44317278,Spacious room close to the center with a balcony,25424050,1465342361600424957,Jonathan,Kreis 6,Oberstrass,47.3794,8.54699,Private room,,1,37,2026-01-01,1.69,1,0,13,
44345295,"1 Bedroom Serviced Apartment, Aussersihl",24506494,1465305511219168260,EMA House,Kreis 4,Hard,47.3783,8.51596,Entire home/apt,0,3,26,2025-07-02,0.36,19,310,1,
44364625,klar,357934036,1469716561589431241,Robert,Kreis 5,Gewerbeschule,47.38191,8.52999,Entire home/apt,0,2,0,,,1,362,0,
44431025,Cozy flat,99031732,1467190856253768091,Maria Martha,Kreis 11,Oerlikon,47.40062,8.54891,Entire home/apt,,7,0,,,1,0,0,
44446637,Boutique Studio in Trendy District 5 – 5 Star Stay,1348435,1462517477132288867,Rafael,Kreis 5,Gewerbeschule,47.38421,8.53019,Entire home/apt,0,1,86,2026-06-24,1.20,4,347,25,
44475804,1 bedroom apartment in trendy Wiedikon,14288,1462506750661015335,Michael,Kreis 3,Sihlfeld,47.37198,8.51884,Entire home/apt,,3,3,2021-08-16,0.05,1,0,0,
44601499,Top Floor Maisonette,40667302,1465605745221598258,Peter,Kreis 3,Sihlfeld,47.37645,8.51139,Entire home/apt,0,3,14,2026-06-20,0.26,14,267,8,
44606285,Room in old-town home - highest private rooftop!,1987075,1462521518383944497,Johannes Gaan,Kreis 1,Lindenhof,47.37155,8.54024,Private room,,14,1,2020-10-04,0.01,2,358,0,
44606356,Artsy Bohemian Oldtown Home with highest Rooftop!,1987075,1462521518383944497,Johannes Gaan,Kreis 1,Lindenhof,47.37288,8.54003,Entire home/apt,0,10,0,,,2,259,0,
44643856,"Beautiful Studio in Wipkingen, Interior Design ♥♥",8829769,1462788058216525710,Tobias,Kreis 10,Wipkingen,47.39574,8.53127,Entire home/apt,,2,2,2020-12-13,0.03,1,0,0,
44657382,"1 Bedroom Superior Serviced Apartment, Seefeld",24506494,1465305511219168260,EMA House,Kreis 8,Seefeld,47.36124,8.55087,Entire home/apt,0,3,22,2026-06-01,0.40,19,351,3,
44658767,"2 Bedroom Superior Serviced Apartment, Seefeld",24506494,1465305511219168260,EMA House,Kreis 8,Seefeld,47.36124,8.55087,Entire home/apt,0,3,74,2026-05-30,1.11,19,320,12,
44659394,BECK22 Studio,24506494,1465305511219168260,EMA House,Kreis 6,Unterstrass,47.38417,8.54215,Entire home/apt,0,3,12,2024-09-09,0.19,19,285,0,
44707198,Shared spacious flat next to HB,14007267,1462588632590447615,Isabel,Kreis 5,Gewerbeschule,47.38186,8.53308,Private room,0,16,0,,,1,223,0,
44724580,Tiny House im Gartenparadies,109951712,1467330171479148094,Jürg,Kreis 10,Wipkingen,47.39513,8.52087,Entire home/apt,0,4,40,2026-05-13,0.57,1,88,7,
45053235,Nice room in the green area of Zurich,67922528,1466839505520347852,Sebastien,Kreis 10,Höngg,47.40542,8.49068,Private room,,3,0,,,2,0,0,
45053481,Nice apartment in the green area of Zurich,67922528,1466839505520347852,Sebastien,Kreis 10,Höngg,47.40476,8.49051,Entire home/apt,,3,1,2020-09-11,0.01,2,0,0,
45131081,"bright, quiet and central",227286241,1469209984204155403,Lydia,Kreis 3,Alt-Wiedikon,47.36144,8.51461,Entire home/apt,0,15,2,2025-07-24,0.06,2,77,1,
45131577,Cosy apartment  in a exciting area,119284629,1468216395008549425,Reto,Kreis 10,Wipkingen,47.39439,8.52749,Entire home/apt,,5,0,,,1,0,0,
45150591,Zimmer in geräumiger Wohnung in Zürich,6669529,1462712329164741380,Benno,Kreis 4,Langstrasse,47.38256,8.52705,Private room,,7,0,,,1,0,0,
45273502,Private double bedroom in the best neighbourhood.,162870289,1468584988571242428,Marissa,Kreis 8,Seefeld,47.35657,8.55456,Private room,,2,33,2022-12-16,0.60,1,0,0,
45321292,Great 2 BR flat in the city center (Mainau 12),23561865,1465274926504678242,Dimiter,Kreis 8,Mühlebach,47.36184,8.55111,Entire home/apt,,2,25,2025-04-03,0.37,145,0,0,
45432677,"Studio Type Superior Serviced Apartment, Seefeld",24506494,1465305511219168260,EMA House,Kreis 8,Seefeld,47.36124,8.55087,Entire home/apt,0,3,46,2026-06-19,0.80,19,342,10,
45432996,"2 Bedroom Superior Penthouse Apartment, Seefeld",24506494,1465305511219168260,EMA House,Kreis 8,Seefeld,47.36124,8.55087,Entire home/apt,0,3,82,2026-06-03,1.23,19,279,6,
45433216,"2 Bedroom Serviced Apartment, Unterstrass",24506494,1465305511219168260,EMA House,Kreis 6,Unterstrass,47.38417,8.54215,Entire home/apt,,3,132,2026-06-20,1.97,19,295,21,
45433374,2 Bedroom Duplex Serviced Apartment,24506494,1465305511219168260,EMA House,Kreis 6,Unterstrass,47.38417,8.54215,Entire home/apt,0,3,46,2026-06-24,0.88,19,195,4,
45433489,"3 Bedroom Duplex Serviced Apartment, Unterstrass",24506494,1465305511219168260,EMA House,Kreis 6,Unterstrass,47.38417,8.54215,Entire home/apt,0,3,70,2026-06-24,1.12,19,225,10,
45433604,"Studio Type Serviced Apartment, Seefeld",24506494,1465305511219168260,EMA House,Kreis 8,Seefeld,47.36109,8.55035,Entire home/apt,0,3,66,2026-05-31,1.03,19,352,9,
45433715,"1 Bedroom Penthouse Apartment M, Seefeld",24506494,1465305511219168260,EMA House,Kreis 8,Seefeld,47.36109,8.55035,Entire home/apt,0,3,2,2023-04-16,0.04,19,281,0,
45433840,"Studio Penthouse Apartment, Downtown",24506494,1465305511219168260,EMA House,Kreis 6,Unterstrass,47.38339,8.54063,Entire home/apt,0,3,45,2026-06-18,0.71,19,256,6,
45525628,"2 Bedroom Superior Serviced Apartment, Downtown",24506494,1465305511219168260,EMA House,Kreis 6,Unterstrass,47.38302,8.54072,Entire home/apt,0,3,31,2026-05-22,0.52,19,256,3,
45525843,1 Bedroom Penthouse Apartment with Terrace,24506494,1465305511219168260,EMA House,Kreis 6,Unterstrass,47.38339,8.54063,Entire home/apt,0,3,36,2026-04-01,0.61,19,261,4,
45526177,"1 Bedroom Superior Serviced Apartment, Downtown",24506494,1465305511219168260,EMA House,Kreis 6,Unterstrass,47.38302,8.54072,Entire home/apt,,3,52,2026-06-27,0.86,19,339,10,
45541437,The Crown Terrace Penthouse Bahnhofstrasse Zürich,144959892,1468425673239432264,Anna Victoria,Kreis 1,Lindenhof,47.376468658447266,8.539566040039062,Entire home/apt,0,2,6,2026-06-26,0.09,4,315,2,
45585448,Stylish & bright appartment in Zurich (+Cat),21780493,1463163848706912027,Judith Miriam,Kreis 7,Hirslanden,47.36022,8.56446,Private room,,2,3,2021-05-02,0.04,2,0,0,
45636577,Schöne 1-Zimmerwohnung an zentraler Lage.,215134850,1469127400159648454,Roland,Kreis 11,Oerlikon,47.40922,8.54212,Entire home/apt,0,3,238,2026-06-10,3.96,1,225,40,
45653531,Charming Flat in the city,369841831,1469747559086005195,Sara,Kreis 2,Enge,47.36512,8.52639,Entire home/apt,0,1,33,2026-06-21,0.89,1,62,11,
45664571,Old Town Luxury Suite,8321863,1462765525737281391,Mona,Kreis 1,Hochschulen,47.36907,8.54855,Entire home/apt,,4,0,,,1,0,0,
45681069,Nordic Balance | Junior Studio in Zürich Seefeld,83271512,1467008557890184612,José-Luis,Kreis 8,Seefeld,47.35649,8.5555,Entire home/apt,0,2,8,2025-10-09,0.12,27,16,4,
45701656,Studio Apt in Charming Zurich Old Town M07,15038541,1462952751435789724,GEMINI Zurich Apartments,Kreis 1,Rathaus,47.37441,8.54372,Entire home/apt,0,1,378,2026-06-09,5.45,17,29,24,
45746693,A cozy getaway for Zurich visitors,74593950,1466917900175603258,Artur,Kreis 11,Seebach,47.41704,8.54724,Entire home/apt,,1,0,,,1,0,0,
45764126,"""Margaritli"" Cozy studio in the old town of Zurich",371008290,1463547825862567329,Sonia,Kreis 1,Rathaus,47.37441,8.54372,Entire home/apt,0,1,521,2026-06-14,7.50,14,42,32,
45766108,New 2-bedroom/2 bath topfloor serviced apartment,83271512,1467008557890184612,José-Luis,Kreis 3,Alt-Wiedikon,47.36803,8.52044,Entire home/apt,,2,13,2023-12-30,0.20,27,185,0,
45870795,"Stylish, sunny apartment in Zurich near the lake",21780493,1463163848706912027,Judith Miriam,Kreis 7,Hirslanden,47.36031,8.56585,Entire home/apt,,2,10,2021-12-29,0.14,2,0,0,
45874380,Zimmer nähe Bahnhof,367640221,1469741665133855641,Mehmet,Kreis 11,Affoltern,47.42386,8.51164,Private room,,4,0,,,1,0,0,
45879401,Quit location close to airport and Oerlikon - 歡迎！,350815367,1469699250581533826,Assad,Kreis 11,Seebach,47.42024,8.55253,Private room,,5,0,,,1,0,0,
45887289,Cocoon Comfort | Cosy Studio in Zürich Seefeld,83271512,1467008557890184612,José-Luis,Kreis 8,Seefeld,47.35509,8.5538,Entire home/apt,,2,14,2026-02-16,0.20,27,0,3,
45920313,Beste ruhige Lage am Rennweg/ Bahnhofstraße (F/D),13570663,1462586915939629182,Residence Services Apartments,Kreis 1,Lindenhof,47.37428,8.53891,Entire home/apt,,2,109,2026-05-13,1.60,55,320,14,
46019912,🌸Perfect located Studio in fancy Kreis 3🌸,173771622,1463059834238234214,Janine,Kreis 4,Werd,47.37399,8.52341,Entire home/apt,0,2,67,2026-05-04,1.06,1,8,12,
46059525,The Zurich Experience,64081888,1466790856145361979,Miki,Kreis 4,Hard,47.37688,8.5146,Entire home/apt,0,5,2,2026-05-27,0.03,1,355,1,
46112233,Boutique Design hotel room,182132458,1468757501315095743,Kurt,Kreis 9,Altstetten,47.384567,8.493582,Private room,0,3,3,2024-07-12,0.06,1,286,0,
46150507,Cozy 100m2 flat for 5 travellers with 2 bathrooms,305026346,1469561867657791570,Max,Kreis 6,Unterstrass,47.39005,8.54021,Entire home/apt,0,6,16,2026-06-06,0.25,1,177,6,
46168649,Bird's eye view of Zurich,4953565,1462669294466753943,Eoin,Kreis 3,Sihlfeld,47.37857,8.50657,Entire home/apt,,2,3,2021-05-03,0.05,1,0,0,
46215566,Stadt Zürich 4203 Studio nähe Albisriederplatz,564859566,1698735279012732542,Apartments Zuerich,Kreis 3,Sihlfeld,47.37923,8.50674,Entire home/apt,,1,161,2026-05-30,2.91,15,0,16,
46334838,Heart of Zurich: Beautiful 60m2 flat + balcony,173075242,1463058175376306909,Au,Kreis 5,Gewerbeschule,47.38179125885386,8.530996647844148,Entire home/apt,0,1,156,2026-06-14,2.31,1,32,42,
46369256,"Schöne, zentrale Wohnung für Silvester",8296108,1462764847898397965,Christina,Kreis 6,Unterstrass,47.39052,8.53852,Entire home/apt,,4,0,,,1,0,0,
46499390,Zimmer / Single Room  in Oerlikon  ohne Komfort,88485570,1467062668145140713,Konitoggi,Kreis 11,Oerlikon,47.40892,8.53661,Private room,1,1,1,2023-06-15,0.03,1,364,0,
46524637,historic renovated chalet in Zurich 4rooms/1.5bath,376271668,1469766899431613401,Joseph,Kreis 2,Wollishofen,47.34347,8.5368,Entire home/apt,,120,29,2024-01-02,0.48,1,365,0,
46555663,Light apartment in a very quiet area,344609323,1469680817671682201,Matthias,Kreis 11,Oerlikon,47.40632,8.54104,Entire home/apt,,5,1,2021-01-08,0.01,1,0,0,
46613406,Cosy flat in the city,376770217,1469768377026791383,Berta,Kreis 5,Escher Wyss,47.38695,8.51633,Entire home/apt,,1,0,,,1,0,0,
46615115,"Cosy room with a garden view, 20min to Zürich bhf.",23713763,1465277634866555498,Inna,Kreis 11,Oerlikon,47.40978,8.53373,Private room,0,2,202,2026-06-29,3.07,1,9,11,
46674681,Cozy apartment Lochergut,250351594,1469327156643676618,Carolien,Kreis 4,Hard,47.37747,8.51602,Entire home/apt,,10,1,2021-01-01,0.01,1,0,0,
46694814,Affordable private room in a modern WG apartment!,30291080,1465445777812296029,Amrollah,Kreis 11,Affoltern,47.42275,8.50567,Private room,,15,0,,,1,0,0,
46705800,Modern industrial loft (64m2) in central Zurich,19155647,1463070786341597247,Foivos,Kreis 7,Hirslanden,47.36138,8.56493,Entire home/apt,,6,0,,,1,0,0,
46722307,Modern 1 room apartment in district 4,271466792,1469433298851087640,Artel,Kreis 4,Langstrasse,47.37559,8.52931,Entire home/apt,,180,5,2025-09-26,0.14,10,336,1,
46722687,Modern 1 room apartment in district 4,271466792,1469433298851087640,Artel,Kreis 4,Langstrasse,47.37531,8.53044,Entire home/apt,,180,1,2024-07-12,0.04,10,290,0,
46741041,Room with private bathroom in 130m2 bright apt,4252813,1462651707218853806,Léo,Kreis 12,Schwamendingen-Mitte,47.40551,8.56413,Private room,,3,27,2023-04-24,0.41,1,0,0,
47168882,Cozy Old Town Flat: Spacious & Central,1229459,1462516724433258317,Swissstay Apartments,Kreis 1,Rathaus,47.37093,8.54422,Entire home/apt,,1,112,2026-06-21,1.67,78,306,27,
47194028,Beautiful Room in lovley Business WG,62530902,1466771251567081642,Elisabeth,Kreis 6,Oberstrass,47.38734,8.54477,Private room,,28,0,,,1,0,0,
47232398,"Ruhige Wohnung im Herzen von Zürich, 3 min vom See",154785353,1468514278025462600,Maurice,Kreis 8,Seefeld,47.35952,8.55254,Entire home/apt,0,2,43,2024-07-31,0.65,1,58,0,
47303762,"New, bright 3.5 room apt - central but quiet",7961457,1462745675302030323,Simon,Kreis 6,Unterstrass,47.40187,8.53274,Entire home/apt,,60,0,,,1,0,0,
47366473,Private Spa LUX with Whirlpool and Sauna in Zurich,382403516,1469783123498210943,Roswita,Kreis 10,Höngg,47.40483,8.48612,Entire home/apt,1,1,21,2025-10-10,0.34,1,357,1,
47393953,SwissBangla House,382606895,1469783709411907566,Mohammed,Kreis 5,Gewerbeschule,47.38604,8.52969,Private room,0,1,0,,,1,364,0,
47482478,Fantastic 2 BR flat near to the lake (D10),23561865,1465274926504678242,Dimiter,Kreis 8,Mühlebach,47.35771,8.55491,Entire home/apt,0,1,109,2026-06-14,1.71,145,11,10,
47514317,Charming Maisonette with Private Roof Terrace,3950335,1462643388536336064,Andrea,Kreis 3,Sihlfeld,47.37381362915039,8.513824462890625,Entire home/apt,0,2,5,2026-04-01,0.10,1,132,1,
47557070,Zurich Apt 21 Chez Gérard - Kreis 1,63526682,1466784172334285457,Gerard,Kreis 1,Rathaus,47.37441,8.54372,Entire home/apt,,2,361,2026-06-25,5.46,2,261,71,
47589979,Apartment at the top of Zurich,263856201,1469395617516690338,Juerg & Valeria,Kreis 7,Witikon,47.36123,8.58195,Entire home/apt,0,2,48,2026-06-24,0.76,3,314,5,
47779546,Private room in Seefeld walking distance to Lake,4135904,1462648353130188064,Catherine,Kreis 8,Seefeld,47.34937,8.56184,Private room,0,3,19,2026-04-26,0.33,1,86,2,
47857524,WG-Zimmer in grosszügiger Wohnung in Oerlikon,143958179,1462970306405190426,Luisa,Kreis 11,Seebach,47.41317,8.55678,Private room,,1,1,2021-02-04,0.02,1,0,0,
47883170,"2,5-Zimmerwohnung im luxuriösen Metropolitans",21881164,1463166183539822336,Marijana,Kreis 11,Seebach,47.41831,8.557,Entire home/apt,0,14,0,,,1,83,0,
47946509,Privates Zimmer in riesen Wohnung,54654553,1465892030420803517,Julian,Kreis 9,Altstetten,47.38287,8.49512,Private room,,4,2,2021-03-14,0.03,1,0,0,
47975721,Sophisticated apartment in the heart of Zurich,17758318,1463028284086277377,Manoel,Kreis 7,Hottingen,47.36769,8.5526,Entire home/apt,,1,204,2026-06-20,3.12,1,210,32,
47985660,Seefeld Spacious 1 Bedroom Modern Design Apartment,20526865,1463110509223588688,Shiran,Kreis 8,Weinegg,47.35544,8.56256,Entire home/apt,,3,0,,,1,0,0,
47987004,bis zu 12 Gäste - 7 Schlafzimmer - 400m zum HB,119277813,1468216326188676771,Deniz,Kreis 1,Rathaus,47.37447,8.54341,Entire home/apt,,2,0,,,1,0,0,
48022066,Doppelzimmer - Josephine's Guesthouse (WOMEN ONLY),387105321,1469797342111769670,Anja,Kreis 4,Langstrasse,47.37328,8.52808,Private room,,1,187,2026-02-22,2.88,2,359,4,
48022280,Einzelzimmer - Josephine's Guesthouse (WOMEN ONLY),387105321,1469797342111769670,Anja,Kreis 4,Langstrasse,47.37353,8.52882,Private room,0,1,110,2026-05-18,1.70,2,30,14,
48048562,Good morning Zurich!,136795426,1462954841600647745,Karenina,Kreis 10,Höngg,47.39784,8.51426,Private room,,14,2,2023-04-07,0.05,1,0,0,
48111383,Zimmer im Zentrum von Zürich (Room in the center),66614103,1466823012537635581,Ziroli,Kreis 4,Langstrasse,47.3771,8.52581,Private room,,2,0,,,1,0,0,
48143955,Home office/private room (Long T. poss. in privat),388282279,1463586963135657435,Wi,Kreis 9,Altstetten,47.39418,8.48857,Private room,1,1,240,2026-06-14,3.71,2,60,35,
48372051,Spacious flat close to Letzigrund,73388609,1466905247773597967,Olivier,Kreis 3,Sihlfeld,47.37556,8.50166,Entire home/apt,,2,0,,,1,0,0,
48409976,Generous room in Wipkingen,4450296,1462657807982782284,Mana,Kreis 6,Unterstrass,47.39556,8.53297,Private room,,2,6,2021-07-18,0.10,1,0,0,
48500731,Modern apartment In Zurich-Oerlikon,88856280,1467078011373108444,Thomas,Kreis 11,Seebach,47.41739,8.54429,Entire home/apt,,30,1,2021-05-09,0.02,1,0,0,
48656815,Private room in Zurich Wipkingen,48038988,1465725797511655364,Lukas,Kreis 10,Wipkingen,47.39339828491211,8.528298377990723,Private room,,30,5,2024-02-15,0.08,1,0,0,
48778345,"Centrally located, cozy studio with rooftop access",74176096,1462812112154398230,Madeleine,Kreis 4,Werd,47.37212,8.52414,Entire home/apt,,21,0,,,1,0,0,
48808760,Loft-style studio in Zurich city center,53736232,1465873185212556788,Heta,Kreis 2,Enge,47.36679,8.53476,Entire home/apt,,90,0,,,1,0,0,
48879374,"Zimmer in zentraler, heller Wohnung in Zürich",394260729,1469819480914847306,Florine,Kreis 3,Sihlfeld,47.37152,8.51685,Private room,,1,0,,,1,0,0,
49102259,"Bright, cozy apartment.",19214423,1462608673352939668,Carlos,Kreis 3,Alt-Wiedikon,47.36452,8.51678,Entire home/apt,0,1,11,2024-09-30,0.18,1,1,0,
49201447,Brand new top luxury LOFT in the heart of Zurich!,12630015,1462892108642568725,Konstantin,Kreis 1,City,47.36968,8.53679,Entire home/apt,,6,36,2026-05-30,0.59,1,39,6,
49339838,Spacious and sunny Bohemian flat in central Zurich,22253261,1463175310491610878,Robert,Kreis 6,Unterstrass,47.3837,8.54165,Entire home/apt,,10,4,2024-01-17,0.07,1,207,0,
49377008,2.5 room new-built central appartment,1911215,1462521124239185148,Christina,Kreis 4,Werd,47.37268,8.5248,Entire home/apt,0,4,9,2025-01-02,0.16,1,10,0,
49496447,Private Room in shared Apartment,380405227,1469777251711584832,Flora,Kreis 11,Seebach,47.42314,8.52073,Private room,,14,0,,,1,0,0,
49500112,3 Bedroom Zurich flat with lovely city view,62954320,1466777057137816700,Rakhal,Kreis 10,Höngg,47.39845,8.50488,Entire home/apt,,2,7,2024-10-11,0.13,9,0,0,
49500654,Apartment in Zurich City with Balcony and Terrace,19367610,1463077081623548497,Charlene,Kreis 4,Langstrasse,47.37527,8.52927,Entire home/apt,,21,3,2022-05-27,0.05,3,0,0,
49500963,2 Bedroom Zurich flat with lovely city view,62954320,1466777057137816700,Rakhal,Kreis 10,Höngg,47.3987,8.50526,Entire home/apt,,3,1,2022-05-01,0.02,9,0,0,
49508900,"Studio mit Balkon, See u. Alpenblick (255C/17)",13570663,1462586915939629182,Residence Services Apartments,Kreis 8,Mühlebach,47.35068,8.56355,Entire home/apt,,2,69,2026-03-25,1.11,55,354,12,
49527700,"Central, modern apartment in Zürich",34354003,1462665030411108458,Kamil,Kreis 8,Weinegg,47.35201,8.58262,Entire home/apt,,2,224,2026-06-25,3.65,1,98,37,
49587231,"Oasis with fireplaces, balconies, and Alpine view!",399991758,1469837096631324183,Mario,Kreis 10,Höngg,47.40148,8.49346,Entire home/apt,,2,5,2021-07-10,0.08,1,0,0,
49685342,Light and fully furnished apartment at the lake,12219186,1462882765151645605,Karolina,Kreis 2,Wollishofen,47.34597,8.53078,Entire home/apt,,2,7,2022-12-29,0.11,1,0,0,
49728271,Urban Deluxe Design Apartment (incl. Parking),1788253,1462578432107160277,Thierry,Kreis 11,Seebach,47.41349,8.55572,Entire home/apt,,1,148,2026-06-22,2.39,4,157,62,
49929300,Luminous apartment in the heart of Zurich ca.100m2,96454357,1467161963704346544,Greta,Kreis 4,Werd,47.37185,8.52912,Entire home/apt,,2,6,2022-08-24,0.10,2,0,0,
49938063,Charming Apartment Zürich Altstetten Train Station,210866421,1469100346359221564,Alejandra,Kreis 9,Altstetten,47.38872,8.48518,Entire home/apt,0,2,0,,,1,177,0,
49942471,City Centre Spacious 2-BR Apt Sapphire,15038541,1462952751435789724,GEMINI Zurich Apartments,Kreis 4,Werd,47.3737149,8.5219012,Entire home/apt,0,1,298,2026-06-19,5.82,17,56,20,
49956108,!Special! Cozy flat in the new hype area of Zürich,1422687,1462545393838664691,Veronica,Kreis 9,Altstetten,47.38344,8.50007,Entire home/apt,0,7,3,2023-08-12,0.05,1,100,0,
49981984,Charming house with private garden & lake-view,5149106,1462673983579532931,Isabelle,Kreis 7,Witikon,47.35656,8.58392,Entire home/apt,,7,4,2025-08-15,0.07,1,0,1,
50004085,"Sonnig, Ruhig & Zentral. Kinderfreundlich",5002339,1462670463405526856,Anna Julia,Kreis 10,Höngg,47.40127,8.49951,Entire home/apt,0,7,9,2026-03-08,0.15,1,16,2,
50004657,Bright penthouse with a maximum of 2 person,110247476,1467333443569200160,Mike,Kreis 9,Altstetten,47.39238,8.47334,Entire home/apt,,60,1,2023-09-29,0.03,1,63,0,
50050472,Cosy 1-Zimmer-Wohnung in der Altstadt  Zürich,394562584,1469820440039660898,Peter,Kreis 1,Rathaus,47.36904,8.54574,Entire home/apt,0,4,114,2026-06-13,1.86,1,50,22,
50101353,Zurich super Central penthouse - Large rooftop,13470694,1462911936414433816,Henry,Kreis 1,City,47.36965,8.53461,Entire home/apt,,6,6,2021-12-29,0.10,1,0,0,
50131257,"Studio for 1 Guest 
only 
& Airbnbverified",29795947,1465439277106108944,Bo,Kreis 7,Hirslanden,47.36204,8.56487,Entire home/apt,,2,55,2025-12-01,0.93,1,240,4,
50203904,Garden City Studio Zürich Seefeld close lake,133529772,1468333741949663788,Nathalie,Kreis 8,Mühlebach,47.35044,8.56316,Entire home/apt,0,1,36,2026-05-18,0.61,1,129,5,
50219755,Lovely 3-Rooms appartment in a cool neighbourhood,17899642,1463031485456381775,Silvan,Kreis 3,Alt-Wiedikon,47.36732,8.51483,Entire home/apt,0,14,5,2022-09-23,0.08,1,122,0,
50264238,"Neuwertige Wohnung in Zürich, 3.5 Zimmer",72105587,1466891021163842414,Dominik,Kreis 7,Witikon,47.36071,8.60101,Entire home/apt,,4,2,2021-11-07,0.03,1,0,0,
50297677,Very Cozy and super Clean Private Room in Zürich,16134620,1462979251284303317,Aycan,Kreis 6,Unterstrass,47.40272,8.53461,Private room,0,1,2,2023-05-23,0.04,1,365,0,
50357188,"Charming, cozy flat with large terrasse Oerlikon",2563395,1462598660752414968,Guillaume,Kreis 11,Oerlikon,47.40871,8.54277,Entire home/apt,,60,1,2021-08-05,0.02,1,0,0,
50387605,Modern spacious 2-bedrooms/2-bathrooms apartment.,3587246,1462633199496009519,Frantisek,Kreis 9,Altstetten,47.38426,8.48062,Entire home/apt,,14,2,2026-06-01,0.04,1,13,1,
50388702,Room with private bathroom and balcony,296305963,1469526732631707662,Zoé,Kreis 6,Unterstrass,47.40164,8.53255,Private room,,2,3,2021-11-14,0.05,1,0,0,
50408999,"Beautiful, well lighted room close to everything",246746072,1469308897058805652,John,Kreis 8,Mühlebach,47.35966,8.55325,Private room,,1,7,2021-09-08,0.12,1,0,0,
50433489,Modern apartment in Altstetten,152609650,1468496863379913237,Lisa,Kreis 9,Altstetten,47.38641,8.4786,Entire home/apt,,2,0,,,1,0,0,
50496017,Bright spacious room in multi-storey apartment,194488207,1469013433576835090,Oliver,Kreis 2,Enge,47.3593,8.52887,Private room,,1,2,2021-09-12,0.03,3,0,0,
50521276,Perle,329351736,1469631443761615934,Adhurim,Kreis 6,Oberstrass,47.40158,8.55209,Entire home/apt,,14,1,2021-07-10,0.02,1,0,0,
50582424,Prime Apartment mit Designmöbeln im Kreis 4,271466792,1469433298851087640,Artel,Kreis 4,Langstrasse,47.37617,8.52926,Entire home/apt,0,6,11,2026-06-14,0.19,10,249,3,
50618312,Comfortable apartment in Zurich Oerlikon,20342353,1462612717641099111,Martin,Kreis 11,Oerlikon,47.4047,8.55389,Entire home/apt,,4,37,2026-01-02,0.64,1,0,5,
50631529,Lovely 2-bedroom near central Zurich,13449879,1462911496338227703,Hoss,Kreis 10,Höngg,47.40264,8.49628,Entire home/apt,,7,0,,,1,0,0,
50677733,"Apartment 15mins to center, free parking, garden",83537802,1467011116495523694,Kora,Kreis 9,Altstetten,47.39793,8.4822,Entire home/apt,,2,64,2026-06-29,1.75,1,27,29,
50691075,Bright studio in the city center (Greenyard 1),23561865,1465274926504678242,Dimiter,Kreis 6,Unterstrass,47.382195,8.544195,Entire home/apt,0,2,43,2026-05-28,0.72,145,129,5,
50721753,"Beautiful, bright ""Chalet"" like flat in Zurich",9868934,1462825668807913230,Sarah,Kreis 6,Unterstrass,47.3897,8.53781,Entire home/apt,,6,5,2023-05-13,0.08,2,0,0,
50789124,"Large room in quite Neighborhood 
Zurich-City",142652075,1468408047274326255,Lazhar,Kreis 11,Seebach,47.42044,8.55071,Private room,0,2,11,2025-06-19,0.29,9,365,0,
50806513,Wohnung mit Aussichts-Terrasse im Herzen der Stadt,60106807,1466738472527212787,Fortunat,Kreis 6,Unterstrass,47.38256,8.54356,Entire home/apt,,5,5,2024-08-03,0.08,1,0,0,
50806853,"Nice flat, good location, two bedrooms",3592245,1462633323058971547,Fabio,Kreis 6,Unterstrass,47.3997,8.54234,Entire home/apt,,14,5,2023-07-17,0.09,4,0,0,
50807277,Private room between river & forest in shared flat,51060139,1465792797566913528,Sven,Kreis 10,Wipkingen,47.39538,8.52323,Private room,0,10,13,2024-11-10,0.23,1,207,0,
50812304,Lovely 1 bedroom apartment in Central Zurich,8052026,1462747919319390756,Sebastian,Kreis 4,Langstrasse,47.37758,8.51964,Entire home/apt,0,2,39,2024-07-10,0.64,1,327,0,
50841814,central located apartment with beautiful room and garden,5348855,1462678696488175013,Azu,Kreis 6,Unterstrass,47.3857,8.53854,Entire home/apt,,1,5,2021-08-29,0.08,1,0,0,
50882931,Charming Studio/Old town (UZ3),23561865,1465274926504678242,Dimiter,Kreis 1,Rathaus,47.37228,8.5448,Entire home/apt,,2,45,2026-06-16,0.75,145,0,38,
50905553,Studio for male professional,411622548,1469877187282896539,Alexander,Kreis 2,Wollishofen,47.34826,8.53146,Entire home/apt,,30,1,2021-08-31,0.02,1,0,0,
50952286,Kreis 7 - Beautiful Room in Gardenapartment,43111694,1465640115238905142,Dolder Liegenschaften AG,Kreis 7,Witikon,47.357807,8.599515,Private room,,10,2,2022-10-30,0.03,8,253,0,
50967315,Calm and bright apartment next to the river,139712041,1468384056703880908,Laura,Kreis 10,Höngg,47.39544,8.51415,Entire home/apt,,3,13,2025-11-02,0.22,1,0,4,
51007218,Pedestrian area of downtown,220744491,1469165855254337311,Ferusa,Kreis 1,Rathaus,47.37447,8.54585,Entire home/apt,,28,1,2023-06-27,0.03,1,335,0,
51021428,2.1 - Room with View on Garden,43111694,1465640115238905142,Dolder Liegenschaften AG,Kreis 7,Witikon,47.35819,8.59845,Private room,0,10,0,,,8,180,0,
51040364,Modern and cozy flat in central Zurich,5274702,1462676946004728145,Maya,Kreis 5,Gewerbeschule,47.38343,8.53243,Entire home/apt,,5,0,,,1,0,0,
51064700,Single Room with shared bathroom in a hotel,322266523,1469611213368560489,Krone,Kreis 1,Rathaus,47.37441,8.54423,Private room,,7,6,2021-12-03,0.10,8,0,0,
51099748,"Charming flat, quite location near the city center",128157983,1468287256994478429,Gaya,Kreis 8,Weinegg,47.351,8.57572,Entire home/apt,0,5,0,,,1,356,0,
51123412,Zimmer in Altbauwohnung mit gemeinsamer Terrasse,413705735,1469883985446680154,Larissa,Kreis 3,Sihlfeld,47.37203,8.52131,Private room,0,80,0,,,1,276,0,
51134598,Luxuriöses Loft in Zürich,42041099,1465625669876629882,Mirjam,Kreis 11,Oerlikon,47.41273910152025,8.557450782218552,Entire home/apt,0,3,0,,,1,149,0,
51140947,Renovated & Quiet Studio Near City Center & Forest,407449073,1469862268744460022,Angelina,Kreis 3,Friesenberg,47.35799,8.49847,Entire home/apt,,30,32,2022-05-11,0.53,7,87,0,
51141201,Renovated & Quiet Studio Near City Center & Forest,407449073,1469862268744460022,Angelina,Kreis 3,Friesenberg,47.35994,8.49678,Private room,,11,68,2022-05-15,1.13,7,88,0,
51159237,Eigentums Stadtwohnung im urbanen Zürich West.,258304674,1463319032048969254,Simone,Kreis 4,Hard,47.38619,8.50783,Entire home/apt,0,1,33,2025-07-24,0.55,1,268,1,
51160498,Quiet Studio Near City Center & Forest,407449073,1469862268744460022,Angelina,Kreis 3,Friesenberg,47.35795,8.49756,Entire home/apt,,30,54,2023-12-21,0.90,7,85,0,
51161193,Quiet Studio Near City Center & Forest,407449073,1469862268744460022,Angelina,Kreis 3,Friesenberg,47.35913,8.49903,Entire home/apt,0,20,28,2026-04-25,0.47,7,56,1,
51162254,Quiet Studio Near City Center & Forest,407449073,1469862268744460022,Angelina,Kreis 3,Friesenberg,47.35843,8.49855,Entire home/apt,0,15,30,2022-03-31,0.51,7,100,0,
51162941,Quiet Studio Near City Center & Forest,407449073,1469862268744460022,Angelina,Kreis 3,Friesenberg,47.35803,8.49868,Entire home/apt,0,20,19,2026-03-31,0.32,7,87,1,
51164339,Renovated & Quiet Studio Near City Center & Forest,407449073,1469862268744460022,Angelina,Kreis 3,Friesenberg,47.35912,8.49901,Entire home/apt,,30,15,2024-01-31,0.26,7,87,0,
51208685,Schöne Wohnung in Zürich,57221941,1465935248069522877,Triantafillos,Kreis 8,Seefeld,47.36061,8.55152,Entire home/apt,0,21,1,2021-09-28,0.02,1,309,0,
51257976,Exceptional three-storey apartment by the park,194488207,1469013433576835090,Oliver,Kreis 2,Enge,47.35801,8.52709,Entire home/apt,,1,0,,,3,0,0,
51279609,Lovely garden apartment in the city center,21669302,1463161009287726033,Lisa,Kreis 2,Wollishofen,47.3512,8.52982,Entire home/apt,0,3,3,2025-07-09,0.06,1,275,1,
51415534,Bright 1BR flat in the city centre (Greenyard 2),23561865,1465274926504678242,Dimiter,Kreis 6,Unterstrass,47.3829,8.54305,Entire home/apt,0,2,100,2026-06-10,1.70,145,128,11,
51437849,Cosy Studio in the charming Area of Zurich Seefeld,83271512,1467008557890184612,José-Luis,Kreis 8,Seefeld,47.35644,8.55375,Entire home/apt,,2,4,2024-11-01,0.07,27,185,0,
51495698,Large attic room in three-storey apartment,194488207,1469013433576835090,Oliver,Kreis 2,Enge,47.35866,8.52876,Private room,,1,1,2021-08-15,0.02,3,0,0,
51537265,Furnished Modern Apartment in Zurich next to train,10197344,1462834089152708675,Jeff,Kreis 9,Altstetten,47.39222,8.49148,Entire home/apt,0,7,1,2026-06-21,1,1,23,1,
51551928,"Private room with bathroom, close to the lake",403646072,1463622106096219236,Sarah,Kreis 2,Wollishofen,47.3407,8.52859,Private room,0,1,74,2026-06-19,1.26,1,230,10,
51588163,"Super central, modern & bright apartment in Zurich",19785721,1463090978049699880,Johannes,Kreis 8,Weinegg,47.36385,8.55555,Entire home/apt,,3,80,2026-03-18,1.38,1,97,10,
51698208,Schöne 2 Zimmer Wohnung,69564820,1466860915760615620,Eva,Kreis 12,Schwamendingen-Mitte,47.40899,8.57783,Entire home/apt,,1,7,2021-11-12,0.12,1,0,0,
51757637,Romantic apartment with forest view,418590018,1469901888795481419,Marion,Kreis 9,Altstetten,47.39043,8.46676,Entire home/apt,,4,0,,,1,0,0,
51760091,Comfy & Central Studio Apartment with Kitchen,84543029,1467021070439750102,Mi,Kreis 10,Wipkingen,47.38956,8.5331,Entire home/apt,,3,5,2023-05-01,0.09,1,0,0,
51760867,Zh Anna I - HITrental Central Station Apartments,12886487,1462897903332723581,Stephanies,Kreis 5,Gewerbeschule,47.38251,8.53288,Entire home/apt,,1,16,2025-08-10,0.31,99,347,1,
51763508,Zh Anna Ii - HITrental Central Station Apartments,12886487,1462897903332723581,Stephanies,Kreis 5,Gewerbeschule,47.38122,8.53497,Entire home/apt,,1,72,2026-04-17,1.29,99,332,11,
51764507,Zh Anna Iii - HITrental Central Station Apartments,12886487,1462897903332723581,Stephanies,Kreis 5,Gewerbeschule,47.38151,8.53347,Entire home/apt,0,1,16,2026-01-12,0.29,99,335,2,
51764508,Zh Herta I - HITrental Central Station Apartment,12886487,1462897903332723581,Stephanies,Kreis 5,Gewerbeschule,47.3815,8.53432,Entire home/apt,,1,20,2024-06-22,0.35,99,317,0,
51764509,Zh Herta Ii - HITrental Central Station Apartment,12886487,1462897903332723581,Stephanies,Kreis 5,Gewerbeschule,47.38121,8.5347,Entire home/apt,,1,39,2026-05-11,0.67,99,344,11,
51764511,Zh Herta Iii - HITrental Central Station Apartment,12886487,1462897903332723581,Stephanies,Kreis 5,Gewerbeschule,47.38139,8.53308,Entire home/apt,,1,9,2026-04-07,0.18,99,348,2,
51764512,Zh Ida I - HITrental Central Station Apartments,12886487,1462897903332723581,Stephanies,Kreis 5,Gewerbeschule,47.38239,8.5348,Entire home/apt,0,1,29,2026-06-26,0.54,99,340,11,
51764513,Zh Ida Ii - HITrental Central Station Apartments,12886487,1462897903332723581,Stephanies,Kreis 5,Gewerbeschule,47.38128,8.53301,Entire home/apt,,1,89,2026-06-17,1.54,99,339,23,
51764514,Zh Ida Iii - HITrental Central Station Apartments,12886487,1462897903332723581,Stephanies,Kreis 5,Gewerbeschule,47.3808,8.53334,Entire home/apt,,1,129,2026-06-11,2.36,99,332,13,
51792113,Chalet vibes near the lake,17393656,1463009078551859177,Nicolas,Kreis 8,Mühlebach,47.36224,8.55218,Entire home/apt,,1,4,2024-11-14,0.13,1,0,0,
51949710,Zentrales Studio im Kreis 4 für jung City Lovers,343918765,1469678299584873673,Aline Freundt,Kreis 4,Langstrasse,47.37742,8.52951,Entire home/apt,,1,85,2026-06-15,1.56,1,176,14,
51994536,Bright apartment near airport & city,3024336,1462615232973292236,⁨Erika M.⁩,Kreis 12,Hirzenbach,47.40225,8.58981,Entire home/apt,0,3,68,2026-06-24,1.20,1,43,21,
52080414,Cozy room in the quite of Zurich,142652075,1468408047274326255,Lazhar,Kreis 11,Seebach,47.41916,8.55154,Private room,0,1,28,2026-05-25,0.48,9,365,4,
52105457,Furnished room in the heart of Zurich (Kreis 4),2494294,1462596631538777190,Camenzind,Kreis 4,Langstrasse,47.37688,8.52859,Private room,,5,3,2022-06-10,0.05,1,0,0,
52121566,Moderne Wohnung mitten in Zürich,83761516,1467013405141718030,Manuel,Kreis 4,Langstrasse,47.3781731814327,8.528528829666278,Entire home/apt,,2,0,,,1,337,0,
52311609,Peaceful spacious room for 2,142652075,1468408047274326255,Lazhar,Kreis 11,Seebach,47.41952,8.55143,Private room,0,3,11,2025-06-28,0.44,9,362,0,
52314104,Duplex Zürich Center,51391087,1462719597038639683,Amandine,Kreis 5,Gewerbeschule,47.38231,8.52882,Entire home/apt,,4,7,2022-05-29,0.12,1,0,0,
52341711,April+Mai+Juni: zentrale Wohnung im Grünen,8226970,1462752353693595999,Katharina,Kreis 7,Witikon,47.36204,8.59976,Entire home/apt,,80,3,2022-09-23,0.05,1,180,0,
52360195,Posh 1 BR flat - city center and balcony (West3),23561865,1465274926504678242,Dimiter,Kreis 3,Sihlfeld,47.37236,8.519851,Entire home/apt,0,1,47,2026-04-21,0.82,145,113,8,
52433794,Cozy Room Zürich,25396172,1465341852855397497,Céleste,Kreis 6,Oberstrass,47.39445,8.54619,Private room,0,2,131,2026-06-14,2.27,2,141,24,
52449648,Executive Suite,38998280,1465582505509327665,Aniko,Kreis 4,Hard,47.38108,8.50729,Private room,0,1,5,2025-08-15,0.10,1,186,1,
52491701,Quiet room with large balcony - Kreis 7,43111694,1465640115238905142,Dolder Liegenschaften AG,Kreis 7,Witikon,47.35759735107422,8.599311828613281,Private room,0,10,3,2025-05-23,0.07,8,180,0,
52546817,Penthouse Bellevue,144959892,1468425673239432264,Anna Victoria,Kreis 1,Rathaus,47.36883,8.54471,Entire home/apt,,3,0,,,4,0,0,
52596197,4BR Seefeld apartment for families near the lake,19342696,1463076602598263949,Uliana,Kreis 8,Mühlebach,47.35627,8.55649,Entire home/apt,,2,0,,,1,0,0,
52646086,"Charming budget friendly, Zurich‘s best location",5262292,1462539738121106795,Kay,Kreis 8,Seefeld,47.3569,8.55258,Entire home/apt,0,1,36,2026-06-18,0.71,1,23,7,
52663121,Apartment in Zurich at the Stettbach train station,287415517,1463386409317126868,Huseyincan,Kreis 12,Hirzenbach,47.40064,8.59256,Entire home/apt,,1,1,2021-11-02,0.02,1,0,0,
52754106,Cosy & quiet appartement in Zurich,36420428,1465541034406672829,Blandine,Kreis 4,Hard,47.38853,8.49829,Entire home/apt,0,3,82,2026-06-13,1.47,1,121,17,
52784266,Stylish 2 1/2 room apartment with balkony,13570663,1462586915939629182,Residence Services Apartments,Kreis 8,Mühlebach,47.3623253953375,8.551619883479653,Entire home/apt,,2,35,2026-05-15,0.77,55,147,14,
52832623,*my home your home* down town,29497035,1465434180892881927,Ladina,Kreis 4,Langstrasse,47.37974,8.52869,Entire home/apt,,4,3,2022-03-07,0.05,1,0,0,
52849703,Single room with shared bath in a hotel,322266523,1469611213368560489,Krone,Kreis 1,Rathaus,47.37359,8.54235,Private room,,7,0,,,8,0,0,
52877360,Zurich City Center Beautiful Flat,32686636,1465479301008422002,Wael,Kreis 4,Langstrasse,47.37719,8.52848,Entire home/apt,,4,12,2022-09-18,0.21,1,0,0,
52879087,Nice Appartment Zürich Seefeld,405503857,1469855653018946164,Karen,Kreis 8,Seefeld,47.35026,8.56162,Entire home/apt,0,5,11,2024-11-09,0.23,1,352,0,
52886853,"Gemütliche 2,5 Zimmer Wohnung in Zürich",40085055,1465597977557280114,Anouk,Kreis 4,Hard,47.37671620241667,8.515280915213538,Entire home/apt,,10,0,,,1,0,0,
52910357,Penthouse flat in the city center/near lake (SF18),23561865,1465274926504678242,Dimiter,Kreis 8,Mühlebach,47.361256,8.551727,Entire home/apt,0,2,106,2025-12-24,1.89,145,28,15,
53025594,"Beautiful studio ""Piccolo"" fully furnished",371008290,1463547825862567329,Sonia,Kreis 6,Unterstrass,47.395203,8.544974,Entire home/apt,,1,241,2026-05-30,4.26,14,102,14,
53103297,»Cozy Apartment in Zürich«/WLAN/NETFLIX/KITCHEN,348327394,1463501229927504131,Saschja,Kreis 6,Oberstrass,47.39451,8.54618,Entire home/apt,,2,189,2026-06-10,3.36,4,144,30,
53140361,Super bright and beautiful Apartment in Kreis 3,72300833,1462807747763112142,Daniela,Kreis 3,Alt-Wiedikon,47.35934,8.51322,Entire home/apt,0,3,9,2025-08-03,0.20,1,267,3,
53164879,Single Room with shared bathroom in a pop up hotel,322266523,1469611213368560489,Krone,Kreis 1,Rathaus,47.37293,8.54284,Private room,,7,2,2022-02-06,0.04,8,0,0,
53167399,Nice Room in Zurich close to ETH and city,1496480,1462547414505663081,Rene,Kreis 10,Wipkingen,47.39472,8.52629,Private room,0,2,17,2026-04-16,0.35,2,15,9,
53225151,The Pastorini - Design Apartment in Top Location,212648112,1463188915402931413,Delphine,Kreis 7,Hottingen,47.37014,8.55623,Entire home/apt,0,2,103,2026-06-19,1.87,1,103,22,
53253600,Lovely 2.5 bedroom apartment in the center,19468372,1463079291965683295,Jeremie,Kreis 2,Enge,47.35938,8.52614,Entire home/apt,,3,1,2021-11-20,0.02,1,0,0,
53305756,"Amazing view, flat in Zurich, 3-rooms",431559000,1469954033052884646,Norma,Kreis 10,Höngg,47.3974,8.5094,Entire home/apt,0,10,9,2025-06-28,0.19,1,56,0,
53306953,Contemporary Living | 4.5 Zi. Serviced Apartment,83271512,1467008557890184612,José-Luis,Kreis 6,Unterstrass,47.38574,8.53675,Entire home/apt,,90,2,2026-06-15,0.04,27,0,1,
53326254,"Schlafzimmer
 
Kreis 2, Zürich",195015700,1469016255538096093,Kaltrona,Kreis 2,Enge,47.3556,8.52491,Private room,0,1,0,,,1,269,0,
53333102,(8) Cosy & Central Apartment in Zurich,10540353,1462843355485747249,Godfred,Kreis 5,Gewerbeschule,47.38383,8.53011,Entire home/apt,0,1,32,2026-05-12,0.60,2,41,6,
53378114,Lovely central home,22425093,1462621136521386781,Anto,Kreis 4,Werd,47.37337,8.52322,Entire home/apt,,60,7,2024-12-30,0.13,1,365,0,
53444216,Chic & spacious 2-room apartment in hip district 4,432707854,1463688870139157226,Jack,Kreis 4,Hard,47.37751,8.51351,Entire home/apt,0,1,9,2025-09-30,0.17,2,6,1,
53470049,Very sunny 1BR flat in the city center (West4),23561865,1465274926504678242,Dimiter,Kreis 3,Sihlfeld,47.37236,8.519851,Entire home/apt,,2,49,2026-05-12,0.90,145,0,13,
53470490,Bright and quiet studio in the city center (Sky1),23561865,1465274926504678242,Dimiter,Kreis 7,Hirslanden,47.361317,8.564605,Entire home/apt,0,2,54,2026-06-04,1.00,145,34,36,
53636082,Fantastic studio (30sqm) in the city center (Sky2),23561865,1465274926504678242,Dimiter,Kreis 7,Hirslanden,47.36208,8.56496,Entire home/apt,0,2,14,2026-06-14,0.25,145,26,6,
53636512,"Beautiful, quite and very central 2BR flat (Sky3)",23561865,1465274926504678242,Dimiter,Kreis 7,Hirslanden,47.36139678955078,8.564906120300293,Entire home/apt,0,1,65,2026-05-21,1.18,145,97,16,
53644357,1 Large Studio Flat in Zurich/ Kreis 9,12859286,1462897253017499754,Angela,Kreis 9,Albisrieden,47.38076,8.495656,Entire home/apt,,4,5,2025-01-06,0.10,1,0,0,
53730106,Lovely & bright apartment in Zurich,5560027,1462683749586909558,Guillaume,Kreis 9,Albisrieden,47.37125,8.50043,Entire home/apt,,2,19,2025-01-02,0.34,1,0,0,
53819940,Studio in Zürich,435957023,1469971695509352704,Gabriela,Kreis 6,Unterstrass,47.389617919921875,8.544363021850586,Entire home/apt,0,1,61,2026-06-07,1.28,1,5,8,
53839287,Apt 5B: Guest Fav - Downtown 2-BR Loft Apartment,15038541,1462952751435789724,GEMINI Zurich Apartments,Kreis 4,Werd,47.373992919921875,8.521506309509277,Entire home/apt,0,1,258,2026-06-25,5.14,17,46,67,
53857150,Exklusives Studio mit grosser Dachterasse,220105611,1469161375076087156,Timo,Kreis 8,Seefeld,47.36035,8.55052,Entire home/apt,0,2,8,2022-06-03,0.15,1,175,0,
53873626,Cosy apartment in Wiedikon,436378909,1469973394938979495,Mathias,Kreis 3,Alt-Wiedikon,47.36822,8.50976,Entire home/apt,,5,8,2025-09-29,0.23,1,0,1,
53875757,Ein Zuhause in der Stadt,3026473,1462615278928578806,Leandra,Kreis 11,Oerlikon,47.40678,8.55137,Entire home/apt,0,4,35,2025-12-20,0.67,2,149,2,
53877309,Lovely 2 bedroom apartment on the lake in zürich,87400850,1467050820281401923,Ravina,Kreis 8,Seefeld,47.35259,8.55517,Entire home/apt,,3,1,2022-01-01,0.02,1,0,0,
53966197,"Blueground | Oerlikon, storage, near train station",434204093,1468087162878373469,Blueground,Kreis 11,Oerlikon,47.41082379999999,8.547816699999998,Entire home/apt,0,4,3,2025-01-01,0.06,185,365,0,
53971360,"Blueground | Mühlebach, w/d, parking, nr Seefeld",434204093,1468087162878373469,Blueground,Kreis 8,Mühlebach,47.3645607,8.5527619,Entire home/apt,0,4,0,,,185,181,0,
53975416,"Blueground | Oerlikon, storage, near train station",434204093,1468087162878373469,Blueground,Kreis 11,Oerlikon,47.41082379999999,8.547816699999998,Entire home/apt,,30,3,2025-01-05,0.07,185,274,0,
53975418,"Blueground | Oerlikon, balcony, nr train station",434204093,1468087162878373469,Blueground,Kreis 11,Oerlikon,47.41082379999999,8.547816699999998,Entire home/apt,,30,0,,,185,198,0,
54009704,"Blueground | Oerlikon, balcony, nr train station",434204093,1468087162878373469,Blueground,Kreis 11,Oerlikon,47.41082379999999,8.547816699999998,Entire home/apt,,30,1,2022-03-27,0.02,185,91,0,
54012299,"Blueground | Oerlikon, balcony, nr train station",434204093,1468087162878373469,Blueground,Kreis 11,Oerlikon,47.41082379999999,8.547816699999998,Entire home/apt,,30,0,,,185,86,0,
54012373,"Blueground | Oerlikon, balcony, nr train station",434204093,1468087162878373469,Blueground,Kreis 11,Oerlikon,47.41082379999999,8.547816699999998,Entire home/apt,,30,1,2024-05-09,0.04,185,0,0,
54030499,"Blueground | Oerlikon, parking, nr train station",434204093,1468087162878373469,Blueground,Kreis 11,Oerlikon,47.41082379999999,8.547816699999998,Entire home/apt,,30,2,2024-04-27,0.04,185,347,0,
54030514,"Blueground | Oerlikon, parking, nr train station",434204093,1468087162878373469,Blueground,Kreis 11,Oerlikon,47.41082379999999,8.547816699999998,Entire home/apt,,30,1,2022-03-13,0.02,185,122,0,
54116650,"Schönes, ruhiges Zimmer Zürich, zentral",9868934,1462825668807913230,Sarah,Kreis 6,Unterstrass,47.38845,8.53739,Private room,,1,0,,,2,0,0,
54117648,"Blueground | Wollishofen, storage, nr market",434204093,1468087162878373469,Blueground,Kreis 2,Wollishofen,47.344437,8.5307339,Entire home/apt,,30,1,2024-10-29,0.05,185,150,0,
54153366,Nice room at Zurichs most beautiful place,1303137,1462542223331907165,Edwin,Kreis 3,Sihlfeld,47.375,8.51371,Entire home/apt,0,15,0,,,1,124,0,
54196772,Homestay Zürich HB Room,386904919,1469796718826016327,Alina,Kreis 5,Gewerbeschule,47.383759,8.528862,Private room,1,1,8,2022-04-20,0.15,1,180,0,
54244320,Cozy Apartment in Zurich,13514718,1462913037024988029,Ramona,Kreis 3,Friesenberg,47.35721,8.51296,Entire home/apt,0,3,0,,,1,88,0,
54403948,Beautiful room near Opera House,441014800,1463709100456208991,Antonio,Kreis 7,Hottingen,47.36966,8.54981,Private room,1,1,271,2025-12-08,5.08,1,35,23,
537803126344953148,Lovely apartment at Zürichberg close to ETH,158390619,1468543004656851381,Nathalie,Kreis 6,Oberstrass,47.38471,8.55417,Entire home/apt,0,5,9,2024-08-05,0.18,1,363,0,
543368563574489208,Moderne Wohnung mit Balkon im Zentrum von Zürich,362880717,1469728706035882369,Caspar,Kreis 5,Gewerbeschule,47.38233,8.53029,Entire home/apt,,20,0,,,1,83,0,
547087982971728334,big room with balcony in huge shared flat (3P),39029806,1465582959863330304,Daniel,Kreis 11,Seebach,47.41493,8.55934,Private room,,2,1,2023-05-24,0.03,2,0,0,
547578653703132865,Confi room in Zurich nord,142652075,1468408047274326255,Lazhar,Kreis 11,Seebach,47.41843,8.54377,Private room,0,1,1,2024-10-30,0.05,9,365,0,
548595997989270591,"Urban Apartment in Zurich, Switzerland",1363937,1462543804962511606,Julianne,Kreis 12,Hirzenbach,47.39988,8.59239,Entire home/apt,,28,1,2024-07-31,0.04,1,362,0,
549665422143102414,Lovely & cozy appartement in the center of Zürich.,373828896,1463554520494741107,Shella,Kreis 5,Gewerbeschule,47.38557,8.52839,Entire home/apt,,8,12,2025-07-08,0.22,1,91,1,
551979651261017748,"Blueground | Langstrasse, storage, 5 min to tram",434204093,1468087162878373469,Blueground,Kreis 4,Langstrasse,47.374192,8.530747400000001,Entire home/apt,0,4,0,,,185,148,0,
552719518077438912,"Blueground | Unterstrass, storage, 2 min to market",434204093,1468087162878373469,Blueground,Kreis 6,Unterstrass,47.3990426,8.540756199999999,Entire home/apt,0,4,1,2023-10-19,0.03,185,124,0,
554766730267752318,Quiet and cozy room in the heart of Zürich,14668334,1462944050650671276,Lea,Kreis 4,Langstrasse,47.37706,8.52435,Private room,0,1,109,2026-05-05,2.08,3,84,21,
558422101620654584,"Blueground | Langstrasse, storage, 5 min to tram",434204093,1468087162878373469,Blueground,Kreis 4,Langstrasse,47.3787096,8.5218027,Entire home/apt,,30,0,,,185,354,0,
561485600147224542,Gemütliches Loft an zentraler Lage,33492850,1465490038714141971,Denise,Kreis 6,Unterstrass,47.39088,8.5392,Entire home/apt,,5,8,2024-07-27,0.17,1,0,0,
563574040821276452,"Blueground | Wiedikon, storage, nr local market",434204093,1468087162878373469,Blueground,Kreis 3,Sihlfeld,47.3693625,8.5210888,Entire home/apt,,30,0,,,185,92,0,
564099829029576833,Very nice 1BR flat with sunny balcony (Sky4),23561865,1465274926504678242,Dimiter,Kreis 7,Hirslanden,47.36114,8.56495,Entire home/apt,0,2,55,2026-04-21,1.05,145,20,11,
564922422065575393,"Blueground | Werd, furnished, storage area",434204093,1468087162878373469,Blueground,Kreis 4,Werd,47.3708327,8.5260334,Entire home/apt,,30,0,,,185,6,0,
566305751073543970,Chic top-floor apartment in vibrant Zurich,5248440,1462539674724013328,Deborah,Kreis 4,Langstrasse,47.37899,8.53615,Entire home/apt,,6,7,2022-07-15,0.13,1,0,0,
567356657811110556,L'Alma,371008290,1463547825862567329,Sonia,Kreis 6,Unterstrass,47.395199,8.545024,Entire home/apt,0,1,181,2026-05-21,3.43,14,122,4,
568707206326908466,Himmel über Zürich,2942097,1462613066637302074,Felicitas,Kreis 6,Oberstrass,47.38304,8.55055,Entire home/apt,0,4,62,2026-05-22,1.29,1,159,16,
569385070028558835,Nice and big 1BR flat in the city center (West 5),23561865,1465274926504678242,Dimiter,Kreis 3,Sihlfeld,47.37236,8.519851,Entire home/apt,,2,87,2025-01-01,1.65,145,0,0,
571689725226581323,Helle Wohnung in Top Lage mit Balkon,122143687,1468239043413274598,Jens,Kreis 6,Unterstrass,47.39563,8.54037,Entire home/apt,,3,22,2026-06-07,0.42,2,15,4,
574315518365567777,Urban Retreat for Creatives & Entrepreneurs,447676833,1470015816489065575,Yves,Kreis 11,Seebach,47.41308,8.55862,Private room,,3,3,2024-09-26,0.10,1,0,0,
576745986485906233,Kleines Bijoux mit Dachterrasse im Trendviertel,49014599,1465745180531244001,Ralph,Kreis 3,Sihlfeld,47.37332,8.51724,Entire home/apt,,4,6,2023-06-11,0.12,1,0,0,
576748573947061504,Ein Privatzimmer in einer Panorama Wohnung.,380821841,1469778583196804286,Artur,Kreis 7,Witikon,47.35868,8.5819,Private room,0,1,1,2023-06-14,0.03,1,365,0,
576882718670997668,Lovely and cozy apartment in Zurich,4726161,1462664230851572656,Roberta,Kreis 3,Sihlfeld,47.3701,8.52123,Entire home/apt,,1,20,2023-03-30,0.39,1,0,0,
578001105444473594,"Blueground | Oerlikon, storage, nr local market",434204093,1468087162878373469,Blueground,Kreis 11,Oerlikon,47.4072565,8.5514417,Entire home/apt,,30,1,2023-06-25,0.03,185,274,0,
578278992170302067,"Stylish, cosy loft-like apartment in ZH Wiedikon",3540116,1462632068553753900,Roger,Kreis 3,Sihlfeld,47.371239,8.50806,Entire home/apt,,2,13,2025-09-24,0.28,1,0,1,
580040092966431144,Fantastic loft in the trendy Puls5 complex !,13989108,1462927918650748377,Avjana,Kreis 5,Escher Wyss,47.39026,8.51602,Entire home/apt,0,10,8,2025-07-16,0.16,1,362,1,
581687469734958359,"Ruhiges, funktionales Zimmer.",348692276,1463502266938930105,Julia,Kreis 6,Oberstrass,47.38953,8.54975,Private room,0,2,79,2026-06-25,2.60,1,71,31,
583015218437056036,"Cosy bedroom, near Hallenstadion, quiet and cental",67421613,1466833137966658565,Jung Soo,Kreis 11,Oerlikon,47.40851,8.55349,Private room,1,1,123,2026-07-01,2.37,3,23,15,
584050356906853012,Stylish Seefeld Apartment for Design Lovers,449888946,1470026066311869063,Dominik,Kreis 8,Weinegg,47.35912072672932,8.563520738005096,Entire home/apt,0,3,3,2026-01-05,0.24,1,88,2,
587472971220835620,Sunny and quiet 1BR flat city center (Parkview 5),23561865,1465274926504678242,Dimiter,Kreis 7,Hottingen,47.36559,8.55465,Entire home/apt,0,1,63,2026-06-13,1.23,145,10,10,
590568458431108696,Gemütliche Wohnung in Zürich/ Netflix/ Terrasse,348327394,1463501229927504131,Saschja,Kreis 6,Oberstrass,47.39307,8.54667,Entire home/apt,,2,209,2026-06-13,4.08,4,165,41,
596120655858111910,Grosses Zimmer mit Büro und Terrasse,452356390,1463736685641725467,Yve,Kreis 8,Seefeld,47.355751037597656,8.554276466369629,Private room,0,1,79,2026-06-28,1.54,1,126,9,
596993509818384268,Helle Wohnung im hippen Kreis 5,7030232,1462721690789708789,Janna,Kreis 5,Gewerbeschule,47.3858,8.52668,Entire home/apt,,4,1,2022-07-16,0.02,2,0,0,
597113967696802812,Lovely Living room in a shared apartment,144670030,1462971804593681561,Luiz Fernando,Kreis 10,Höngg,47.40793,8.49206,Private room,,2,42,2025-09-28,0.85,1,0,8,
598510790872486016,Aesthetic and Curated Apartment at Kunsthaus,1348435,1462517477132288867,Rafael,Kreis 7,Hottingen,47.37082,8.55322,Entire home/apt,0,2,80,2026-06-28,1.92,4,317,32,
599045269410451379,"Blueground | Leimbach, storage & w/d, nr market",434204093,1468087162878373469,Blueground,Kreis 2,Wollishofen,47.33942039999999,8.518288199999999,Entire home/apt,,30,1,2022-09-30,0.02,185,363,0,
599609062368738052,Einzigartiges SwissStyle Hotel an ruhiger Citylage,249607672,1469323157525578359,Swiss Night,Kreis 7,Hottingen,47.36967,8.55171,Private room,0,1,149,2026-06-15,3.01,2,279,66,
599974705648567963,"Beautiful small Apartment "" El silencio""",371008290,1463547825862567329,Sonia,Kreis 4,Hard,47.380001,8.507076,Entire home/apt,0,1,273,2026-06-14,5.36,14,87,35,
601071894403005782,"Helle, sonnige Wohnung mit Balkon",11601417,1462868586226518962,Fabienne,Kreis 6,Unterstrass,47.3915,8.53832,Entire home/apt,,7,2,2022-09-15,0.04,1,0,0,
601820637000876851,Wohnung zwischen Zürich Stadtzentrum und Flughafen,453567330,1470040844725618422,Waheed,Kreis 11,Seebach,47.42748,8.54903,Entire home/apt,0,2,60,2025-12-27,1.17,1,197,7,
602551672322761005,4-BR Luxury Residence · 250 m² · AC & Parking,90399530,1467093621434773257,Daniella,Kreis 3,Alt-Wiedikon,47.36043,8.52183,Entire home/apt,0,1,6,2026-05-31,0.16,12,333,4,
602777194891984917,Peaceful and Rare in the center of Zurich.Heavenly,443850095,1470001484773372659,Pearl,Kreis 2,Enge,47.35562,8.52942,Private room,0,1,33,2026-05-21,0.65,1,365,2,
603366244501423524,"Blueground | Mühlebach, 2 min walk to market",434204093,1468087162878373469,Blueground,Kreis 8,Weinegg,47.36151479999999,8.560155500000002,Entire home/apt,,30,0,,,185,1,0,
604791667764708746,Cosy & comfy flat in green,327997,1462515818839541244,Elisaveta Maria,Kreis 12,Schwamendingen-Mitte,47.40673,8.56936,Entire home/apt,0,2,2,2022-09-23,0.04,1,87,0,
605348026859680346,cozy apartment with 2 rooms at beautiful Idaplatz,1605276,1462562912747711054,Pauline Marie,Kreis 3,Sihlfeld,47.37534,8.51366,Entire home/apt,,3,0,,,1,0,0,
607028504137988638,Private room  in ZH im House close to ETH,273328456,1463357560103977847,Grazyna,Kreis 11,Affoltern,47.40939,8.52495,Private room,0,1,101,2026-01-01,1.99,2,3,12,
609187746656396937,Aesthetic and Curated Space by the opera & lake,1348435,1462517477132288867,Rafael,Kreis 8,Mühlebach,47.36297,8.55133,Entire home/apt,0,1,122,2026-06-26,2.40,4,264,46,
610476869049419611,Apt 4B: RARE FIND - Spacious 2-BR Downtown Apt,15038541,1462952751435789724,GEMINI Zurich Apartments,Kreis 4,Werd,47.373992919921875,8.521506309509277,Entire home/apt,0,1,277,2026-06-27,5.51,17,74,42,
612810100807159979,Attic room in a quiet top location in Zurich,89063652,1467080097896466536,Ernst,Kreis 7,Hirslanden,47.363106,8.560724,Private room,0,1,108,2026-06-25,2.14,1,308,15,
613557962134314623,Room #35 - small hotel room (4.5m2) w/ shared bath,322266523,1469611213368560489,Krone,Kreis 1,Rathaus,47.37445,8.54364,Private room,,1,99,2026-06-14,1.99,8,101,31,
613749069221024837,"Zimmer in Zürich City-Kingzise-Bett, Bad & Küche",456170777,1470052800709169018,Jenny,Kreis 5,Gewerbeschule,47.381756,8.529105,Private room,0,1,60,2026-06-21,1.21,1,152,23,
614486919328611109,Cozy apartment in Zurich,23231454,1465270409833444655,Yann,Kreis 11,Seebach,47.42659,8.54396,Entire home/apt,,5,3,2024-08-16,0.09,1,0,0,
617877133324898745,City Apartment Close to Zurich Train Station,457076218,1470057497324080658,Teresa,Kreis 5,Gewerbeschule,47.38402,8.53252,Entire home/apt,0,1,207,2026-06-15,4.12,1,111,49,
623050055657361720,Lovely apartment in urban area,23750177,1465278116605768096,Francesca,Kreis 4,Langstrasse,47.38017,8.5264,Private room,0,2,9,2024-10-08,0.20,1,257,0,
625003817505777725,"Blueground | Weinegg, storage, 10 min to Seefeld",434204093,1468087162878373469,Blueground,Kreis 7,Hottingen,47.3662404,8.557332599999999,Entire home/apt,,30,1,2023-05-13,0.03,185,340,0,
625004066446888455,"Blueground | Weinegg, storage, 10 min to Seefeld",434204093,1468087162878373469,Blueground,Kreis 7,Hottingen,47.3661789,8.5572384,Entire home/apt,,30,0,,,185,320,0,
625787494656883308,Spacious room in city centre,91768736,1467108676931393952,Paul,Kreis 7,Hirslanden,47.36409,8.55685,Private room,0,1,39,2026-06-28,0.90,1,264,16,
625844575516430759,2 Zurich flats side by side with lovely city view,62954320,1466777057137816700,Rakhal,Kreis 10,Höngg,47.397865,8.509344,Entire home/apt,,3,0,,,9,0,0,
627439802355893050,Loftartige zentrale Stadtwohnung mit tollem Balkon,459211400,1470067669321827036,Lina-Anna,Kreis 4,Langstrasse,47.38189,8.52823,Entire home/apt,0,2,21,2026-05-24,0.44,1,51,4,
627897428289987644,Fantastic 1BR flat in the city center (Marble1),23561865,1465274926504678242,Dimiter,Kreis 7,Hirslanden,47.360146,8.566816,Entire home/apt,0,2,11,2026-03-08,0.22,145,103,5,
628680541563642961,"Blueground | Weinegg, storage, 10 min to Seefeld",434204093,1468087162878373469,Blueground,Kreis 7,Hottingen,47.3661789,8.5572384,Entire home/apt,,30,0,,,185,0,0,
628732495482460342,Luxury 1 bedroom flat in the center of Zürich,5093960,1462672670103737363,Romain,Kreis 2,Enge,47.359001,8.526709,Entire home/apt,0,6,2,2022-11-16,0.04,1,354,0,
631729209385093367,Unique view & perfect location in the city center,72726774,1462808785404778572,Aurel,Kreis 6,Unterstrass,47.3914,8.53921,Entire home/apt,,7,10,2025-02-21,0.21,1,0,0,
635847582156960192,Not Just a Place to Crash… But A Friendly Host Too,4462872,1462535711952254293,Eder,Kreis 2,Wollishofen,47.34476089477539,8.529504776000977,Private room,0,1,115,2026-06-28,2.31,2,247,23,
636843093676189035,"Zentrale 1,5-Zimmerwohnung mit Bestausstatung",461370157,1463758506885491167,Giuseppe,Kreis 12,Hirzenbach,47.402687,8.577282,Entire home/apt,0,1,84,2025-09-24,1.69,1,173,17,
638956856994404108,Wunderbare Wohnung direkt am Fluss mit Terrasse,11655928,1462869829184621789,Lisa,Kreis 10,Höngg,47.400379,8.492876,Entire home/apt,,10,2,2023-10-19,0.06,1,0,0,
640459963128505977,Lovely 1 bedroom with patio in Zürich,23528828,1465274483509522312,Taymour,Kreis 4,Werd,47.37103,8.52541,Entire home/apt,0,14,17,2025-11-07,0.35,1,264,4,
640569911466338377,Lovely apartment in Zürich,158934066,1468547697449617556,Cinzia,Kreis 3,Sihlfeld,47.37359,8.51931,Entire home/apt,0,5,2,2022-08-15,0.04,1,58,0,
641603523332446954,Art Design Apartment in Zürich,8893127,1462567143832273849,Alexandra,Kreis 7,Hottingen,47.3655,8.5571,Entire home/apt,0,3,12,2025-10-06,0.25,1,355,4,
641669225606642004,Stylish & Cozy Apartment in the Heart of Zurich,14123537,1462931132395900030,Cecilia,Kreis 3,Alt-Wiedikon,47.3620095885759,8.517557568848133,Entire home/apt,0,3,13,2026-01-04,0.27,1,8,6,
641706387948283914,Apt 4A: Downtown: Spacious 2-BR Apartment,15038541,1462952751435789724,GEMINI Zurich Apartments,Kreis 4,Werd,47.37399345979602,8.521506451070309,Entire home/apt,0,1,270,2026-06-23,5.47,17,30,39,
642043926530639250,Light-flooded flat - quite yet close to the center,37692544,1465564273385644674,Dardan,Kreis 7,Hottingen,47.36903,8.55455,Entire home/apt,,6,2,2022-07-09,0.04,1,0,0,
643107186638775793,Modern Maisonette Flat By Main Railway Station,115971976,1468190214287934332,Philipp,Kreis 5,Gewerbeschule,47.38302,8.53331,Entire home/apt,0,4,8,2023-06-05,0.17,1,178,0,
643224956121498372,"Amazing central 3,5 room apartment with own garden",1736709,1462577109741157867,Andrea,Kreis 6,Oberstrass,47.3839179,8.5498586,Entire home/apt,0,6,1,2025-10-06,0.11,1,78,1,
643505173228078839,Cozy studio in Niederdof,157894722,1468538918258684159,Paul-Emile,Kreis 1,Rathaus,47.3702,8.54413,Entire home/apt,,7,2,2023-10-01,0.06,1,0,0,
644871127740121764,1 Quite room in a spacious and central apartment,463247344,1470087311919653481,Björn,Kreis 6,Unterstrass,47.39113716132576,8.54241110572517,Private room,,2,3,2025-07-14,0.24,1,171,2,
645360881517116011,ruhiger Schlafplatz in Zimmer 12 m2 - Gartensicht,244894367,1463284485943083934,Lena,Kreis 7,Witikon,47.35916,8.58922,Private room,0,1,3,2023-06-15,0.06,3,365,0,
647620685779550941,schöne Wohnung Zürich Kreis 4/5,228736833,1469218665769748725,Claudio,Kreis 5,Gewerbeschule,47.38126,8.53178,Entire home/apt,0,2,36,2026-06-20,0.99,1,142,33,
649734080341470480,"Blueground | Wipkingen, storage & w/d, near market",434204093,1468087162878373469,Blueground,Kreis 10,Wipkingen,47.3944122,8.529097100000001,Entire home/apt,0,4,3,2025-06-30,0.09,185,33,1,
649880284283413286,(9) Room in a Central & Cosy Apartment in Zurich,10540353,1462843355485747249,Godfred,Kreis 5,Gewerbeschule,47.3836,8.5317,Private room,0,1,13,2026-04-18,0.27,2,357,8,
650600857656979192,Sehr zentral mitten in Zürich kreis 6,464564086,1470093601417748657,Roman,Kreis 6,Unterstrass,47.39097,8.54367,Private room,0,2,216,2026-06-26,4.54,1,257,46,
651301259359743766,Spacious and bright apartment close to Zurich lake,36181854,1465537312425072141,Lide,Kreis 8,Mühlebach,47.3637682,8.5509684,Entire home/apt,,1,2,2022-11-10,0.04,1,0,0,
651429069182274148,5min from the Lake and close to Center apartment,231788285,1463239434161560113,Melsigen,Kreis 2,Wollishofen,47.33817,8.53029,Entire home/apt,,5,1,2022-07-27,0.02,2,0,0,
653242063441501474,Helles Zimmer mit guter Tram Anbindung,377264005,1469769891969446083,Jakob,Kreis 12,Schwamendingen-Mitte,47.40346,8.55783,Private room,,5,5,2022-10-05,0.10,2,0,0,
653289196048895812,Wunderschöne Wohnung an Top Lage mit Terrasse,1900566,1462581275038692133,Claudia,Kreis 5,Escher Wyss,47.38918,8.52458,Entire home/apt,,4,1,2022-08-03,0.02,1,0,0,
653297247567470950,"Blueground | Weinegg, storage & w/d, near market",434204093,1468087162878373469,Blueground,Kreis 7,Hirslanden,47.36386349999999,8.559407900000002,Entire home/apt,,30,1,2025-10-01,0.11,185,31,1,
653297601716985479,"Blueground | Fluntern, storage & w/d, near market",434204093,1468087162878373469,Blueground,Kreis 7,Fluntern,47.3840998,8.556485799999997,Entire home/apt,,30,0,,,185,49,0,
654792868738733242,Optimum Charming City Flat,22513551,1463181589806066941,Optimum Apartment,Kreis 3,Sihlfeld,47.37328,8.51518,Private room,0,1,1,2023-01-31,0.02,4,28,0,
654839171732045096,grosses Zimmer mit Balkon,16964407,1462999105654744483,Caroline,Kreis 3,Sihlfeld,47.37026,8.52515,Private room,0,2,36,2026-05-30,0.75,1,159,1,
655615107901625688,Tranquil Nature Retreat in Zurich’s Enge District,39261764,1465586348246523856,Mara,Kreis 2,Enge,47.35732,8.52767,Entire home/apt,,3,0,,,1,0,0,
656566836639646136,Cuarto privado en el centro de Zurich,361543,1462516612084087855,Madeleine,Kreis 10,Wipkingen,47.39139,8.52467,Private room,,1,261,2026-06-23,5.39,1,59,57,
659935026967826590,Neu renovierte und möblierte Wohnung,66592862,1462772196521468652,Martin,Kreis 5,Gewerbeschule,47.3813623,8.5334636,Entire home/apt,0,4,36,2026-06-15,0.74,2,221,6,
660106369008280245,Zürich: very nice 1 room apartment,41885270,1465623127252453065,Tristan,Kreis 4,Langstrasse,47.3775,8.52782,Entire home/apt,0,5,1,2022-08-17,0.02,1,89,0,
663491801611555670,Central apartment in Zürich,128520050,1462936118414511491,Elizabeth,Kreis 8,Mühlebach,47.36300163095225,8.550738841295242,Entire home/apt,0,2,43,2025-09-25,0.95,1,120,8,
664302734942761891,Zentrale Wohnung mit Dachterrasse,414936148,1469888110184504252,Zaynab,Kreis 7,Fluntern,47.3740497,8.5541685,Entire home/apt,0,3,7,2026-05-25,0.20,1,12,2,
665959521235052949,Forest view apartment,468214193,1470111065896075476,Melsigen,Kreis 9,Altstetten,47.38905,8.46683,Entire home/apt,,4,1,2022-07-28,0.02,1,0,0,
667356914073648220,Designer 1BR Loft | Balcony | Workspace | Central,9998483,1462572191039281455,Sebastian,Kreis 4,Langstrasse,47.38045167107287,8.526666666424346,Entire home/apt,0,2,131,2026-06-01,2.72,1,154,17,
667796417135022470,Ruhige Wohnung mit herrlichem Ausblick über Zürich,23938207,1465280829771614921,Gorden,Kreis 10,Wipkingen,47.39568,8.52435,Entire home/apt,0,3,1,2022-08-28,0.02,1,146,0,
667937098712980310,Habitación zona 110,468157820,1470110845949103242,Julia,Kreis 11,Affoltern,47.41776,8.51176,Private room,,5,0,,,1,364,0,
668496661336591834,Central Apartment with french balcony and terrace,92098038,1467112345585139450,Duy,Kreis 7,Hottingen,47.3691639,8.5533254,Entire home/apt,,1,6,2023-01-02,0.13,1,0,0,
669593335160853235,Schönes zentrales Zimmer Aussicht,88734683,1467076771812129727,Timo,Kreis 10,Höngg,47.39676,8.51055,Private room,,14,2,2023-05-02,0.04,2,0,0,
669920764669870929,2-Bedroom apartment in upscale Zürich area,8213809,1462564283792741343,Michele,Kreis 7,Fluntern,47.3838114,8.5732995,Entire home/apt,0,2,57,2026-05-21,1.19,1,197,13,
670266764871814104,"City Loft near Park Hyatt with Rooftop, Spa & Gym",90565288,1467095915178057041,Chris,Kreis 2,Enge,47.3653,8.53559,Entire home/apt,,28,1,2022-09-25,0.02,1,60,0,
670594051190709597,"Apartment ""Esperanza""",371008290,1463547825862567329,Sonia,Kreis 6,Unterstrass,47.39517837541865,8.545057626026185,Entire home/apt,,1,184,2026-06-11,3.84,14,102,10,
671610830278550400,City Centre 2-BR Spacious Apt RUBY,15038541,1462952751435789724,GEMINI Zurich Apartments,Kreis 4,Werd,47.3737149,8.5219012,Entire home/apt,0,1,247,2026-06-22,5.31,17,75,30,
672204327674232576,Big Furnished room in the city next to lake,10696193,1462847425989717673,Shelly,Kreis 8,Mühlebach,47.36415,8.55395,Private room,0,1,36,2024-11-08,0.75,3,364,0,
673522463224022823,Bright and cozy 2.5 apartment in Zurich,20942161,1463142532936548535,Lucille,Kreis 7,Hirslanden,47.36449,8.56312,Entire home/apt,0,4,26,2026-01-03,0.56,1,4,6,
676117793477913440,2.5 Zimmer 20m2 Terrase,6996725,1462720840983497489,Álvaro,Kreis 2,Wollishofen,47.34713,8.52991,Entire home/apt,,3,0,,,1,0,0,
677199846049834555,"Whole modern flat with large bed, garden&parking",12410150,1462887102567477748,Yannick,Kreis 11,Affoltern,47.4155408,8.531805799999999,Entire home/apt,,2,26,2025-07-03,0.54,1,0,1,
678729338863376857,Bright apartment close to the lake and the city,35503617,1465524572060650648,Mervé,Kreis 2,Wollishofen,47.35116,8.5313,Entire home/apt,,10,0,,,1,0,0,
681012370246931440,"Comfortable Zurich Studio – Central, Workspace",58818657,1466704666219617003,Book A Home AG,Kreis 11,Affoltern,47.4188639,8.508064599999999,Entire home/apt,,7,3,2026-06-03,0.09,48,43,1,
681659439575161825,Room between City and Nature,14467223,1462939276147608757,Timothée,Kreis 3,Sihlfeld,47.37029,8.50488,Private room,,2,0,,,1,0,0,
681670118780357633,"Comfortable Zurich Studio – Central, Workspace",58818657,1466704666219617003,Book A Home AG,Kreis 11,Affoltern,47.4188639,8.508064599999999,Entire home/apt,0,7,2,2025-11-01,0.17,48,87,2,
681673011920283266,Precious apartment by the lake in central Zurich,22889966,1463190991259434123,Julia,Kreis 8,Seefeld,47.35401,8.55744,Entire home/apt,0,21,16,2026-04-07,0.41,1,170,4,
681675245808226964,Easy Junior One Bedroom Apartment,58818657,1466704666219617003,Book A Home AG,Kreis 11,Affoltern,47.4188639,8.508064599999999,Entire home/apt,,7,3,2025-11-29,0.25,48,87,3,
684477874638014953,Zentrale Wohnung mit Balkon und Blick in den Park,40562977,1465604357558789456,Fanny,Kreis 7,Hottingen,47.36577,8.55379,Entire home/apt,,80,0,,,1,365,0,
685175805052866981,"Blueground | Wiedikon, storage & w/d, near market",434204093,1468087162878373469,Blueground,Kreis 3,Alt-Wiedikon,47.3694273,8.516073,Entire home/apt,,30,0,,,185,272,0,
685180336306331114,"Blueground | Wiedikon, storage, 1 min to market",434204093,1468087162878373469,Blueground,Kreis 4,Werd,47.3698089,8.5261586,Entire home/apt,,30,0,,,185,281,0,
685963161248156425,Sehr schöne und ruhige 2-Zimmer Wohnung im Seefeld,4175228,1462649445427586384,Belma,Kreis 8,Seefeld,47.35941,8.5525,Entire home/apt,0,5,12,2026-06-19,0.26,1,343,4,
686712308211544890,"Gemütliche, zentrale Wohnung mit zwei Balkonen",473431644,1470135122452847113,Sandy,Kreis 3,Alt-Wiedikon,47.36672,8.5209,Entire home/apt,,12,5,2024-04-01,0.11,1,74,0,
688817295338414289,Sleeptrailer - Zürich,223530619,1463214401557009368,Stefan,Kreis 2,Wollishofen,47.336021321862994,8.539429967142036,Entire home/apt,0,1,1,2024-05-10,0.04,1,183,0,
693828242173862402,Charming Apartment in Zurich's Old Town,88250485,1467059882860998332,Peter,Kreis 1,Rathaus,47.36825,8.54396,Entire home/apt,,1,21,2025-05-25,0.45,1,0,0,
694124783083615242,Spacious 3 Bedroom Apartment in Seefeld Zurich,25396096,1465341852865415628,Michael,Kreis 8,Seefeld,47.35778,8.55273,Entire home/apt,0,3,0,,,1,87,0,
696405849693210370,THE GOLDNEST. Exklusive Wohnung in Zürich-West,475666923,1470144427244484165,Werni,Kreis 5,Escher Wyss,47.38723149401352,8.51294877301636,Entire home/apt,0,90,0,,,1,365,0,
696933752500477412,Stylish 2.5 room apartment in Altstetten (Kreis 9),422489508,1469917282361576210,Simon,Kreis 9,Altstetten,47.3886995,8.4831107,Entire home/apt,,5,1,2022-10-02,0.02,1,0,0,
698479731663794661,Cozy flat in Zürichs lively «Kreis 4»,20692163,1463136129862471297,Sven,Kreis 4,Hard,47.37902,8.51371,Entire home/apt,,3,20,2023-11-14,0.43,1,0,0,
699673411237254039,"Elegant, bright and central 2.5 bedroom",67738367,1466836848095039838,Jasmine,Kreis 6,Unterstrass,47.38329,8.54193,Entire home/apt,,150,3,2022-11-11,0.07,1,87,0,
699704496367851435,Schöner pop art Loft Wohnung im Herzen der Zürich,41166900,1465612470429904618,Steg,Kreis 5,Escher Wyss,47.3904405,8.518288,Entire home/apt,0,5,2,2024-09-28,0.08,1,365,0,
700057416312452889,Moderne Wohnung im Herzen von Zürich,412183088,1469878950550390896,Daniel,Kreis 5,Gewerbeschule,47.3847,8.53242,Private room,0,2,1,2022-09-30,0.02,1,363,0,
700516594811549873,City Loft mit Balkon und kostenlosem Parkplatz,76550057,1466938731945291294,Prisca,Kreis 3,Alt-Wiedikon,47.35828,8.5231,Entire home/apt,0,6,16,2025-09-28,0.35,1,364,2,
700573254148512572,"Charming apartment with balcony, great location",39347887,1465587478845336501,David,Kreis 6,Oberstrass,47.3879,8.54602,Entire home/apt,,21,0,,,1,0,0,
703510591302281566,Bijou an ruhiger City-Lage,457741826,1470060879473009560,Celia,Kreis 3,Sihlfeld,47.37311,8.51888,Private room,1,1,29,2026-06-28,0.80,1,12,9,
704113507187087111,"Central & quiet, max. 2, close to train station",21396464,1463154169621229296,Ann,Kreis 5,Gewerbeschule,47.38278,8.52773,Entire home/apt,0,1,68,2026-06-16,1.48,1,100,13,
704438027736960894,Cozy stay 10 minutes from Central Station,27825316,1465410616314150924,Sarah,Kreis 6,Unterstrass,47.38409,8.53897,Entire home/apt,,2,2,2023-09-14,0.04,1,0,0,
705719105096923965,Room close to the Center and Lake of Zurich,231788285,1463239434161560113,Melsigen,Kreis 2,Wollishofen,47.33867,8.52993,Private room,,5,4,2022-12-11,0.09,2,0,0,
709361671005110186,Casa Rocadini - charaktervolle Dachwohnung,97868366,1467178795314422255,Roc-Andrea,Kreis 6,Unterstrass,47.39215,8.53641,Private room,0,2,2,2023-09-16,0.06,1,62,0,
709716976587634109,Cozy 1.5 City Apartment (34m2) with terrace,7927323,1462744779725599944,Nathalie,Kreis 3,Alt-Wiedikon,47.36837906922542,8.509919308125973,Entire home/apt,,7,2,2023-07-17,0.04,1,0,0,
714980616850803304,"Luxury-Apartment w. private e-parking, great view",19785049,1463090968642159426,Harm,Kreis 2,Wollishofen,47.33856,8.51729,Entire home/apt,,2,133,2026-06-08,2.90,2,298,47,
715604932071806008,Cozy & Modern Private Room in shared Apartment,28917055,1465426309969697270,Niven,Kreis 9,Altstetten,47.38755,8.4894,Private room,,14,26,2025-06-21,0.57,1,20,0,
716444823779312887,"Günstige Zimmer
In der Stadt Zürich",184862810,1468955575134756286,Saziye,Kreis 11,Affoltern,47.42205,8.49543,Private room,,1,8,2022-11-05,0.17,1,0,0,
717828191938180495,"Cosy, centrally located Room for 2",10790544,1462575840734954089,Nadine,Kreis 10,Wipkingen,47.39506,8.52211,Private room,,4,0,,,3,0,0,
718627994044543213,Lovely Studio Apartment in Zürich,20550826,1462613583435287342,Alina,Kreis 11,Oerlikon,47.40223,8.54466,Entire home/apt,,14,6,2024-08-27,0.13,1,11,0,
720092458426634563,Amazing/sunny 2BR flat in the city center (West 6),23561865,1465274926504678242,Dimiter,Kreis 3,Sihlfeld,47.3723789,8.519819499999999,Entire home/apt,0,2,95,2026-05-13,2.10,145,20,33,
721610415656222299,Spezielle Wohnung über den Dächern der Stadt,19677309,1463087879714379503,Seyran,Kreis 9,Altstetten,47.38972,8.49742,Entire home/apt,,5,1,2022-11-01,0.02,2,0,0,
721635695758807601,Room in a beautiful shared Artist Place,19677309,1463087879714379503,Seyran,Kreis 9,Altstetten,47.38938,8.49717,Private room,,7,2,2022-10-27,0.04,2,0,0,
722406234532861465,Comfortable room near city center,25022432,1465331287027531606,Jean,Kreis 11,Oerlikon,47.40366,8.55028,Private room,,1,14,2025-08-29,0.31,1,0,5,
722414784205602391,Lovely 1-Bedroom rental unit with patio,31322521,1465460730520216230,Nerina,Kreis 10,Höngg,47.40051,8.50822,Entire home/apt,,2,3,2022-12-11,0.07,1,0,0,
724460219492192816,Beautiful flat to rent in summer,51296651,1465799413511923638,Julia,Kreis 3,Sihlfeld,47.37186,8.51093,Entire home/apt,,1,0,,,1,360,0,
725249118903808110,Modern eingerichtetes serviced Apartment,481259085,1470167241997342559,Lamira,Kreis 2,Wollishofen,47.3296,8.51744,Entire home/apt,0,1,43,2026-06-27,0.95,7,334,2,
725363995464372922,Ganze 1 Etage + Wohnzimmer + Garten + Parkplätze,132766673,1468327392036524262,Bozena,Kreis 7,Witikon,47.35907333488794,8.596556335687637,Entire home/apt,,1,4,2022-11-28,0.09,1,0,0,
725797996385236322,"Spacious, modern apartment with a spectacular view",19511339,1463080205262473730,Michael,Kreis 5,Escher Wyss,47.3905,8.51898,Entire home/apt,,4,2,2023-01-02,0.05,1,0,0,
730090478725919720,Modern eingerichtetes serviced Apartment in Zürich,481259085,1470167241997342559,Lamira,Kreis 2,Leimbach,47.3313,8.51612,Private room,0,1,4,2026-05-29,0.09,7,341,2,
731759565624441590,"Next to Zürich lake, Oper house",482489240,1470172689869443178,Yongli,Kreis 8,Seefeld,47.3607,8.54819,Entire home/apt,,1,248,2025-12-21,5.58,1,0,38,
733788052423392656,One-Bedroom Condo in Central Zurich,426295892,1469932527175969021,Amin,Kreis 4,Langstrasse,47.37746,8.52271,Entire home/apt,0,1,98,2026-06-29,3.11,1,1,42,
735597608870312914,Private bedroom in Zürich Höngg,11688696,1462579551058792313,Jasmina,Kreis 10,Höngg,47.39514,8.51048,Private room,0,10,2,2023-04-18,0.05,1,90,0,
739039447589071860,Charming apartment in trendy quarter,71345273,1466882452280642279,Diana,Kreis 3,Sihlfeld,47.373298,8.5179259,Entire home/apt,,7,0,,,1,0,0,
739126300918548100,Design flat in the heart of Zurich (8004),8113414,1462749481787507160,Valentino,Kreis 4,Werd,47.36978,8.52859,Entire home/apt,,5,5,2024-07-30,0.12,1,0,0,
739154001660172477,Schöne frisch renovierte Wohnung nahe Innenstadt,483857695,1470178517464073561,Laura,Kreis 11,Oerlikon,47.40538,8.54953,Entire home/apt,,1125,2,2022-11-20,0.05,1,365,0,
739571627711709522,Modern eingerichtetes serviced Apartment,481259085,1470167241997342559,Lamira,Kreis 2,Leimbach,47.33051137003371,8.5164379932541,Entire home/apt,0,1,5,2026-06-21,0.13,7,343,2,
740268827990260895,"Blueground | Wiedikon, storage, 6 min to market",434204093,1468087162878373469,Blueground,Kreis 3,Friesenberg,47.35386199999999,8.5094792,Entire home/apt,,30,2,2024-01-03,0.06,185,349,0,
740269265468118188,"Blueground | Wiedikon, storage, 3 min to market",434204093,1468087162878373469,Blueground,Kreis 3,Sihlfeld,47.3713017,8.5203628,Entire home/apt,,30,1,2026-05-18,0.68,185,285,1,
741461900345748903,Lovely 1-bedroom near Zurich HB,70910817,1466877498041371596,Steph,Kreis 5,Gewerbeschule,47.38213,8.53054,Entire home/apt,,7,0,,,1,0,0,
741755576158997173,"City Center
Lake Loft",446918642,1470012840849236324,Eliya,Kreis 2,Enge,47.35997,8.53213,Entire home/apt,,2,2,2023-08-13,0.05,1,0,0,
742967584627745608,Homey,374137193,1469760713577297298,Andrea,Kreis 3,Alt-Wiedikon,47.36432,8.521,Private room,,10,0,,,1,0,0,
743372349924506137,"Zürich, spacious room within a cosy appartement",237241244,1469262460530087877,Cesar,Kreis 11,Oerlikon,47.40383,8.55016,Private room,,1,4,2024-02-19,0.10,1,0,0,
744014464111374057,Zentrale 4.5 Zimmer Wohnung Kreis 3,99578935,1467196894852873112,Stephanie,Kreis 3,Alt-Wiedikon,47.36105,8.52088,Entire home/apt,,5,0,,,1,0,0,
744189674376560543,Cosy and Central Room close to Zurich Main Station,484777210,1470182471763153668,Gloria,Kreis 5,Gewerbeschule,47.3845,8.52929,Private room,,1,8,2023-01-01,0.18,1,0,0,
746258495944429875,Fantastic 1 BR flat in the city center (West 7),23561865,1465274926504678242,Dimiter,Kreis 3,Sihlfeld,47.3723614,8.5198506,Entire home/apt,0,1,111,2026-06-06,2.50,145,64,43,
746944790960120566,Modern eingerichtetes serviced Apartment in Zürich,481259085,1470167241997342559,Lamira,Kreis 2,Leimbach,47.330555,8.5164219,Entire home/apt,0,1,54,2026-06-17,1.24,7,307,16,
749177634243116416,"Bright, cozy 3 bedroom apartment with garden",7178265,1462559657501981533,Roxanne,Kreis 11,Affoltern,47.41611,8.53154,Entire home/apt,0,30,0,,,1,267,0,
751379419923905342,Gemütliches serviced Apartment in Zürich,481259085,1470167241997342559,Lamira,Kreis 2,Leimbach,47.33015,8.51582,Entire home/apt,0,1,17,2026-05-22,0.40,7,318,2,
751422446803301141,Bright 1-BR - Zürich West,90399530,1467093621434773257,Daniella,Kreis 4,Hard,47.3842915,8.5077803,Entire home/apt,,1,6,2026-05-29,0.20,12,87,2,
752700244931395185,"Blueground | Leimbach, storage, 5 min to market",434204093,1468087162878373469,Blueground,Kreis 2,Leimbach,47.32578840000001,8.5186526,Entire home/apt,,30,2,2025-10-10,0.05,185,273,1,
752700650623233688,"Blueground | Wiedikon, storage, 1 min to market",434204093,1468087162878373469,Blueground,Kreis 3,Sihlfeld,47.3700748,8.5108416,Entire home/apt,,30,1,2023-10-08,0.03,185,150,0,
752700995491174738,"Blueground | Wiedikon, storage, 1 min to market",434204093,1468087162878373469,Blueground,Kreis 3,Sihlfeld,47.3755316,8.514229799999999,Entire home/apt,,30,0,,,185,175,0,
752701261288857798,"Blueground | Wiedikon, storage, 1 min to market",434204093,1468087162878373469,Blueground,Kreis 3,Sihlfeld,47.3755316,8.514229799999999,Entire home/apt,,30,0,,,185,0,0,
752701531274021472,"Blueground | Wiedikon, storage, 1 min to market",434204093,1468087162878373469,Blueground,Kreis 3,Sihlfeld,47.3755316,8.514229799999999,Entire home/apt,,30,1,2025-05-24,0.07,185,273,0,
752701783438571970,"Blueground | Wiedikon, storage, 1 min to market",434204093,1468087162878373469,Blueground,Kreis 3,Sihlfeld,47.3755316,8.514229799999999,Entire home/apt,,30,0,,,185,0,0,
752702056814108872,"Blueground | Wiedikon, storage, 1 min to market",434204093,1468087162878373469,Blueground,Kreis 3,Sihlfeld,47.3755316,8.514229799999999,Entire home/apt,,30,0,,,185,334,0,
752797169391904112,Beautiful family-friendly apartment in Zurich,17210520,1463004726254810868,Maya,Kreis 11,Oerlikon,47.4038623,8.549666199999999,Entire home/apt,,7,4,2023-02-19,0.09,1,0,0,
753523240882398688,gemütliche Wohnung im Kreis 4,546862,1462521331419251829,Özgür Baris,Kreis 4,Hard,47.3769759,8.5162207,Entire home/apt,,1,6,2023-09-21,0.14,1,0,0,
754889672438726674,"Blueground | Wiedikon, storage, 1 min to market",434204093,1468087162878373469,Blueground,Kreis 3,Sihlfeld,47.3755316,8.514229799999999,Entire home/apt,,30,1,2023-01-08,0.02,185,0,0,
755813814430517636,Central family home in quiet neighborhood,4426780,1462657195934828458,Alan,Kreis 2,Enge,47.36443,8.52732,Entire home/apt,0,20,1,2023-07-01,0.03,1,148,0,
756452840069052781,Altbauwohnung mit Garten,487035579,1470192085114382481,Amina,Kreis 6,Unterstrass,47.38355,8.54445,Entire home/apt,0,3,5,2024-09-15,0.18,1,237,0,
757113823094960105,"Blueground | Wiedikon, storage, 1 min to market",434204093,1468087162878373469,Blueground,Kreis 3,Sihlfeld,47.3755316,8.514229799999999,Entire home/apt,,30,0,,,185,1,0,
757668779179052466,"Arty Zurich Home | AC | Central, Calm & Spacious",9637493,1462570476869904837,Eddie,Kreis 7,Hottingen,47.36503,8.55453,Entire home/apt,0,2,13,2026-06-22,0.43,1,347,8,
757808596296685265,Modern flat near Lake Zurich and centre,16205917,1462981099464396010,Caroline,Kreis 2,Wollishofen,47.33678,8.53279,Entire home/apt,,14,0,,,1,0,0,
760108029517135003,Temporary WG Room (3 months),83054141,1467006286862536946,Nico,Kreis 6,Unterstrass,47.3906299,8.537491,Private room,,30,0,,,1,0,0,
760212387140568015,Furnished flat in front of Zürich HB,23031722,1463194447715270859,Leonardo,Kreis 5,Gewerbeschule,47.38037,8.53621,Entire home/apt,0,14,0,,,1,121,0,
761246013351671345,Zimmer mit Wohnzimmer & Balkon in perfekter Lage,377264005,1469769891969446083,Jakob,Kreis 3,Alt-Wiedikon,47.36639,8.52075,Private room,0,5,0,,,2,32,0,
761544444376051217,Cozy room in the heart of Zurich,21750,1462506952670320129,Leila,Kreis 3,Alt-Wiedikon,47.3648283,8.5165397,Private room,,3,10,2024-08-23,0.23,3,0,0,
762135776495249165,Neues serviced Apartment in Zürich,481259085,1470167241997342559,Lamira,Kreis 2,Leimbach,47.330555,8.5164219,Entire home/apt,0,1,62,2026-04-25,1.43,7,340,7,
763485942216974435,Moderne Wohnung in Zürich City,40680733,1465605944715604259,Jérôme,Kreis 4,Langstrasse,47.37864,8.52595,Entire home/apt,,2,1,2023-12-30,0.03,1,0,0,
765686312018529593,"Blueground | Wiedikon, storage, 1 min to market",434204093,1468087162878373469,Blueground,Kreis 3,Sihlfeld,47.3710739,8.5198204,Entire home/apt,,30,1,2024-07-13,0.04,185,150,0,
765686860159689065,"Blueground | Wollishofen, w/d & storage, nr market",434204093,1468087162878373469,Blueground,Kreis 2,Wollishofen,47.338338,8.520264300000001,Entire home/apt,,90,0,,,185,0,0,
766353282665001147,Studio Apartment,488823664,1470200106123665161,Yvonne,Kreis 4,Hard,47.38002955938213,8.507161930688474,Entire home/apt,,5,7,2024-06-14,0.16,2,0,0,
766356667639924809,Studio apartment,488823664,1470200106123665161,Yvonne,Kreis 4,Hard,47.3800027,8.5070713,Entire home/apt,,5,4,2024-06-21,0.10,2,0,0,
767466007284734204,Privatzimmer mit Balkon,16140713,1462596750257469113,Juan,Kreis 9,Altstetten,47.38484,8.49707,Private room,0,7,0,,,1,365,0,
768243498203790860,"Gemütliche, kleine Dachwohnung",20048370,1463097541465950028,Jan,Kreis 3,Alt-Wiedikon,47.36811,8.52175,Entire home/apt,,14,0,,,1,0,0,
770006779660182625,"Blueground | Wiedikon, storage, 1 min to market",434204093,1468087162878373469,Blueground,Kreis 3,Sihlfeld,47.37553,8.51423,Entire home/apt,,30,0,,,185,273,0,
770915187791627937,Perfect flat in the center,192031145,1468998204201650221,Nicolas,Kreis 7,Hottingen,47.36836,8.55884,Entire home/apt,,9,0,,,1,0,0,
770963155924489071,Sunny 3-BR Duplex · Rooftop Terrace · Zürich West,90399530,1467093621434773257,Daniella,Kreis 4,Hard,47.3840999,8.5081704,Entire home/apt,,1,34,2026-06-01,0.80,12,336,7,
776769647793613775,Studio in the center of Zurich,6143311,1462699017179246023,Olga,Kreis 7,Hottingen,47.36577,8.55094,Entire home/apt,,3,19,2025-09-30,0.48,1,0,5,
776852055247184013,Business Apartment,490612951,1470208944346745620,Nuriah Ann,Kreis 9,Altstetten,47.38531769999999,8.4938127,Entire home/apt,0,7,0,,,1,83,0,
777209437923941352,"Space of serenity for 2, bedroom with kitchen",142652075,1468408047274326255,Lazhar,Kreis 11,Seebach,47.4197245,8.5509808,Private room,0,1,1,2023-09-24,0.03,9,364,0,
777503603708259161,Schöne Wohnung mit Aussicht,88734683,1467076771812129727,Timo,Kreis 10,Höngg,47.39655,8.5104,Entire home/apt,,10,5,2025-08-24,0.12,2,0,1,
777654484577879621,Stylish apt in center of Zurich,4422477,1462535490573363881,Crystal,Kreis 3,Alt-Wiedikon,47.36939,8.51893,Entire home/apt,,21,0,,,1,0,0,
778779352177391592,Stylish room in center of Zurich,38259402,1465572458687530546,Giacomo,Kreis 3,Alt-Wiedikon,47.36815,8.51958,Private room,,7,0,,,1,0,0,
779528252156872024,Peaceful flat in lively area,491022221,1470210818581051375,Andrew,Kreis 3,Sihlfeld,47.37411,8.51616,Entire home/apt,,1,1,2023-01-01,0.02,3,0,0,
779539271509520587,Magical 100m2 Loft with a view,6040497,1462696293332502113,Daniel,Kreis 5,Escher Wyss,47.39016301612076,8.517472743988037,Entire home/apt,0,6,3,2025-02-15,0.08,1,6,0,
780410031196887110,Fresh room in hip area,90626068,1467096536237834614,Douglas,Kreis 5,Gewerbeschule,47.38328,8.52949,Private room,,1,21,2024-10-20,0.49,2,0,0,
780458540827196394,Roomy Apartment + Roof Terrace in a Lively Quarter,20560196,1463122171652734751,Lous,Kreis 3,Sihlfeld,47.3740889,8.5181644,Entire home/apt,,4,10,2024-05-09,0.25,1,0,0,
780917244283391530,Studio in the heart of Zurich,51054044,1465792671618008674,Schervin,Kreis 7,Hottingen,47.3666337,8.5575308,Entire home/apt,,2,30,2024-02-02,0.70,1,0,0,
781260982411449593,Ideal Seefeld 2 Bed Apartment near lake,1868017,1462580459639633338,Ilan,Kreis 8,Weinegg,47.35473,8.56269,Entire home/apt,,3,1,2023-11-05,0.03,1,0,0,
782447707656145356,Numa | M Studio w/ Kitchenette & Balcony,491260554,1470211953206574210,Numa Zurich Craft,Kreis 4,Langstrasse,47.3740579,8.5298406,Entire home/apt,,1,286,2026-06-15,7.07,4,279,72,
784790506221484152,Home away from home,75558392,1487906327853189561,Filipa,Kreis 3,Alt-Wiedikon,47.36705,8.52069,Entire home/apt,0,1,226,2026-06-24,5.28,3,46,62,
785317667669306495,"Blueground | Langstrasse, storage & w/d, nr market",434204093,1468087162878373469,Blueground,Kreis 4,Langstrasse,47.3765319,8.5343261,Entire home/apt,,30,0,,,185,0,0,
786042528911170324,In the center of Zürich,1488153,1462547188805278878,Leonid & Blanca,Kreis 10,Wipkingen,47.3922,8.52631,Entire home/apt,,7,1,2023-01-05,0.02,1,187,0,
786125923672610340,Designer Wohnung zentral gelegen,62806261,1466774985887159573,Vanessa,Kreis 6,Oberstrass,47.3824773612744,8.546110396295177,Entire home/apt,0,4,11,2026-05-24,0.29,1,24,1,
786202348634319894,Comfort 1ROOM APT- Zurich airport,90399530,1467093621434773257,Daniella,Kreis 11,Seebach,47.424048,8.5442476,Entire home/apt,,1,2,2025-12-05,0.18,12,350,2,
786685202596686541,Lovely studio near Sihl river,3886168,1462532393098022489,Aurélien,Kreis 3,Alt-Wiedikon,47.35992,8.52166,Entire home/apt,,7,2,2024-06-07,0.05,1,0,0,
787455250433138425,"Blueground | Wiedikon, storage & w/d, nr market",434204093,1468087162878373469,Blueground,Kreis 3,Sihlfeld,47.3712536,8.521014,Entire home/apt,,30,2,2025-03-12,0.05,185,0,0,
787469846025806189,"Blueground | Wiedikon, storage & w/d, nr market",434204093,1468087162878373469,Blueground,Kreis 3,Sihlfeld,47.3712536,8.521014,Entire home/apt,,30,2,2024-07-28,0.06,185,0,0,
787474880019798301,"Blueground | Wiedikon, storage & w/d, nr market",434204093,1468087162878373469,Blueground,Kreis 3,Sihlfeld,47.3712536,8.521014,Entire home/apt,0,4,3,2024-06-16,0.09,185,47,0,
787507603435676718,"Blueground | Wiedikon, storage & w/d, nr market",434204093,1468087162878373469,Blueground,Kreis 3,Sihlfeld,47.3712536,8.521014,Entire home/apt,,30,2,2024-01-04,0.06,185,181,0,
787512131895007332,"Blueground | Wiedikon, storage & w/d, nr market",434204093,1468087162878373469,Blueground,Kreis 3,Sihlfeld,47.3712536,8.521014,Entire home/apt,,30,1,2023-11-03,0.03,185,357,0,
787515150552579820,"Blueground | Wiedikon, storage & w/d, nr market",434204093,1468087162878373469,Blueground,Kreis 3,Sihlfeld,47.3712536,8.521014,Entire home/apt,,30,4,2026-05-01,0.12,185,334,1,
787584214704321805,Bedroom in peaceful flat,491022221,1470210818581051375,Andrew,Kreis 3,Sihlfeld,47.37375,8.516,Private room,,1,2,2023-01-18,0.05,3,0,0,
787811471184291124,Appartamento nel cuore di Zurigo,492430332,1470217276912602974,Simone,Kreis 2,Enge,47.3613754,8.5267157,Entire home/apt,0,1,11,2025-09-07,0.33,1,173,3,
789686911381188108,Helles Zimmer in toller Wohnung mit Dachterrasse,1509734,1462547772271043766,Zelia,Kreis 4,Hard,47.37581,8.51703,Private room,0,2,0,,,1,207,0,
789774947575143611,Spacious 2 BR near city center,26758199,1529316688263280121,Alex,Kreis 10,Wipkingen,47.39196273866153,8.535126373171806,Entire home/apt,0,6,7,2026-04-16,0.16,1,131,4,
789865589424773562,Serviceapartment mit Weitsicht über Zürich,43420353,1462693726637392520,Kilian,Kreis 7,Witikon,47.35889,8.59853,Entire home/apt,0,5,0,,,2,364,0,
791147078481973687,"Blueground | Wiedikon, storage & w/d, nr market",434204093,1468087162878373469,Blueground,Kreis 3,Sihlfeld,47.3712536,8.521014,Entire home/apt,,30,2,2023-08-06,0.05,185,334,0,
791258865978979136,Gemütliche Wohnung Zürich,350209962,1469697562038943876,Jennifer,Kreis 6,Oberstrass,47.38502,8.55078,Entire home/apt,,7,0,,,1,0,0,
792481244037376760,Wohnung im zentralen Hottingen nähe Kunsthaus,269461061,1469423844867890387,Fee,Kreis 7,Hottingen,47.36698,8.55302,Entire home/apt,,3,7,2023-09-08,0.17,1,0,0,
793331833337837435,Big bedroom in peaceful flat,491022221,1470210818581051375,Andrew,Kreis 3,Sihlfeld,47.37273,8.51625,Private room,,1,0,,,3,0,0,
793885972392464384,Close to nature and the city center,493581616,1470222197654035944,Elisabeth,Kreis 7,Witikon,47.35452,8.60061,Entire home/apt,0,3,36,2025-12-28,0.86,1,37,7,
793901633555600823,Apartment in hip area,90626068,1467096536237834614,Douglas,Kreis 5,Gewerbeschule,47.38416,8.528,Entire home/apt,,2,3,2023-09-10,0.08,2,0,0,
795455372759094505,Cozy studio in great location!,46484222,1465696245687513397,Itamar,Kreis 4,Hard,47.37972,8.51052,Entire home/apt,,3,7,2024-07-10,0.18,1,0,0,
796155553016388784,Private room,79739161,1466973586553150615,Thomas,Kreis 2,Enge,47.35831,8.52525,Private room,,1,86,2023-10-10,2.02,1,0,0,
796312598977684326,Zimmer mit grossartiger Aussicht,37014946,1465551232352013539,Onur,Kreis 5,Escher Wyss,47.39123436337442,8.52007046341896,Private room,0,1,28,2026-01-02,0.76,1,79,8,
797575777508179682,Numa | M Studio w/ Kitchen & Balcony,491260554,1470211953206574210,Numa Zurich Craft,Kreis 4,Langstrasse,47.3740579,8.5298406,Entire home/apt,0,1,207,2026-05-30,5.11,4,328,46,
797663636479617672,Numa | XL Duplex Studio w/ Kitchen & 2 Sofabeds,491260554,1470211953206574210,Numa Zurich Craft,Kreis 4,Langstrasse,47.3740579,8.5298406,Entire home/apt,0,1,43,2026-05-20,1.07,4,203,10,
797672457202738457,Numa | L Studio w/ Kitchen near Botanical Garden,491260554,1470211953206574210,Numa Zurich Craft,Kreis 4,Langstrasse,47.3740579,8.5298406,Entire home/apt,,1,18,2026-04-29,0.52,4,289,13,
798205443246657580,Private Bedroom in my Zurich Apartment,2174302,1462522654206609394,Tomas,Kreis 9,Altstetten,47.38508,8.49906,Private room,0,2,47,2024-12-11,1.16,1,7,0,
799016018902809662,Comfy room for rent,186399063,1468964550015841146,Josie,Kreis 11,Oerlikon,47.41383770956745,8.545293189153357,Private room,,3,0,,,2,365,0,
799287406768677423,Wohnung in Zürich Wiedikon,2603378,1462599949333767222,Daniela,Kreis 3,Sihlfeld,47.37413,8.5137,Entire home/apt,0,1,15,2026-06-16,0.45,1,52,5,
799676965040111007,Traumwohnung mit Dachterrasse im Kreis 4,10669181,1462846737748219358,Alessandro,Kreis 4,Langstrasse,47.377862067292455,8.526993580162525,Entire home/apt,,5,3,2026-04-10,0.07,1,0,2,
799750007761030919,Schöne zentrale Altbau-Wohnung in Zürich,337883617,1469656527398735262,Simona,Kreis 2,Enge,47.36112,8.52848,Entire home/apt,0,10,9,2024-12-27,0.22,1,177,0,
799912856522276280,"Private Room in shared flat, Kreis 3 (Wiedikon)",9482450,1462815283607875700,Lindsay,Kreis 3,Alt-Wiedikon,47.3696692,8.5133201,Private room,0,7,7,2024-07-21,0.17,2,60,0,
800561891437522113,Terrific penthouse in the city center - Hösch 6,23561865,1465274926504678242,Dimiter,Kreis 8,Mühlebach,47.3591318,8.5570135,Entire home/apt,0,1,40,2026-06-09,0.97,145,21,4,
800719670974969387,Lovely room in the heart of Zurich,62452339,1466770307970435086,Sofia,Kreis 3,Sihlfeld,47.3695,8.52135,Private room,,2,58,2026-05-24,1.38,2,0,10,
801360818468304522,Cozy studio in Zurich,7344907,1462729488776773196,Antoine,Kreis 3,Alt-Wiedikon,47.36666659999999,8.5119317,Entire home/apt,,10,21,2025-08-09,0.51,1,0,1,
801866305812779717,Süsse Wohnung inZürcher Altstadt3,97637352,1467176174076049374,Angela,Kreis 1,Rathaus,47.3680549,8.545272299999999,Entire home/apt,0,1,120,2026-06-24,2.92,1,218,13,
801891962420139241,Beautiful & spacious apartment,21026377,1463144781833051000,Hannah,Kreis 11,Oerlikon,47.4020752,8.5507151,Entire home/apt,,7,1,2024-06-28,0.04,1,0,0,
802805902156427365,"Blueground | Wiedikon, storage & w/d, nr market",434204093,1468087162878373469,Blueground,Kreis 3,Sihlfeld,47.3712536,8.521014,Entire home/apt,,30,0,,,185,365,0,
803673423933970692,Nest between forest and lake!,44230762,1465656981424709787,Rocco,Kreis 7,Witikon,47.35866,8.5847,Entire home/apt,0,1,13,2025-08-10,0.32,1,71,1,
804076111518272770,Cozy studio close to the city,41605118,1465618252328502371,Stjepan,Kreis 3,Alt-Wiedikon,47.36077,8.51688,Entire home/apt,,2,2,2023-09-03,0.05,1,0,0,
806988462303303035,"Blueground | Enge, storage & w/d, in Fifa Museum",434204093,1468087162878373469,Blueground,Kreis 2,Enge,47.3633348,8.531703300000002,Entire home/apt,,30,0,,,185,185,0,
807673500411077145,Spacious & Central  3-BR Apt - A RARE GEM! Turquoi,15038541,1462952751435789724,GEMINI Zurich Apartments,Kreis 4,Langstrasse,47.3736225,8.5273522,Entire home/apt,0,1,298,2026-06-25,7.15,17,27,54,
807687294713917562,Fantastic Penthouse (Mainau 14),23561865,1465274926504678242,Dimiter,Kreis 8,Mühlebach,47.36123180000001,8.5520385,Entire home/apt,0,2,98,2026-06-05,2.38,145,15,20,
808365033574156284,"Blueground | Wiedikon, storage, 1 min to market",434204093,1468087162878373469,Blueground,Kreis 3,Sihlfeld,47.3755316,8.514229799999999,Entire home/apt,,30,1,2023-11-26,0.03,185,3,0,
808369565226483782,"Blueground | Wiedikon, storage & w/d, nr market",434204093,1468087162878373469,Blueground,Kreis 3,Sihlfeld,47.3712536,8.521014,Entire home/apt,0,4,2,2023-12-07,0.06,185,270,0,
809441668318244477,Loft close to the City Center,497259174,1470237229836429101,Alina,Kreis 2,Enge,47.35969,8.52525,Entire home/apt,0,2,11,2025-01-01,0.28,1,56,0,
810280833409217393,Sonniges Zimmer mit Gartenblick,497461496,1470238021491329243,Manuel,Kreis 7,Witikon,47.3601192031622,8.581170178949833,Private room,0,1,17,2026-06-21,0.46,1,268,3,
810740689169989959,"Blueground | Altstadt, w/d, nr Old Town",434204093,1468087162878373469,Blueground,Kreis 1,Rathaus,47.37321439999999,8.5452654,Entire home/apt,,30,1,2024-06-28,0.04,185,195,0,
810778436489156487,"Blueground | Wiedikon, storage, 1 min to market",434204093,1468087162878373469,Blueground,Kreis 3,Sihlfeld,47.3755316,8.514229799999999,Entire home/apt,,30,0,,,185,212,0,
812041505324942078,Zimmer 2,150950946,1468483539456274133,Rodriguez,Kreis 10,Höngg,47.40424,8.5007,Private room,,2,104,2025-01-23,2.51,3,2,0,
812356569172133661,22m² Privates Zimmer im Kreis 6,497947828,1470240068443599499,Willemien & Roberto,Kreis 6,Unterstrass,47.39151469999999,8.5377465,Private room,0,2,48,2026-06-03,1.17,1,90,3,
813360337250214922,"Comfortable apartament ""Nuvola""",371008290,1463547825862567329,Sonia,Kreis 6,Unterstrass,47.39626,8.54536,Entire home/apt,0,1,206,2026-05-22,4.98,14,106,20,
815459554993467105,Roof-Apartment in Zürich,62495262,1466770820243752749,Alban,Kreis 2,Wollishofen,47.33561140437911,8.528819732960098,Entire home/apt,,30,1,2026-04-29,0.48,1,161,1,
816009663595526391,Luxury App. with awesome view,383830319,1469787212739412235,Alexander,Kreis 3,Sihlfeld,47.37954,8.50555,Entire home/apt,,10,0,,,1,358,0,
816348246914256969,2 Zimmer Wohnung,11422762,1462864477105524374,Kathi,Kreis 12,Hirzenbach,47.4046747,8.5849941,Entire home/apt,,2,9,2023-05-29,0.22,1,0,0,
816647174110717748,Cozy apartment in Zürich City,3623859,1462635106893528615,Rob,Kreis 3,Alt-Wiedikon,47.36688,8.50791,Entire home/apt,0,2,35,2026-05-26,0.86,1,312,7,
817290390244943332,Urban rooftop getaway,90437848,1462848905477784972,Lukas,Kreis 4,Langstrasse,47.3781,8.52794,Entire home/apt,0,2,102,2024-09-22,2.49,1,86,0,
818534542045129353,"Blueground | Wiedikon, storage & w/d, nr market",434204093,1468087162878373469,Blueground,Kreis 3,Sihlfeld,47.3712536,8.521014,Entire home/apt,0,4,1,2023-05-31,0.03,185,51,0,
823892862861523782,Gorgeous aptm in great location!,920484,1462533297151792212,John,Kreis 11,Seebach,47.41459192591577,8.552868065387376,Entire home/apt,0,5,3,2023-03-13,0.07,1,27,0,
823926119878115850,Cozy room in zurich central area,3544458,1462632142289256581,Mari,Kreis 5,Gewerbeschule,47.38398959389327,8.528668414596604,Private room,0,1,26,2026-06-04,1.93,2,64,25,
824289034935505361,Ruhige Wohnung zentral gelegen,192508728,1469001058651942693,Leonie,Kreis 3,Sihlfeld,47.36876,8.52402,Entire home/apt,,2,3,2023-12-03,0.08,1,0,0,
825397924032575462,Traumhafte Altbauwohnung,3429553,1462629171412914182,Rogelio,Kreis 4,Werd,47.37113,8.5257,Entire home/apt,,1,1,2023-06-06,0.03,1,0,0,
826559073027703243,Zentrale Wohnung Kreis 5,28459172,1465420014975773395,Anissa,Kreis 5,Gewerbeschule,47.37993,8.53743,Private room,0,1,247,2026-06-24,6.54,1,157,65,
827268614586080000,"1 Bedroom Penthouse Apartment L, Seefeld",24506494,1465305511219168260,EMA House,Kreis 8,Seefeld,47.36109,8.550345,Entire home/apt,0,3,3,2026-06-16,0.11,19,303,1,
827558458176105861,Room in the center of Zurich,133367744,1487927692568251511,Sherley,Kreis 3,Sihlfeld,47.37083,8.52353,Private room,,2,67,2026-06-14,1.65,1,0,17,
827773376272531501,3.5 Zimmer Altbau Wohnung - Enge,267497855,1469414156472845255,Andreas,Kreis 2,Enge,47.354451309678524,8.52693859487772,Entire home/apt,,10,0,,,1,364,0,
828153919418355293,Comfort 2BDR APT - Zurich Airport,90399530,1467093621434773257,Daniella,Kreis 11,Seebach,47.4240478,8.544249899999999,Entire home/apt,,1,21,2026-04-04,0.53,12,207,7,
828179479306496732,Cosy bedroom,122970914,1468245338157222791,Blanca,Kreis 9,Albisrieden,47.37495,8.50143,Private room,0,1,110,2026-06-21,2.69,1,325,20,
829420766709616396,Urban Jungle: Cozy Oasis Near Letzigrund Stadium,126878757,1468276571992567780,Michał,Kreis 9,Altstetten,47.3869021,8.4973171,Entire home/apt,0,1,92,2026-06-14,2.34,2,9,24,
829810160896451878,Cozy apartment in Zurich,62452339,1466770307970435086,Sofia,Kreis 3,Sihlfeld,47.36931,8.52359,Entire home/apt,0,3,3,2024-07-19,0.07,2,149,0,
830173842208584712,Ruhige Stadtwohnung mit Terrasse,16295677,1462983294258589069,Melanie,Kreis 9,Albisrieden,47.377729,8.4819438,Entire home/apt,,5,4,2023-08-18,0.10,1,0,0,
830402342617740629,Cool and calm flat - Zurich Lochergut,2584800,1462599345559301678,Zeke,Kreis 4,Langstrasse,47.37582,8.51873,Private room,0,3,7,2026-06-27,0.18,1,42,3,
830929329029177055,Cozy & Central in Wipkingen (female only),420248331,1469908375047110775,Özge,Kreis 10,Wipkingen,47.38901,8.5358,Private room,0,3,0,,,1,82,0,
831010255437719912,Spacious Rooftop Apartment with Incredible Views,501947842,1470256978418695995,Laura,Kreis 5,Escher Wyss,47.38936,8.52211,Entire home/apt,,2,12,2024-01-02,0.31,1,0,0,
831146976155513561,Geschätzt einfache Wohnung,22653650,1462622087094711400,Johnatan,Kreis 10,Höngg,47.4014336,8.498986799999999,Entire home/apt,,5,1,2023-05-29,0.03,1,0,0,
833062379261846735,Apartment for sublet in Zurich (Kreis 3),76715481,1466940405903311702,Oscar,Kreis 3,Sihlfeld,47.37346,8.51949,Entire home/apt,,30,0,,,1,0,0,
834172569237871335,In the heart of Zurich,178679,1462511869938828481,⁨Mr.⁩,Kreis 2,Enge,47.35982,8.52774,Entire home/apt,,14,0,,,1,0,0,
834935368984865069,A very charming apartment 2 rent,502800244,1470260577982688882,Salman,Kreis 12,Saatlen,47.41263,8.56751,Entire home/apt,0,7,1,2023-03-26,0.03,1,365,0,
835481714246032290,Studio Room - Heart of City,222814543,1463212491051447039,Haoran,Kreis 1,Hochschulen,47.37703,8.54316,Entire home/apt,,1,154,2026-02-04,3.80,14,231,23,
835565712641029153,Old town Studio in heart of the city,222814543,1463212491051447039,Haoran,Kreis 1,Hochschulen,47.37703,8.54531,Entire home/apt,0,1,82,2026-05-23,2.02,14,111,16,
835625025024303651,City Center Studio near ETH Zürich HB,222814543,1463212491051447039,Haoran,Kreis 1,Rathaus,47.37519,8.54522,Entire home/apt,0,1,53,2026-02-16,1.31,14,259,5,
836310892179046027,Schönes Zimmer in einer privaten Wohnung,4248093,1462651560239965671,Sabine,Kreis 12,Hirzenbach,47.3971621,8.5886079,Private room,,1,3,2023-08-24,0.08,2,0,0,
840364585999374089,Geschmackvolle Stadtwohnung,8408035,1462767488160716799,Laura,Kreis 4,Langstrasse,47.3759451,8.524125999999999,Entire home/apt,0,2,24,2026-06-07,0.60,1,53,5,
841091757250001536,THE FLAG Zurich - Business Single Apartment,175646878,1468702909837248846,Felix,Kreis 9,Altstetten,47.3873736,8.4940452,Private room,0,1,8,2025-10-20,0.20,8,312,1,
841109685194952934,THE FLAG Zurich - Comfort Single Apartment,175646878,1468702909837248846,Felix,Kreis 9,Altstetten,47.3873736,8.4940452,Private room,0,1,12,2026-04-19,0.31,8,181,2,
841120502500902193,THE FLAG Zurich - Executive Single Apartment,175646878,1468702909837248846,Felix,Kreis 9,Altstetten,47.3873736,8.4940452,Private room,0,1,5,2026-04-16,0.42,8,328,5,
841182463481618980,THE FLAG Zürich - Loft Premium on the Rooftop,175646878,1468702909837248846,Felix,Kreis 9,Altstetten,47.3873736,8.4940452,Private room,0,1,4,2026-03-28,0.11,8,282,2,
841258749433274419,"8049 Zürich, wohnen im Grünen",504154030,1470266441157691002,Irene,Kreis 10,Höngg,47.41488750000001,8.4747037,Entire home/apt,0,2,30,2026-06-21,0.81,1,238,9,
841865455074739199,Cozy 1BR near Goldbrunnenplatz,34758783,1465512783850536512,Stefanie,Kreis 3,Sihlfeld,47.37225030677618,8.51134090358817,Entire home/apt,0,3,5,2024-07-11,0.17,1,82,0,
842430987733026875,"Studio Apartment, Franklinstrasse",17484617,1463011174324430050,Cristiana,Kreis 11,Oerlikon,47.4092679,8.5451025,Entire home/apt,0,2,5,2026-05-21,0.13,23,117,3,
842452180459549348,"1-Bedroom Apartment, Franklinstrasse",17484617,1463011174324430050,Cristiana,Kreis 11,Oerlikon,47.4092679,8.5451025,Entire home/apt,0,2,0,,,23,98,0,
842783808030546755,Gemütliche Wohnung an bester Lage im Kreis 4,481508453,1463804539742695110,Dragesa,Kreis 4,Langstrasse,47.3773108,8.5291036,Entire home/apt,,2,123,2026-06-16,3.08,5,273,27,
843412532356976921,Cozy flat in vivid area,17401515,1463009242108530314,Sa,Kreis 4,Hard,47.37574,8.51749,Entire home/apt,0,1,3,2025-06-23,0.24,1,25,0,
846336856496218349,Beautiful studio by lake,11711737,1462871255081228934,Anna,Kreis 2,Enge,47.364131538572444,8.534279895770274,Entire home/apt,0,7,14,2026-01-26,0.39,1,239,7,
851850848252849624,"Cozy, sunny, city center 1BR flat (Marble 3)",23561865,1465274926504678242,Dimiter,Kreis 7,Hirslanden,47.3601469,8.5668119,Entire home/apt,0,2,59,2026-05-09,1.49,145,22,12,
851877560051711265,Very central and sunny 2BR flat (Marble 2),23561865,1465274926504678242,Dimiter,Kreis 7,Hirslanden,47.3601469,8.5668119,Entire home/apt,0,1,86,2026-05-12,2.21,145,14,38,
851895118288393619,"Beautiful, quite and very central 2BR flat (Sky6)",23561865,1465274926504678242,Dimiter,Kreis 7,Hirslanden,47.3614065,8.5650704,Entire home/apt,0,1,61,2026-06-05,1.55,145,25,14,
855711311651562351,Grosses Mansardenzimmer mit reichem Frühstück,446342895,1470010700951592430,Natascha,Kreis 8,Seefeld,47.35528,8.55586,Private room,0,2,8,2026-05-25,0.22,1,218,2,
856506414058519661,Cozy Studio Apartment,24627099,1465310536430345980,Kathrin,Kreis 2,Enge,47.35676,8.52755,Entire home/apt,,1,48,2025-06-21,1.25,1,0,0,
857757268178759399,Habitación cómoda en Zürich,140452053,1468389699740775564,Roberto,Kreis 11,Affoltern,47.418155032737474,8.508577533066273,Private room,0,1,3,2024-07-17,0.08,1,229,0,
857853127012377268,"Blueground | Unterstrass, storage, near Old Town",434204093,1468087162878373469,Blueground,Kreis 6,Unterstrass,47.3866968,8.543127700000001,Entire home/apt,,30,0,,,185,0,0,
859821205109771570,1 Room in Entertainment District,508012667,1470283662879556106,Gabriela,Kreis 4,Langstrasse,47.37875,8.52806,Entire home/apt,,2,5,2023-05-20,0.13,1,0,0,
860669329105045849,Zimmer mit Dachterrasse,8411816,1462767542837662755,Sophie,Kreis 4,Langstrasse,47.3784467,8.5285869,Private room,0,2,10,2026-06-12,0.25,1,364,5,
860823521329212488,Enchanting 1BR Haven in Prime Zurich,1229459,1462516724433258317,Swissstay Apartments,Kreis 1,Rathaus,47.37092,8.54422,Entire home/apt,,1,55,2026-04-25,1.40,78,306,5,
862941944829617942,Optimum City view Studio / free parking,22513551,1463181589806066941,Optimum Apartment,Kreis 3,Friesenberg,47.35878362727706,8.498048046032709,Entire home/apt,0,3,0,,,4,305,0,
863055096646489906,Studio in Central Zurich.,99049810,1467191040283966123,Antonio,Kreis 4,Hard,47.37912279442791,8.51639551551119,Entire home/apt,0,1,0,,,1,363,0,
864392225447162717,"10 min to HB, next to the Opera & Kunsthaus",25107983,1462632177899841773,Lana,Kreis 7,Hottingen,47.3659,8.5565,Entire home/apt,0,2,11,2026-04-01,0.33,1,70,7,
867077410461411002,Comfort 1-bedroom Apartment,509519782,1470290656562046311,Living Downtown,Kreis 3,Sihlfeld,47.37324,8.51997,Entire home/apt,0,2,0,,,7,364,0,
867096473686561120,Presidential suite,509519782,1470290656562046311,Living Downtown,Kreis 4,Werd,47.37422,8.51985,Entire home/apt,,7,0,,,7,365,0,
867112818182097599,Premium Apartments-3.5 rooms,509519782,1470290656562046311,Living Downtown,Kreis 3,Sihlfeld,47.37265,8.51805,Entire home/apt,0,2,1,2026-06-06,1,7,350,1,
867114860765225717,Luxury Apartments-3.5 rooms,509519782,1470290656562046311,Living Downtown,Kreis 3,Sihlfeld,47.37316,8.51884,Entire home/apt,0,2,0,,,7,359,0,
867114919829948530,Luxury Apartments- 2.5-rooms,509519782,1470290656562046311,Living Downtown,Kreis 3,Sihlfeld,47.37322,8.52078,Entire home/apt,0,2,1,2025-09-07,0.10,7,364,1,
867122996178576221,Swas Business Apartments,509519782,1470290656562046311,Living Downtown,Kreis 4,Hard,47.38709,8.50257,Entire home/apt,0,2,1,2026-05-19,0.70,7,364,1,
867126885463955224,Suite Apartments By Living Downtown,509519782,1470290656562046311,Living Downtown,Kreis 9,Albisrieden,47.3762,8.4909,Entire home/apt,0,2,0,,,7,362,0,
869261422741466411,Orbit - In the heart of Zurich,91958184,1467110757698822153,Milan,Kreis 1,Lindenhof,47.37032144536216,8.54109026491642,Entire home/apt,0,1,217,2026-06-25,5.58,1,138,79,
871569367098563199,"Appartement, Centre, Wiedikon",104674430,1467258096759948035,Jules,Kreis 4,Werd,47.3723712,8.5240567,Entire home/apt,,3,126,2025-08-01,3.26,1,0,7,
872343712931267300,Room in Zurich City next to Lake,10696193,1462847425989717673,Shelly,Kreis 8,Mühlebach,47.36381,8.55287,Private room,0,1,63,2025-08-20,1.63,3,365,2,
872521064940552667,Sunny bedroom in beautiful loft,4124134,1462648057786723355,Antranik,Kreis 11,Oerlikon,47.40416,8.55197,Private room,,1,22,2026-06-01,0.59,2,349,5,
873117844498595674,"Beautiful, stylish 3BR city apt",380888793,1463569640549544874,Nico,Kreis 7,Hirslanden,47.3634328,8.5676109,Entire home/apt,,2,185,2026-06-25,4.80,3,341,42,
873352562306241777,Fu Ma,100457841,1467206461842732533,Yuxia,Kreis 11,Affoltern,47.42492575876604,8.499320894479752,Private room,,1,0,,,1,358,0,
873724659294392413,Bright large flat at Kunsthaus,5105764,1462672980101348127,Pierre,Kreis 7,Hottingen,47.3680433,8.5519912,Entire home/apt,,3,2,2024-01-08,0.05,1,0,0,
874394306908557135,Lightful apartment in Zurich,9075860,1462794306034647146,Giulia,Kreis 9,Altstetten,47.39072,8.48456,Entire home/apt,,5,0,,,1,0,0,
876012602984828916,STAYY Bijou Balgrist Childrenhospital - Parking,38886244,1465581013407015882,Patrick,Kreis 8,Weinegg,47.3555802,8.5745335,Entire home/apt,0,1,59,2026-05-12,1.62,5,252,14,
876111617817116087,Stylish & Cozy Flat in Centre,362701555,1469728238221507021,Samuel,Kreis 4,Werd,47.3698995,8.5271242,Entire home/apt,0,6,2,2025-06-21,0.05,1,63,0,
877428904150484741,"Bright, Spacious Flat Near Zurich HB & Airport",538961,1462521114356443042,Alexandra,Kreis 6,Unterstrass,47.40169,8.53775,Entire home/apt,,2,0,,,1,0,0,
878003903876354172,"Blueground | Unterstrass, storage, near market",434204093,1468087162878373469,Blueground,Kreis 6,Unterstrass,47.3866968,8.543127700000001,Entire home/apt,,30,1,2023-09-10,0.03,185,323,0,
878026895426691607,Gemütliches Haus mit Garten und Parkplatz,15378757,1462960845849825877,Valentino,Kreis 11,Seebach,47.4200066,8.5504432,Entire home/apt,,4,34,2026-05-11,0.90,1,256,11,
878281922203565883,Stunning Rooftop View - Central Zurich - Top floor,4332149,1462653976594187541,Mario,Kreis 1,Hochschulen,47.3790539,8.5448612,Entire home/apt,0,5,117,2026-06-04,3.06,1,70,20,
878681003524206323,Studio flat close to the lake,4462872,1462535711952254293,Eder,Kreis 2,Wollishofen,47.3447647,8.5295082,Entire home/apt,,1,0,,,2,0,0,
878708631078587843,Gemütliches Zimmer für 1 Person am Stadtrand,161314619,1468569775297646027,Raffaela,Kreis 2,Leimbach,47.32420646273172,8.514833450317383,Private room,1,1,5,2026-06-21,3.85,2,74,5,
881690290835335197,"Lovely, clean, bright Studio",23656409,1465276219700371220,Henriette,Kreis 9,Altstetten,47.3805022,8.479812299999999,Entire home/apt,,20,0,,,1,0,0,
883752842761390254,"Fantastic, very central studio (Sun 1)",23561865,1465274926504678242,Dimiter,Kreis 6,Unterstrass,47.38255849999999,8.5442055,Entire home/apt,,2,114,2026-06-17,3.06,145,147,44,
883805841039600250,"Terrific studio in the city center, sunny  (Sun 2)",23561865,1465274926504678242,Dimiter,Kreis 6,Unterstrass,47.38255849999999,8.5442055,Entire home/apt,,1,116,2026-06-10,3.12,145,116,38,
883822562499681135,Nice and very central 1BR flat (Sun 3),23561865,1465274926504678242,Dimiter,Kreis 6,Unterstrass,47.38255849999999,8.5442055,Entire home/apt,,2,118,2026-06-12,3.17,145,151,24,
883840255220390833,"Amazing, central, sunny 1BR flat (Sun 12)",23561865,1465274926504678242,Dimiter,Kreis 6,Unterstrass,47.38255849999999,8.5442055,Entire home/apt,,2,67,2026-03-07,1.80,145,4,29,
885227334071225766,Gästezimmer ruhig schön 15 m2 mit Gartensicht,244894367,1463284485943083934,Lena,Kreis 7,Witikon,47.35897,8.58976,Private room,0,1,0,,,3,365,0,
885331914157039751,Beautiful apartment in Zurich,255809846,1469351833708338203,Ekaterina,Kreis 8,Mühlebach,47.36534,8.55028,Entire home/apt,0,4,0,,,1,364,0,
886997709762276529,"Cozy, central flat in Zurich (6)",461233337,1470077337312344430,Maxime,Kreis 6,Unterstrass,47.39317,8.54417,Entire home/apt,,7,0,,,1,0,0,
887028830601660701,Tolle Wohnung in Altstetten,402242435,1469844506993374123,Daniel,Kreis 4,Hard,47.38878,8.49922,Entire home/apt,,1,0,,,1,87,0,
887323336908333599,wohnen in architekturikone,6261485,1462702011847797726,Anna,Kreis 9,Albisrieden,47.36672,8.49436,Entire home/apt,,2,0,,,1,362,0,
887355391301981871,"Haubarg
Bequemes Zimmer in ausgezeichneter Lage",140148745,1462962186874089223,Luiz,Kreis 11,Seebach,47.4149569,8.5489416,Private room,0,1,121,2026-06-27,3.20,1,37,27,
888309544518575693,Zh Digitus - Riesbach HITrental Apartments,12886487,1462897903332723581,Stephanies,Kreis 8,Weinegg,47.35625,8.57219,Entire home/apt,,1,8,2026-01-02,0.22,99,239,3,
888340297679251668,Zh Mandibula 3 - Riesbach HITrental Apartments,12886487,1462897903332723581,Stephanies,Kreis 8,Weinegg,47.35741,8.57207,Entire home/apt,0,1,4,2026-06-28,0.11,99,269,2,
888340299922627619,Zh Tibia 2 - Riesbach HITrental Apartments,12886487,1462897903332723581,Stephanies,Kreis 8,Weinegg,47.35668,8.5718,Entire home/apt,0,1,10,2025-12-12,0.28,99,257,4,
888340313344548148,Zh Ulna 2 - Riesbach HITrental Apartments,12886487,1462897903332723581,Stephanies,Kreis 8,Weinegg,47.35666,8.57191,Entire home/apt,,1,3,2026-04-04,0.08,99,273,1,
888340634386991793,Zh Maxilla 3 - Riesbach HITrental Apartments,12886487,1462897903332723581,Stephanies,Kreis 8,Weinegg,47.35672,8.57324,Entire home/apt,0,1,0,,,99,325,0,
888340640432401741,Zh Fibula 2 - Riesbach HITrental Apartments,12886487,1462897903332723581,Stephanies,Kreis 8,Weinegg,47.35749,8.5722,Entire home/apt,0,1,3,2026-06-21,0.13,99,326,2,
888340678306710579,Zh Radius - Riesbach HITrental Apartments,12886487,1462897903332723581,Stephanies,Kreis 8,Weinegg,47.35639,8.57387,Entire home/apt,,1,1,2023-05-24,0.03,99,150,0,
888340807316306636,Zh Ulna 1 - Riesbach HITrental Apartments,12886487,1462897903332723581,Stephanies,Kreis 8,Weinegg,47.35624,8.5732,Entire home/apt,0,1,7,2026-03-21,0.25,99,259,2,
888341691372485180,Zh Tibia 1 - Riesbach HITrental Apartments,12886487,1462897903332723581,Stephanies,Kreis 7,Hirslanden,47.35764,8.57358,Entire home/apt,0,1,3,2026-05-15,0.13,99,322,2,
888341905942818073,Zh Fibula 1 - Riesbach HITrental Apartments,12886487,1462897903332723581,Stephanies,Kreis 8,Weinegg,47.35772,8.57245,Entire home/apt,0,1,7,2026-02-01,0.24,99,294,3,
888341946665996589,Zh Clavicula 3 - Riesbach HITrental Apartments,12886487,1462897903332723581,Stephanies,Kreis 8,Weinegg,47.35638,8.57342,Entire home/apt,,1,4,2026-04-05,0.12,99,334,2,
889006772248290989,Room for 2 in townhouse / close to Taylor Swift,3092677,1462618171728428716,Diego,Kreis 9,Altstetten,47.38483,8.49756,Private room,,1,0,,,2,0,0,
889075737863900334,Zh Radius 2 - Riesbach HITrental Apartments,12886487,1462897903332723581,Stephanies,Kreis 7,Hirslanden,47.35769,8.57401,Entire home/apt,,1,3,2026-06-18,0.12,99,253,2,
889075777409901421,Zh Radius 1 - Riesbach HITrental Apartments,12886487,1462897903332723581,Stephanies,Kreis 7,Hirslanden,47.35794,8.57373,Entire home/apt,0,1,0,,,99,213,0,
889457239512430257,Amazing big studio city center (Sun 7),23561865,1465274926504678242,Dimiter,Kreis 6,Unterstrass,47.38255849999999,8.5442055,Entire home/apt,0,2,40,2026-05-31,1.08,145,30,17,
889889984575318825,"Amazing studio the city center, very sunny (Sun 4)",23561865,1465274926504678242,Dimiter,Kreis 6,Unterstrass,47.38255849999999,8.5442055,Entire home/apt,0,2,47,2026-06-13,1.26,145,17,8,
891141437620891014,Swiss Accommodation auf Zeit,514669571,1470315016070680705,Swiss,Kreis 4,Langstrasse,47.379182,8.5262475,Private room,,7,0,,,1,89,0,
891702599108405529,Charming Ground-Floor Apartement with Green View,484635309,1470181922036958554,Laura,Kreis 6,Unterstrass,47.389004195638904,8.541185785577966,Entire home/apt,,3,1,2026-01-02,0.16,1,0,1,
893155018666068269,Amazing studio/the city center (Sun 5),23561865,1465274926504678242,Dimiter,Kreis 6,Unterstrass,47.38255849999999,8.5442055,Entire home/apt,0,2,27,2026-05-20,0.73,145,16,11,
894281545341145578,Beautiful Loft - Zurich Berninaplatz,4124134,1462648057786723355,Antranik,Kreis 11,Oerlikon,47.40279,8.55194,Entire home/apt,0,2,5,2025-01-02,0.21,2,16,0,
895493074447184134,1-BR + Balcony · Zürich West,90399530,1467093621434773257,Daniella,Kreis 4,Hard,47.3840999,8.5081704,Entire home/apt,,1,18,2026-05-28,0.52,12,92,4,
897011883925294207,Upgrade - The grande Suite City Center of Zurich,347850668,1469690136216267036,Arina Vermieter,Kreis 2,Enge,47.36274,8.52644,Entire home/apt,,4,7,2025-01-04,0.19,1,0,0,
898534458183614760,Schönes Zimmer im Zentrum von Zürich,195629786,1469019781387478980,Florian,Kreis 11,Oerlikon,47.40137,8.54639,Private room,,1,2,2023-10-26,0.05,1,0,0,
898803289581533441,Apt 3A: Central Location: Spacious 2-BR Apartment,15038541,1462952751435789724,GEMINI Zurich Apartments,Kreis 4,Werd,47.3739935,8.5215063,Entire home/apt,0,1,186,2026-06-19,5.12,17,56,33,
898803294461571982,Apt 1A - City Centre: Charming & New 2-BR Apt,15038541,1462952751435789724,GEMINI Zurich Apartments,Kreis 4,Werd,47.3739935,8.5215063,Entire home/apt,0,1,195,2026-06-22,5.36,17,76,42,
898803298900946366,Apt 3B - Downtown Spacious 2-BR Apartment,15038541,1462952751435789724,GEMINI Zurich Apartments,Kreis 4,Werd,47.3739935,8.5215063,Entire home/apt,0,1,185,2026-05-03,5.07,17,37,10,
899300235453535541,Bella stanza,516504005,1470323602278202890,David,Kreis 9,Altstetten,47.39082240407062,8.487517163157463,Private room,,1,0,,,1,0,0,
900444146921410444,Cozy & quiet room in city-center,227434797,1469210927491222672,Thomas,Kreis 4,Langstrasse,47.37664,8.52362,Private room,,1,79,2026-04-12,2.11,2,0,26,
904070939793011929,Double Room in shared flat in central Zurich,9208177,1462808279501884310,Lorenzo,Kreis 9,Altstetten,47.3872224,8.4767367,Private room,,7,2,2024-01-02,0.07,1,0,0,
906982322935227808,"Zurich DT (1+1 room, 55 sqm)",34541936,1465507726438345467,Strahinja,Kreis 4,Hard,47.37843040000001,8.5141005,Entire home/apt,,1,113,2026-05-31,3.03,11,4,19,
907692052540877523,Central luxury apartment,3146704,1462620228581760542,Frederik,Kreis 11,Oerlikon,47.40472006904529,8.549652564158917,Entire home/apt,,2,10,2024-06-02,0.28,1,0,0,
908669225511385777,Cozy Room in a shared  sunny apartment,420033964,1469907498865864292,Antonio,Kreis 9,Altstetten,47.38331,8.48304,Private room,0,2,12,2026-05-28,0.35,1,362,4,
909882225277381494,Schöne 2-Zimmer Wohnung in Bestlage nahe See.,122485505,1468241638090526325,Mika,Kreis 8,Mühlebach,47.3648345,8.549878,Entire home/apt,0,2,136,2026-06-21,3.70,1,63,32,
909882459159828759,"Blueground | Escher Wyss, storage, nr station",434204093,1468087162878373469,Blueground,Kreis 5,Escher Wyss,47.391406,8.5101746,Entire home/apt,,30,0,,,185,0,0,
912227226993533036,Bright Apartment with Garden and City View,18670915,1463058855109056940,Katja,Kreis 10,Wipkingen,47.39863,8.51538,Entire home/apt,0,3,5,2025-07-22,0.14,1,143,2,
912751390402811880,Ruhig und zentral mit Aussicht,233503003,1469243814990511886,Diana,Kreis 10,Höngg,47.40174,8.50293,Private room,,1,10,2023-07-23,0.27,1,0,0,
913549863056235097,Cozy Studio for Ladies only.,519947777,1470339485355689182,Laura,Kreis 9,Albisrieden,47.370127898813685,8.489799017999262,Private room,0,3,0,,,1,179,0,
914424410638034221,Lake Side : Stunning .,401181453,1469840973822357190,Sam,Kreis 8,Mühlebach,47.36474,8.55095,Private room,,2,0,,,1,364,0,
915199775832888633,Luxury flat close to the lake,520354208,1470341431266782365,Isabelle,Kreis 2,Wollishofen,47.34725,8.53023,Entire home/apt,,5,5,2025-08-02,0.14,1,0,2,
915743157172708710,Zurich Gold Coast Apartment,30723120,1465452093015662283,Mehdi,Kreis 8,Mühlebach,47.35925,8.55452,Entire home/apt,,6,3,2025-04-29,0.09,1,0,0,
916679701844054459,3-Zimmer-Wohnung mit Garten,21198955,1463149081557618918,Patricia,Kreis 10,Wipkingen,47.38731,8.53352,Entire home/apt,,3,4,2025-08-10,0.11,1,0,1,
917237717257474918,Apt 2A - RARE FIND: City Centre 2-BR Apt,15038541,1462952751435789724,GEMINI Zurich Apartments,Kreis 4,Werd,47.3739935,8.5215063,Entire home/apt,0,1,249,2026-06-24,6.87,17,44,66,
917243256870580397,Apt 2B: Central Location: Spacious 2-BR Apartment,15038541,1462952751435789724,GEMINI Zurich Apartments,Kreis 4,Werd,47.3739935,8.5215063,Entire home/apt,,1,229,2026-06-24,6.29,17,41,46,
917861021749645073,Central Zürich - NEW apartment,520991329,1470344254454413360,Gloria,Kreis 7,Hottingen,47.36556,8.56044,Entire home/apt,0,4,21,2024-12-25,0.64,1,334,0,
918213971431815706,Comfortable apartment in Zurich,430794442,1469950846195435835,Gianluca,Kreis 4,Hard,47.38057,8.50868,Entire home/apt,0,1,1,2023-08-12,0.03,1,17,0,
918586022096296699,Pet-Friendly 2Bd/2Ba Oasis—4 Mins to Lake Zurich,26239938,1465359991194104385,Tobias,Kreis 8,Mühlebach,47.35658,8.55784,Entire home/apt,1,1,53,2026-06-10,1.49,1,309,14,
919687481995644072,Casa de Zürich (City),394925715,1469821553355715691,David,Kreis 9,Altstetten,47.3855704,8.4928458,Private room,0,1,4,2023-07-10,0.11,1,90,0,
919979992633903069,"Blueground | Wiedikon, w/d & storage room, nr tram",434204093,1468087162878373469,Blueground,Kreis 3,Alt-Wiedikon,47.3694273,8.516073,Entire home/apt,,30,3,2025-10-31,0.08,185,153,1,
921084220429937150,"72 sqm , 2 bedroom 1 living room",34541936,1465507726438345467,Strahinja,Kreis 4,Hard,47.37951,8.51459,Entire home/apt,,1,91,2025-11-01,2.48,11,0,13,
922188156631186616,"Big studio city center, quite - Marble 4",23561865,1465274926504678242,Dimiter,Kreis 7,Hirslanden,47.3601469,8.5668119,Entire home/apt,0,2,6,2026-06-06,0.17,145,80,3,
922209694349397369,"Big studio city center, quite (Marble 5)",23561865,1465274926504678242,Dimiter,Kreis 7,Hirslanden,47.3601469,8.5668119,Entire home/apt,0,2,35,2026-05-10,1.36,145,80,18,
922508907322236967,Three level attic flat,4557490,1462660383015751723,Sveta,Kreis 4,Werd,47.37116,8.5282,Entire home/apt,,2,1,2025-07-25,0.09,1,0,1,
922558773455165996,"Central, bright flat at Hardbrucke, Zurich",9398217,1462813115012134642,Olga,Kreis 5,Escher Wyss,47.38792,8.51483,Entire home/apt,,2,5,2025-09-29,0.19,1,42,3,
923276588611233820,Modern flat in a residential area in Zurich,43594158,1465647276572591676,Kris,Kreis 9,Altstetten,47.38484,8.47908,Entire home/apt,0,15,3,2024-10-15,0.08,1,91,0,
923299937789589999,"Modern, central w. private bath",9733691,1462821962331323241,Cristina,Kreis 4,Langstrasse,47.37891073305514,8.531719632446766,Private room,,3,1,2024-07-31,0.04,1,0,0,
923790290997643212,Superb Apartment in CityCentre by lake,380001603,1469776110213942706,Angela,Kreis 8,Mühlebach,47.36223,8.5526,Shared room,0,1,40,2026-06-02,1.10,1,223,10,
924313237314090102,Central & super comfortable,10205416,1462834320074074069,Karina,Kreis 6,Oberstrass,47.38212,8.54923,Private room,0,20,5,2024-07-23,0.15,1,88,0,
925369942049702239,cozy & quiet 2 bedroom flat in city-center,227434797,1469210927491222672,Thomas,Kreis 4,Langstrasse,47.37707,8.52465,Entire home/apt,0,2,28,2026-05-25,0.79,2,15,12,
925759985991256258,Bright Cozy Apartment in Zürich,133546595,1468333872767217948,Silvia,Kreis 12,Hirzenbach,47.40127,8.5915,Entire home/apt,,4,3,2023-12-31,0.09,1,0,0,
925814836243591119,Historic city oasis with large garden,14392116,1462937540376841838,Muriel,Kreis 11,Oerlikon,47.40428,8.54605,Entire home/apt,,2,52,2025-08-06,1.48,1,0,6,
926894212969592164,Room in Zurich.,291734039,1469512928695710751,Turan Etem,Kreis 9,Albisrieden,47.37958,8.49449,Private room,1,1,153,2026-06-28,4.21,1,31,45,
927094881257317705,Apt 5A: Downtown 2-BR Loft Apartment,15038541,1462952751435789724,GEMINI Zurich Apartments,Kreis 4,Werd,47.3739935,8.5215063,Entire home/apt,0,1,173,2026-06-11,4.76,17,60,39,
927099274455108509,Apt 1B - In the heart of Zurich - Chic 2-BR Apt,15038541,1462952751435789724,GEMINI Zurich Apartments,Kreis 4,Werd,47.3739935,8.5215063,Entire home/apt,0,1,158,2026-03-22,4.35,17,71,20,
927229037901012266,Am Oeschbrig 12,476193294,1470146493588915445,Chi,Kreis 7,Witikon,47.35711,8.60107,Private room,0,1,0,,,1,89,0,
927404410416837780,"Blueground | Oerlikon, storage & w/d, nr market",434204093,1468087162878373469,Blueground,Kreis 11,Seebach,47.41578,8.55538,Entire home/apt,,90,1,2024-08-17,0.04,185,184,0,
928811439229517808,Modern rooftop apartment with Alps view,15755662,1462969937982855854,Katarzyna,Kreis 10,Wipkingen,47.39408,8.52446,Entire home/apt,0,3,28,2026-06-16,0.81,1,170,14,
929157948055650565,Cozy Room with Large Terrace & Stunning View,7383454,1462730512155673682,Geoffray,Kreis 10,Höngg,47.40448,8.50024,Private room,0,3,9,2026-01-27,0.26,2,45,1,
929395123816126361,Cozy Studio Apartment 11 in Center of Zurich,376125413,1469766462474833550,Wunderstay,Kreis 1,Rathaus,47.37479,8.54431,Entire home/apt,0,1,114,2026-06-07,3.33,2,154,24,
929430258063594554,Cozy Studio Apartment 12 in Center of Zurich,376125413,1469766462474833550,Wunderstay,Kreis 1,Rathaus,47.37438244391804,8.543723420098877,Entire home/apt,0,1,33,2026-02-08,0.93,2,124,8,
929488147325173544,"Blueground | Leimbach, storage & w/d nr market",434204093,1468087162878373469,Blueground,Kreis 2,Leimbach,47.3258301,8.5183702,Entire home/apt,,30,0,,,185,303,0,
930310946124713755,Spacious and basic 4.5 flat Gib 51 23,123896618,1462925790593676974,Sharedlock,Kreis 10,Höngg,47.41144,8.48193,Entire home/apt,,30,0,,,8,0,0,
931016599689763225,"Stylische, helle Wohnung zentral",25157573,1465337138281750642,Andrea,Kreis 10,Wipkingen,47.39524,8.52156,Entire home/apt,0,3,5,2026-06-02,0.19,1,12,1,
931748582758823647,Quiet yet Central Room in Zurich,177785176,1468720188987081947,Christian,Kreis 10,Wipkingen,47.39082,8.53396,Entire home/apt,,3,6,2026-05-30,0.21,1,0,3,
934064054528080186,Zurich City Center 3BDR  (lake 15 min + parking),541785,1462521197574202997,Jana,Kreis 7,Fluntern,47.37388,8.55773,Entire home/apt,,5,0,,,1,0,0,
937575075386386458,"Urban, modern, im Grünen",83233956,1467008143136184135,Ariana,Kreis 6,Unterstrass,47.40085259307705,8.532059267163277,Entire home/apt,,2,26,2024-02-28,0.73,1,0,0,
938068589364582436,Cozy and best location in town!,40984518,1465609940301529475,Sergio,Kreis 11,Oerlikon,47.41153,8.54457,Private room,0,1,32,2025-07-10,0.92,1,179,3,
938815084040238480,"Cosy, entire attic apartment, central Zurich",1684764,1462565030702942889,Stefano,Kreis 4,Hard,47.379,8.51159,Entire home/apt,,1,15,2025-03-02,0.43,1,0,0,
938840431076486177,Numa I Large Studio in the heart of Zürich,526637362,1470368229026228063,Numa Zurich Turi,Kreis 4,Langstrasse,47.3804858,8.5257857,Entire home/apt,0,1,14,2025-08-15,0.41,3,335,1,
939120875582663992,Quiet and complete apartment in Oerlikon,15479336,1462963327239903557,Alvaro,Kreis 12,Saatlen,47.4065552,8.5624757,Entire home/apt,0,1,22,2026-05-30,0.65,1,13,5,
939666088772222280,Art & Hills,263725682,1469394869805693495,Daniela,Kreis 10,Höngg,47.4020380955385,8.499769158661366,Private room,0,3,79,2026-06-20,2.24,1,62,3,
941938190211119624,"Zimmer inkl. Bad, zentral & modern",3796485,1462639657871295010,Isabelle,Kreis 12,Hirzenbach,47.40523,8.59117,Private room,0,2,12,2025-08-06,0.35,1,270,1,
941938404056199881,Loft Apartment Zurich Old Town,240244748,1469277716554547586,Mary,Kreis 1,Rathaus,47.37582,8.54325,Entire home/apt,0,4,35,2026-06-07,1.02,1,79,7,
942071066334101481,Wunderschöne Wohnung in Zürich,177486506,1468717920602901146,Yada,Kreis 10,Höngg,47.40164,8.49654,Entire home/apt,,7,3,2024-04-26,0.11,1,0,0,
942503910122362662,"Blueground | Wiedikon, storage & w/d, nr market",434204093,1468087162878373469,Blueground,Kreis 3,Alt-Wiedikon,47.3606487,8.520587299999999,Entire home/apt,,30,3,2024-04-10,0.09,185,184,0,
942559068923119797,Urbane Wohnung im Seefeld in Zürich,6939966,1462719386450845829,Becca,Kreis 8,Weinegg,47.36115,8.55929,Entire home/apt,0,3,6,2026-05-06,0.22,1,161,3,
943498399656724170,Designer Art Apartment – central & close to lake,424519678,1469925462906418476,Maurits,Kreis 2,Enge,47.3546555,8.526232700000001,Entire home/apt,,3,4,2024-07-14,0.12,1,0,0,
943911436085649226,Numa I M Studio w/ Balcony next to Bahnhofstrasse,526637362,1470368229026228063,Numa Zurich Turi,Kreis 4,Langstrasse,47.3804858,8.5257857,Entire home/apt,0,1,16,2026-01-20,0.47,3,330,4,
944560635273309055,Cozy Oerlikon/ZH Room,485198693,1470184244512817336,Ken,Kreis 12,Saatlen,47.40986,8.56804,Private room,,29,16,2026-04-01,0.45,1,0,3,
944841423325467645,Numa I Medium Studio in the heart of Zürich,526637362,1470368229026228063,Numa Zurich Turi,Kreis 4,Langstrasse,47.3804858,8.5257857,Entire home/apt,,1,364,2026-06-17,10.61,3,329,131,
945531834722531602,Cozy flat in the city center,14365166,1462936943485908559,Fabian,Kreis 7,Fluntern,47.37255,8.55616,Entire home/apt,0,2,8,2025-08-05,0.23,1,269,2,
947722797333998357,"Blueground | Wollishofen, storage & w/d, nr market",434204093,1468087162878373469,Blueground,Kreis 2,Wollishofen,47.34072339999999,8.5183228,Entire home/apt,,30,1,2023-09-15,0.03,185,207,0,
949041533926047334,65 qm Wohnung unweit vom See,19560807,1463081443144872925,Philippa,Kreis 8,Seefeld,47.36076,8.55026,Entire home/apt,0,5,2,2026-05-30,0.06,1,83,1,
949744118931073034,Flat for 2px in Wollishofen,34300806,1465503227153426065,Martín,Kreis 2,Wollishofen,47.3389591,8.5307415,Entire home/apt,,1,1,2023-09-03,0.03,1,0,0,
949908407493176827,Design 3BR Centrally Located,3528377,1462530422966496877,Marc,Kreis 4,Hard,47.38379,8.50858,Entire home/apt,,2,34,2025-01-29,1.01,7,0,0,
950418440252207652,Modern studio,222402761,1469177307393575184,Laura,Kreis 4,Langstrasse,47.37573,8.53386,Entire home/apt,0,15,17,2026-04-01,0.48,1,20,1,
950434633264714802,"Chalet Zurich: Terrace, A/C, Privacy",529796115,1470380850588334347,Thomas,Kreis 11,Oerlikon,47.4051891,8.5488198,Entire home/apt,,1,139,2026-06-28,4.00,3,309,43,
950814691117092104,Charming room in a shared flat,34121505,1465499485657058011,Simon,Kreis 8,Seefeld,47.35487,8.55419,Private room,,1,3,2023-12-02,0.09,1,0,0,
951877356435620690,Work and play hard in this cozy downtown pad.,20821731,1463139575567702420,Andreas,Kreis 4,Langstrasse,47.3779033,8.527122,Entire home/apt,0,10,7,2024-07-27,0.20,1,179,0,
951987963732341575,"Gemütliche Wohnung, sehr zentral",530213883,1470382272821279189,Alice,Kreis 7,Hottingen,47.3667443,8.5623196,Entire home/apt,0,4,41,2026-06-16,1.17,1,60,9,
953704399405069596,4 room city apartment Zurich lake,50589115,1465775319493583161,Moyuan,Kreis 2,Wollishofen,47.35119,8.53353,Entire home/apt,,1,7,2023-12-06,0.20,4,0,0,
954829028338762829,Executive 2BR Centrally Located,3528377,1462530422966496877,Marc,Kreis 4,Hard,47.38472,8.50873,Entire home/apt,,2,44,2024-12-26,1.26,7,0,0,
955912118776625536,Seesichtwohnung in Zurich,530030228,1470381687597173509,Ilham,Kreis 8,Weinegg,47.35047,8.56512,Entire home/apt,0,21,0,,,1,267,0,
957657984159361987,Beautiful flat near Idaplatz.,5861364,1462691478181870578,Aleksandra,Kreis 3,Sihlfeld,47.3725,8.50885,Entire home/apt,,6,5,2024-10-19,0.15,1,0,0,
957824903618429588,Cozy private room in artsy green apartment,1139609,1462538009292953199,Dan-George,Kreis 10,Wipkingen,47.38783,8.53562,Private room,0,1,6,2026-05-24,0.39,1,88,4,
959239097381194889,Modern Design Rooftop Apartment,9814331,1462824165515562095,Sara,Kreis 4,Langstrasse,47.37513,8.52892,Entire home/apt,,4,47,2026-06-14,1.40,1,109,13,
959412686105659157,Zimmer zum Hinterhofgarten,532224668,1470390054711548031,Severin Christian,Kreis 4,Werd,47.3738125,8.5259129,Private room,0,1,4,2024-09-29,0.12,1,87,0,
959868847871773494,Townhouse with garden and parking,3528377,1462530422966496877,Marc,Kreis 9,Altstetten,47.38084,8.49989,Entire home/apt,0,2,0,,,7,237,0,
960535241086478575,Nice room in Zurich Affoltern!,157238681,1468533258264312018,Guillermo,Kreis 11,Affoltern,47.4207529,8.5067734,Private room,0,1,3,2024-10-02,0.12,1,89,0,
960588291607199649,Zentrales Schlafzimmer,367765012,1469742050042038241,Nadia,Kreis 9,Altstetten,47.38624,8.49573,Private room,,1,0,,,1,177,0,
961533976447324358,3.2 - Cozy quiet room in Penthouse,43111694,1465640115238905142,Dolder Liegenschaften AG,Kreis 7,Witikon,47.35846,8.59982,Private room,0,10,2,2025-10-15,0.06,8,149,1,
962842085546555219,Lovely flat near the river,12943781,1462899241586861921,Katrin,Kreis 5,Escher Wyss,47.39012,8.52134,Entire home/apt,,3,3,2024-05-12,0.09,2,0,0,
963113252638375359,Entire Flat in Central Zurich,9482450,1462815283607875700,Lindsay,Kreis 3,Alt-Wiedikon,47.36927,8.51354,Entire home/apt,0,3,5,2025-05-23,0.15,2,78,0,
963862868453454381,Modern design in Zürich city,3986407,1462644281016068905,Oliver,Kreis 6,Oberstrass,47.37942,8.54959,Entire home/apt,,7,0,,,1,0,0,
965025426678599412,Beautiful central terraced attic,3955674,1462643524716335082,Nicole,Kreis 3,Sihlfeld,47.3727307,8.516182,Entire home/apt,0,5,1,2024-01-04,0.03,1,107,0,
965132414975083661,Locke Room with Balcony at Locke am Platz,533606589,1470395373341976161,Locke,Kreis 2,Enge,47.3638753,8.5324045,Entire home/apt,0,1,5,2026-04-20,1.30,4,350,5,
965777574152812653,Trendy 1 bedroom flat in the middle of town,1229459,1462516724433258317,Swissstay Apartments,Kreis 1,Rathaus,47.37092,8.54422,Entire home/apt,,1,90,2026-06-22,2.68,78,306,20,
965794941111908198,Locke Studio at Locke am Platz,533606589,1470395373341976161,Locke,Kreis 2,Enge,47.3638753,8.5324045,Entire home/apt,0,1,57,2026-06-14,2.15,4,361,56,
965832114596870590,Junior Suite with Sofa bed at Locke am Platz,533606589,1470395373341976161,Locke,Kreis 2,Enge,47.3638753,8.5324045,Entire home/apt,1,1,0,,,4,357,0,
965845335911798508,Penthouse with terrace at best address (WG11/2),13570663,1462586915939629182,Residence Services Apartments,Kreis 1,City,47.37429,8.53818,Entire home/apt,0,1,40,2026-06-11,1.17,55,246,25,
965873553938384244,New: Seefeld Apartment by the lake,116378560,1468193421040328761,Eloïse,Kreis 8,Seefeld,47.36098,8.55091,Entire home/apt,0,3,1,2024-12-30,0.05,1,43,0,
966374660589024718,2BR Central Flat + Balcony,3528377,1462530422966496877,Marc,Kreis 4,Hard,47.38511,8.50701,Entire home/apt,,1,55,2025-03-09,1.59,7,0,0,
967336471861433651,"Zentral: 3P, minimalistisch",25454166,1465343000175290099,Stefan,Kreis 4,Hard,47.38051,8.50803,Entire home/apt,,2,1,2023-09-22,0.03,2,0,0,
968602908824777357,Rooftop Studio with Terrace at Locke am Platz,533606589,1470395373341976161,Locke,Kreis 2,Enge,47.3638753,8.5324045,Entire home/apt,1,1,2,2026-04-28,0.09,4,361,1,
969342544925065173,Cosy loft in the heart of Zurich,18422796,1462606031208451475,John,Kreis 4,Langstrasse,47.3762972,8.521600099999999,Entire home/apt,,1,20,2024-01-19,0.61,1,56,0,
970725830571687661,City Penthouse (entire),38669185,1465578171265527038,Amelie,Kreis 2,Enge,47.36712,8.53038,Entire home/apt,1,1,174,2026-06-24,5.49,3,90,54,
970822071451237681,Gesamte Wohnung in Zürich,4938402,1462668934145774910,Sarah,Kreis 2,Wollishofen,47.3405247,8.5186077,Entire home/apt,0,3,1,2024-01-01,0.03,1,13,0,
970914111501499095,"Blueground | Wiedikon, storage & w/d, nr transport",434204093,1468087162878373469,Blueground,Kreis 3,Friesenberg,47.36207,8.50419,Entire home/apt,,30,1,2024-01-03,0.03,185,0,0,
971044998969142150,Unique apartment in the heart of Zurich,478625225,1470156334937277995,Alan,Kreis 5,Gewerbeschule,47.38261,8.52876,Entire home/apt,0,3,1,2024-07-09,0.04,1,270,0,
971798616964147854,Cosy flat with sunny balcony in Zurich center,4240366,1462651315077437599,Stéphane,Kreis 4,Langstrasse,47.37579,8.5232,Entire home/apt,,2,34,2026-06-08,2.22,1,26,25,
972138808238792311,"Zürich, Charmante Wohnung mit Balkon in Flussnähe",25305437,1465339971334984039,Nicholas,Kreis 10,Wipkingen,47.3949696,8.518276799999999,Entire home/apt,,1,4,2025-08-24,0.17,1,0,3,
972479583941478620,Wohnung in Wipkingen,13693412,1462919397060464183,Martin,Kreis 10,Wipkingen,47.3963542,8.5214555,Entire home/apt,,6,1,2024-11-07,0.05,1,0,0,
973221452474727512,Homey away from home,145655333,1468431257674597753,Liliane,Kreis 3,Alt-Wiedikon,47.366300968935676,8.52210578945328,Entire home/apt,0,2,17,2026-01-27,0.50,2,106,7,
973345225480743807,Central position heart of Zürich,513811547,1470311007859599376,Franco,Kreis 7,Fluntern,47.37788,8.5587,Entire home/apt,,25,18,2026-06-13,0.53,1,212,5,
973696443380646164,"Blueground | Seefeld, office, nr lake",434204093,1468087162878373469,Blueground,Kreis 8,Seefeld,47.3553627,8.555890699999999,Entire home/apt,,30,0,,,185,328,0,
973822277845094114,"Blueground | Wiedikon, storage & w/d, nr market",434204093,1468087162878373469,Blueground,Kreis 3,Friesenberg,47.3620715,8.504189100000001,Entire home/apt,,30,0,,,185,350,0,
973822654428808574,"Blueground | Wiedikon, storage & w/d, nr market",434204093,1468087162878373469,Blueground,Kreis 3,Friesenberg,47.3620715,8.504189100000001,Entire home/apt,,30,2,2023-11-25,0.06,185,365,0,
973824793228228642,"Blueground | Wiedikon, storage & w/d, nr transport",434204093,1468087162878373469,Blueground,Kreis 3,Friesenberg,47.3620715,8.504189100000001,Entire home/apt,,30,0,,,185,157,0,
973825111816271646,"Blueground | Wiedikon, storage & w/d, nr market",434204093,1468087162878373469,Blueground,Kreis 3,Friesenberg,47.3620715,8.504189100000001,Entire home/apt,,30,1,2024-02-03,0.03,185,325,0,
973825477658390268,"Blueground | Wiedikon, storage & w/d, nr market",434204093,1468087162878373469,Blueground,Kreis 3,Friesenberg,47.3620715,8.504189100000001,Entire home/apt,0,4,0,,,185,116,0,
973825794281120821,"Blueground | Wiedikon, storage & w/d, nr transport",434204093,1468087162878373469,Blueground,Kreis 3,Friesenberg,47.3620715,8.5041891,Entire home/apt,,4,3,2026-04-24,0.11,185,60,1,
973826160401831401,"Blueground | Wiedikon, storage & w/d, nr transport",434204093,1468087162878373469,Blueground,Kreis 3,Friesenberg,47.3620715,8.504189100000001,Entire home/apt,,30,0,,,185,305,0,
974095777324733833,Apartment - Streetparade around the corner,410884282,1469874546512972779,Lara,Kreis 7,Hirslanden,47.36269,8.56214,Entire home/apt,,26,0,,,1,269,0,
974598935275418456,Terrasse über Zürich,47268422,1465712258849827749,Jonathan,Kreis 4,Langstrasse,47.37811045157288,8.527926486790793,Private room,,2,0,,,1,0,0,
974715669040646715,Lake view balcony Apartment,50589115,1465775319493583161,Moyuan,Kreis 2,Enge,47.35278,8.53351,Entire home/apt,,1,4,2023-09-26,0.12,4,0,0,
976199247820636323,"Cozy w/balcony, 3.5 apt, in vibrant district",536186531,1470405811521452792,Martina,Kreis 4,Langstrasse,47.37565,8.52326,Entire home/apt,,5,9,2026-03-25,0.27,1,17,1,
976708124121149704,Altbau WG mit eigenem Wohnzimmer,213698794,1469117533534781604,Alexa,Kreis 1,Rathaus,47.37259,8.54486,Private room,,3,0,,,1,89,0,
977471916472716735,1 bedroom apartment,407597414,1469862708585363684,Doreen,Kreis 4,Langstrasse,47.3754743,8.5289319,Entire home/apt,,1,18,2025-10-06,0.53,1,12,6,
978933502539684194,"Blueground | Wiedikon, storage & w/d, nr market",434204093,1468087162878373469,Blueground,Kreis 3,Friesenberg,47.3620715,8.504189100000001,Entire home/apt,,4,1,2023-12-20,0.03,185,315,0,
978933830747853849,"Blueground | Wiedikon, storage & w/d, nr market",434204093,1468087162878373469,Blueground,Kreis 3,Friesenberg,47.36207,8.50419,Entire home/apt,,30,0,,,185,341,0,
978934193816991598,"Blueground | Wiedikon, storage & w/d, nr market",434204093,1468087162878373469,Blueground,Kreis 3,Friesenberg,47.3620715,8.504189100000001,Entire home/apt,,30,0,,,185,141,0,
980245591651988920,Zurich Downtown Luxury Apartment,537034215,1470409189899189862,Jörg,Kreis 1,Lindenhof,47.3729366,8.5397999,Entire home/apt,0,3,54,2026-05-29,1.65,1,342,18,
980402165513408092,Zeitreise,429265133,1469944873142785822,Jordane,Kreis 8,Weinegg,47.36369,8.55465,Entire home/apt,0,2,28,2026-06-07,1.18,1,325,12,
980448194776628080,Über den Dächern von Zürich,537133921,1470409580807280786,Mila,Kreis 3,Sihlfeld,47.36954,8.50203,Private room,0,2,6,2025-12-30,0.18,1,89,1,
981628303230540122,4.3 - Nice quiet doubleroom,43111694,1465640115238905142,Dolder Liegenschaften AG,Kreis 7,Witikon,47.35716,8.60037,Private room,,28,7,2025-07-15,0.26,8,238,1,
983863580177679534,Retreat über Zürich,462697047,1470084611749932320,Brigitta,Kreis 6,Oberstrass,47.383649222013055,8.55083663671952,Entire home/apt,0,1,66,2026-05-03,2.00,1,192,23,
984616989517243450,Exclusive Villa with Pool in prime location,218093935,1469147463871150765,Alexander,Kreis 7,Fluntern,47.384696144553416,8.556400957672121,Private room,,3,1,2024-07-14,0.04,1,0,0,
986894241638340320,Studio in the heart of Zurich,55879347,1465914758528538368,Niko,Kreis 5,Gewerbeschule,47.38329488735247,8.534040701824953,Entire home/apt,0,2,25,2026-06-15,1.17,1,94,18,
987599465382868246,Private Rooftop Apartment in Zürich,16089660,1462978014461529586,Lia,Kreis 4,Langstrasse,47.38085,8.52492,Entire home/apt,0,3,1,2024-07-05,0.04,2,85,0,
988294955859257167,Fantastic 2BR in the city center (Sky7),23561865,1465274926504678242,Dimiter,Kreis 7,Hirslanden,47.3614014,8.564901299999999,Entire home/apt,0,2,55,2026-01-31,1.65,145,72,13,
988315692261713338,Sunny and very central 2BR flat (Sky8),23561865,1465274926504678242,Dimiter,Kreis 7,Hirslanden,47.3614014,8.564901299999999,Entire home/apt,0,2,79,2026-06-10,2.40,145,13,19,
990467950418927342,Lakeside luxury flat · 2BR · Private lift · 2 Bath,4115498,1462533679027973723,Jonathan,Kreis 2,Enge,47.365694,8.5369294,Entire home/apt,0,3,4,2026-06-24,0.19,1,228,2,
990632404186441009,"70m2, 1bed 1bath on Zurich Central Station",519556898,1470337813523450483,Elsa,Kreis 4,Langstrasse,47.3791089,8.532297699999999,Entire home/apt,,5,3,2025-10-19,0.23,1,0,2,
991054432740712395,Exklusive Attikawohnung mit Blick über Zürich,539499805,1470418511242701863,Daniel,Kreis 6,Oberstrass,47.3884,8.54686,Entire home/apt,,1,5,2026-04-06,0.15,1,0,4,
992532017161789206,Moderne und helle Wohnung,40555064,1465604253224144957,Roman,Kreis 3,Sihlfeld,47.37872,8.50788,Entire home/apt,,3,26,2024-09-14,0.81,1,0,0,
992669368353495434,2 Rooms Stay for 5 or 6 guests,142652075,1468408047274326255,Lazhar,Kreis 11,Seebach,47.42014,8.5502,Private room,0,1,2,2025-08-20,0.09,9,269,1,
993414424142374498,sunny loft with curved wall,28602506,1465422147051729954,Johanna,Kreis 4,Langstrasse,47.37848,8.52561,Entire home/apt,,1,0,,,1,28,0,
994048559648510140,"Blueground | Wipkingen, private w/d, nr tram",434204093,1468087162878373469,Blueground,Kreis 10,Wipkingen,47.39819,8.53221,Entire home/apt,,30,1,2024-01-20,0.03,185,365,0,
995496372746320927,Seefeld park view highend flat,365856,1462516679810287390,Ruxandra,Kreis 8,Mühlebach,47.36048,8.55456,Entire home/apt,1,1,12,2026-06-01,0.46,1,256,6,
996202946473512721,Amazing 1BR flat in the city centre (West 8),23561865,1465274926504678242,Dimiter,Kreis 3,Sihlfeld,47.37173,8.51926,Entire home/apt,0,1,62,2026-05-22,1.94,145,105,18,
996833831301987325,Room in modern flat w/ lake view,125031525,1468261067864107422,Arber,Kreis 7,Fluntern,47.38427,8.55599,Private room,,3,6,2023-12-31,0.19,1,0,0,
996892060300703285,Charmante Wohnung mit Aussicht,10480219,1462841764430886489,Sandra,Kreis 7,Hirslanden,47.36013,8.57258,Entire home/apt,,2,3,2024-10-19,0.13,2,0,0,
998316997467798765,Grosses Zimmer im Kreis 3,24709656,1465313226330315714,Florin,Kreis 3,Sihlfeld,47.3717409,8.5204901,Private room,,1,21,2024-02-09,0.64,1,0,0,
999039430666427190,"Blueground | Wiedikon, storage, nr tram & market",434204093,1468087162878373469,Blueground,Kreis 4,Werd,47.3706886,8.5263855,Entire home/apt,,30,1,2023-12-01,0.03,185,122,0,
999100351248035456,Executive 1BR Central Location,3528377,1462530422966496877,Marc,Kreis 4,Hard,47.38329,8.50711,Entire home/apt,,1,46,2025-01-05,1.40,7,0,0,
999386179155200596,Modern studio + private rooftop,523565729,1470355504551384854,Slava,Kreis 2,Enge,47.3541053,8.526301499999999,Entire home/apt,0,3,15,2026-06-26,0.48,1,362,1,
1000301146876218940,Central 2-rooms apartment,251372408,1469332222155044043,Sarina,Kreis 9,Altstetten,47.38672,8.48763,Entire home/apt,0,2,0,,,1,84,0,
1001320472595958830,"Blueground | Oerlikon, storage & w/d, nr tram",434204093,1468087162878373469,Blueground,Kreis 11,Seebach,47.4157838,8.5553838,Entire home/apt,,90,0,,,185,0,0,
1002295510314863679,Entire apartment in Zurich,355983324,1463517171985396144,Viktoriya,Kreis 2,Wollishofen,47.35081063413115,8.527873679995537,Entire home/apt,,1,6,2024-03-31,0.18,1,0,0,
1003440524246525000,NEW Modern 1.5-Room Apartment,14673586,1462944194452055862,Raphael,Kreis 2,Enge,47.35882657088395,8.527621531666462,Entire home/apt,0,3,7,2026-06-08,0.43,4,11,6,
1003458880729932334,Big private room in shared flat,308889264,1469574578921597887,Arthur,Kreis 6,Oberstrass,47.37808,8.5469,Private room,,1,16,2024-12-13,0.49,1,0,0,
1003686839375670840,"Neues Studio: Sonnige Terrasse, Klimaanlage",529796115,1470380850588334347,Thomas,Kreis 11,Oerlikon,47.40533689999999,8.5488106,Entire home/apt,0,1,190,2026-06-28,5.80,3,294,83,
1004148098822667313,"Blueground | Enge, storage & w/d, nr local market",434204093,1468087162878373469,Blueground,Kreis 2,Enge,47.3624834,8.526602100000002,Entire home/apt,,30,0,,,185,312,0,
1004417989758418727,Cozy room in central location,542294264,1470429603937460938,Michael,Kreis 3,Sihlfeld,47.37741,8.5107,Private room,,1,80,2026-06-21,2.44,1,0,31,
1005025880834750093,"Blueground | Hirslanden, garden, storage & w/d",434204093,1468087162878373469,Blueground,Kreis 7,Hirslanden,47.3640042,8.5700933,Entire home/apt,,30,0,,,185,0,0,
1005106829643992147,Charming & cozy apartment,22789053,1462622655721034649,Nicole,Kreis 10,Höngg,47.39809205607504,8.51398654282093,Entire home/apt,0,2,10,2026-01-26,0.38,1,11,3,
1007157864915109586,Modernes Studio in guter Lage,129540690,1468299059218975525,Franziska,Kreis 3,Alt-Wiedikon,47.36087320119459,8.517764769494534,Entire home/apt,,2,4,2024-02-11,0.13,1,0,0,
1007218554104331034,"Large Apt in Zurich's Heart: Forest, City & Cat",5278912,1462677056136699800,Thibaut & Olena,Kreis 3,Alt-Wiedikon,47.35681,8.51734,Entire home/apt,,8,0,,,1,0,0,
1007285226734233568,Cozy studio with kitchen,542852041,1470431826156093088,Lionel,Kreis 11,Oerlikon,47.41071,8.5431,Entire home/apt,,1,0,,,1,0,0,
1008509789976589165,Zimmer in 2er-WG in Oerlikon,272099343,1469436471267728441,Lukas,Kreis 11,Oerlikon,47.40652887990973,8.554304013470642,Private room,0,24,0,,,1,244,0,
1008541685627014401,Comfortable Room in shared flat,397672000,1463608644954271667,Angelo,Kreis 6,Oberstrass,47.37876906860686,8.545714728534222,Private room,,1,17,2024-12-29,0.52,1,0,0,
1008550014622306301,"Comfortable Place, in the City",499601837,1470247024710955732,Jonathan,Kreis 3,Alt-Wiedikon,47.3606208,8.522554,Entire home/apt,,3,53,2026-06-03,1.63,2,5,15,
1010784072066411165,Zimmer mit eigenem Bad in Luxus-Loft mit Rooftop,26716226,1465380605879426770,Tullio,Kreis 4,Langstrasse,47.37686,8.52073,Private room,,1,0,,,1,269,0,
1011469602867276664,Amazing Penthouse 2BR in the city centre (Canal1),23561865,1465274926504678242,Dimiter,Kreis 1,City,47.37049,8.53273,Entire home/apt,,2,40,2024-07-10,1.24,145,0,0,
1012344283253130814,Modern City Studio with Balcony & Air Condition,529796115,1470380850588334347,Thomas,Kreis 11,Oerlikon,47.4051891,8.5488198,Entire home/apt,,1,148,2026-06-27,4.57,3,320,54,
1013531268141209679,Double room in Altstetten,62386927,1466769505379919999,Sara,Kreis 9,Altstetten,47.38969,8.48831,Private room,,4,6,2024-01-09,0.19,1,0,0,
1013538890066627439,Helle Wohnung mit Weitblick,2043886,1462521859990625816,Marina,Kreis 3,Alt-Wiedikon,47.36096,8.51444,Entire home/apt,0,3,1,2025-06-01,0.08,1,260,0,
1014891352344372127,6 months subrent -  Apartment near Lake,36500757,1465542734621810078,Natalie,Kreis 2,Wollishofen,47.34333,8.53536,Entire home/apt,,60,1,2024-02-24,0.03,1,0,0,
1015274312893537526,Cosy apartment & vibrating area,9949302,1462827833060811088,David,Kreis 4,Hard,47.37635774806796,8.516262960852048,Entire home/apt,0,6,1,2025-03-18,0.06,1,269,0,
1015556266826825255,"Blueground | Altstetten, private w/d, nr shopping",434204093,1468087162878373469,Blueground,Kreis 9,Altstetten,47.3933804,8.4728414,Entire home/apt,0,4,1,2024-01-05,0.03,185,195,0,
1015556645273882415,"Blueground | Altstetten, storage & w/d, nr shops",434204093,1468087162878373469,Blueground,Kreis 9,Altstetten,47.39347,8.47268,Entire home/apt,,30,0,,,185,194,0,
1015559287001951455,"Blueground | Altstetten, storage & w/d, nr shops",434204093,1468087162878373469,Blueground,Kreis 9,Altstetten,47.3934656,8.4726818,Entire home/apt,0,4,1,2024-07-13,0.04,185,116,0,
1015811749301784365,Hilda Zurich,60673302,1462745878035652963,TheHoost.Com,Kreis 4,Hard,47.3768819,8.5147256,Entire home/apt,,1,41,2026-05-07,1.32,5,340,14,
1015811880105348910,HildaOne,60673302,1462745878035652963,TheHoost.Com,Kreis 4,Hard,47.3768819,8.5147256,Entire home/apt,,1,74,2026-06-13,2.38,5,339,38,
1017180158142499649,An Apartment just for you!,321212544,1469608572334573822,Reduan,Kreis 12,Schwamendingen-Mitte,47.40391,8.57235,Entire home/apt,,2,22,2024-10-05,0.68,1,0,0,
1018002205712871998,Sunlit Zurich Hill-View Apt,18961027,1463066281061089832,Michael,Kreis 10,Wipkingen,47.39655,8.51541,Entire home/apt,,3,5,2024-08-24,0.16,1,0,0,
1018055803903900739,Schöne und helle Wohnung neben dem Zürichberg,545031935,1470440376383020805,Margita,Kreis 7,Hirslanden,47.36372,8.56605,Entire home/apt,,1,0,,,1,0,0,
1019395099549040026,Zurich Oasis: Central & Spacious,2913126,1462612274190716728,Jessica,Kreis 3,Sihlfeld,47.37567,8.50964,Entire home/apt,,20,1,2025-06-30,0.08,1,0,0,
1020050647582511342,Beautiful spacious apartment,2845833,1462610504800655956,Rebekka,Kreis 6,Oberstrass,47.38923,8.54604,Entire home/apt,,6,2,2024-03-16,0.07,1,0,0,
1020113726768661325,"New spartment in Zürich, Manegg",491534854,1470213279415802123,Evelyn,Kreis 2,Wollishofen,47.3421451,8.5189497,Private room,,1,5,2023-12-09,0.16,1,0,0,
1020786077454503533,"Studio Apartment Suite, Franklinstrasse",17484617,1463011174324430050,Cristiana,Kreis 11,Oerlikon,47.4092669,8.5450988,Entire home/apt,0,2,7,2026-04-30,0.24,23,113,1,
1020962962359420573,chill's place,545736651,1470442918886716156,Arad,Kreis 7,Fluntern,47.3757799,8.5609874,Entire home/apt,,114,0,,,1,179,0,
1021523957746787398,Amazing 4BR flat in the city centre (Sky9),23561865,1465274926504678242,Dimiter,Kreis 7,Hirslanden,47.36096111664896,8.565278768720905,Entire home/apt,,2,33,2026-06-09,1.03,145,1,22,
1021537454386932693,Zurich  2 Bedrooms Appartement,394516021,1469820240718741677,Miftari,Kreis 3,Alt-Wiedikon,47.36392,8.52016,Entire home/apt,,3,10,2024-08-09,0.31,1,0,0,
1022896634414576636,"Beautiful Studio ""Farfallina""",371008290,1463547825862567329,Sonia,Kreis 6,Unterstrass,47.39487,8.54415,Entire home/apt,0,1,56,2026-04-27,1.76,14,112,5,
1022957108219903556,Big Luxury Apartment - Central to everything,3724660,1462638032405062341,Martin,Kreis 11,Seebach,47.4187364,8.5574196,Entire home/apt,,2,7,2025-06-25,0.28,1,0,0,
1023271067336690245,"Zimmer in ruhiger Lage, 1 Doppelbett",472767311,1470132218327405691,Syrille,Kreis 12,Schwamendingen-Mitte,47.40669,8.57571,Private room,0,2,56,2026-06-11,1.89,1,11,21,
1023696034254960926,Beautiful & Sunny Room in Wiedikon,4674522,1462662998065018099,Stephanie,Kreis 3,Sihlfeld,47.37150836322166,8.515901298023266,Private room,,7,2,2024-01-02,0.06,1,88,0,
1023860574887658454,Grosses Zimmer,512458191,1470304700822746111,Lea,Kreis 11,Affoltern,47.42246,8.505,Private room,,3,1,2024-07-12,0.04,1,87,0,
1023914337208790785,Modern and stylish apartment + parking included,122414851,1468241106893721904,Diana,Kreis 9,Altstetten,47.38812,8.49128,Private room,0,2,4,2024-09-28,0.15,1,177,0,
1024059169079550886,Deluxe Double Room,25291258,1465339493652327480,Delta Apartments,Kreis 3,Sihlfeld,47.3750137,8.5158485,Entire home/apt,0,1,33,2026-06-01,1.09,5,356,4,
1024467972844172953,Basic 3.5 flat 20 min from city center Gib 51 02,123896618,1462925790593676974,Sharedlock,Kreis 10,Höngg,47.41312,8.4805,Entire home/apt,,1,2,2025-04-18,0.12,8,0,0,
1024500419576875012,"Spacious Attica, 4,5 rooms Gib 51 32",123896618,1462925790593676974,Sharedlock,Kreis 10,Höngg,47.4113,8.48181,Entire home/apt,,1,0,,,8,0,0,
1025881991724832677,New renovated Studio with own balcony and views,13570663,1462586915939629182,Residence Services Apartments,Kreis 8,Mühlebach,47.34961,8.5635,Entire home/apt,0,3,35,2026-05-17,1.11,55,306,15,
1026674027836526710,"Blueground | Wiedikon, storage & w/d, nr market",434204093,1468087162878373469,Blueground,Kreis 3,Alt-Wiedikon,47.3626504,8.521195200000003,Entire home/apt,,30,1,2024-08-12,0.04,185,91,0,
1027383657272288054,Apartment in Zurich,136360682,1468357811772769045,Sofia,Kreis 9,Altstetten,47.3900688071056,8.481601475744796,Entire home/apt,0,3,0,,,1,24,0,
1028042934408380310,woning in Zürich,30015385,1465442179374216026,Loes,Kreis 11,Seebach,47.41982,8.55346,Entire home/apt,,2,1,2023-12-24,0.03,1,0,0,
1028134450181795036,Apartment Barcelona,526753396,1470368798075720834,Marcin,Kreis 11,Affoltern,47.41594,8.51345,Entire home/apt,0,1,240,2026-07-01,7.64,1,11,79,
1028762306455376305,"Stunning downtown Zurich penthouse, top location",4826547,1462666232185383960,Lora,Kreis 5,Gewerbeschule,47.38374543166216,8.527588932854151,Entire home/apt,0,1,44,2026-06-18,1.39,1,250,36,
1029650793095032337,Cozy and sunny 2BR flat in the city centre (Sky10),23561865,1465274926504678242,Dimiter,Kreis 7,Hirslanden,47.36185,8.56534,Entire home/apt,0,1,73,2026-06-10,2.33,145,31,28,
1029678068860825601,Fantastic 1BR flat in the city centre (Sky11),23561865,1465274926504678242,Dimiter,Kreis 7,Hirslanden,47.36151,8.56417,Entire home/apt,0,2,32,2026-06-11,1.01,145,24,22,
1030136300895717374,Sunny and big studio Zürich city (SUN 10),23561865,1465274926504678242,Dimiter,Kreis 6,Unterstrass,47.38255849999999,8.5442055,Entire home/apt,0,2,47,2026-06-04,1.51,145,25,9,
1030468640706430341,Nice room in the heart of Zurich,547714578,1470450679239873936,Olaf,Kreis 3,Alt-Wiedikon,47.36685,8.52185,Private room,0,3,74,2026-06-06,2.36,2,58,26,
1030562747493246300,2 Bed Apartment with Rooftop,264197477,1469397572777572186,Alessio,Kreis 4,Langstrasse,47.3751,8.53112,Entire home/apt,,5,1,2023-12-10,0.03,1,0,0,
1033132085803812480,Studio in Zürich Altstetten,500051456,1470248933262177433,Jörg,Kreis 9,Altstetten,47.38901,8.49342,Entire home/apt,0,6,7,2025-07-09,0.31,1,57,1,
1033221791083292013,Modern and clean city apartment,191038354,1468992247031843155,Daniel,Kreis 9,Altstetten,47.38496,8.49665,Entire home/apt,,2,2,2026-03-15,0.08,1,0,1,
1033361597540638754,Cosy place in Zurich city,11402355,1462863990520495132,Thi Hoang Thuy,Kreis 4,Langstrasse,47.37574816831563,8.52461016450916,Entire home/apt,,3,21,2026-04-13,0.67,1,57,3,
1033947306138643369,* Complimentary Upgrade to big modern suite!,344271798,1469679590779382610,Marin,Kreis 1,Hochschulen,47.37653,8.54335,Entire home/apt,,1,2,2024-10-01,0.06,3,0,0,
1034583645341953806,"Blueground | Enge, w/d & storage, nr groceries",434204093,1468087162878373469,Blueground,Kreis 2,Enge,47.3537732,8.5272021,Entire home/apt,,30,0,,,185,3,0,
1036370735840674245,Apartment close to Oerlikon Station,15476028,1462963286875928750,Pasquale,Kreis 11,Seebach,47.4143668,8.5452768,Entire home/apt,0,2,27,2026-06-21,0.86,1,27,6,
1036850798381206910,Cosy 1BR Central - Letzigrund,3528377,1462530422966496877,Marc,Kreis 4,Hard,47.38317,8.50907,Entire home/apt,,1,62,2024-12-28,2.00,7,0,0,
1036907730334393281,Lake side 2 bedroom apartment,50589115,1465775319493583161,Moyuan,Kreis 2,Enge,47.35236,8.53108,Entire home/apt,,1,2,2024-06-16,0.07,4,0,0,
1037481994246318563,Room to rent in Wiedikon,364383726,1469732543340009337,Ane,Kreis 3,Alt-Wiedikon,47.3667574,8.5225984,Private room,,3,3,2025-05-06,0.12,1,0,0,
1037623657569677140,Well located cosy flat in Zürich,247666994,1469313664637742443,Gabriel,Kreis 11,Oerlikon,47.41136,8.54429,Entire home/apt,,2,11,2026-01-15,0.35,1,0,6,
1038362754098633532,Calm & cozy apartment in Zurich,76117871,1466934102803817333,Carla,Kreis 9,Albisrieden,47.36883930901623,8.494167154937069,Entire home/apt,0,4,17,2026-01-05,0.82,1,56,7,
1038485119889689068,Cozy Room as Home in Oerlikon,280970058,1469477634188923871,Svitlana,Kreis 11,Oerlikon,47.40888,8.54351,Private room,,3,42,2026-06-10,1.59,2,0,8,
1038533605441117872,Schickes Zürcher Loft: Ein zentrales Juwel.,546375378,1470445434224732397,Jerry,Kreis 9,Altstetten,47.38765,8.49747,Entire home/apt,0,2,38,2026-05-29,1.23,2,169,12,
1038542865619833345,Boutique Stay | King Size Bed | AC | Free Parking,520530873,1470342225725989717,Nora,Kreis 4,Werd,47.37270156951924,8.526549976639599,Entire home/apt,0,1,110,2026-05-29,3.54,21,298,39,
1039821168916260199,Sonnige Wohnung in Wipkingen,31846812,1465467969308746727,Angelique,Kreis 10,Wipkingen,47.39645934912014,8.524295076721184,Entire home/apt,,1,2,2024-04-10,0.07,1,0,0,
1039981776877444033,Cozy and bright apartment,274683567,1469449149188725655,Michele,Kreis 9,Albisrieden,47.37572,8.49078,Entire home/apt,,2,1,2024-01-14,0.03,1,0,0,
1040520308711731984,"Home of Joy • Cozy, Bright, Well Connected",20858216,1463140480488151211,Valmira,Kreis 9,Altstetten,47.39036102776163,8.486805269337255,Entire home/apt,0,5,14,2026-04-18,0.61,1,77,6,
1041231063653836522,"Gorgeous apartment!, spacious, equipped, central",13200882,1462905571338876184,Julian,Kreis 8,Mühlebach,47.3581404,8.5562417,Entire home/apt,,30,0,,,1,0,0,
1044264572954472377,Gemütliche und zentrale 4 Zimmer Whng. nahe See,69906045,1466865199501393476,Lukas,Kreis 2,Enge,47.3630923,8.533344,Entire home/apt,,3,2,2024-01-24,0.07,1,0,0,
1044812044239500257,"Blueground | Oerlikon, storage & w/d, nr tram",434204093,1468087162878373469,Blueground,Kreis 11,Seebach,47.41578,8.55538,Entire home/apt,,90,1,2024-04-16,0.04,185,105,0,
1045403962548102293,Cosy & Centrally located,9568222,1462817546731049312,Mathilde,Kreis 4,Werd,47.37215,8.52336,Entire home/apt,0,3,11,2025-09-07,0.45,1,40,4,
1046303969039598269,Cosy room in central Zurich,484741272,1470182402970975391,Andrea,Kreis 6,Oberstrass,47.38103,8.54678,Private room,0,4,0,,,1,87,0,
1047024288876535162,Stylish 1BR in the city center - Baron 25,1314526,1462542542085520859,Giancarlo,Kreis 8,Seefeld,47.35436259999999,8.5575353,Entire home/apt,,2,7,2026-06-10,0.98,104,0,7,
1047072671042838474,Spacious 1BR near Opera - Mill 5.43,1314526,1462542542085520859,Giancarlo,Kreis 8,Mühlebach,47.3637421,8.551621,Entire home/apt,0,2,26,2026-05-30,2.22,104,8,26,
1047786868760736508,Cozy studio in the city center - Mill 5.32,1314526,1462542542085520859,Giancarlo,Kreis 8,Mühlebach,47.3637421,8.551621,Entire home/apt,0,2,21,2026-06-08,1.39,104,20,15,
1047837378777791990,Stylish 1BR near lake and Opera (Flower 52),1314526,1462542542085520859,Giancarlo,Kreis 8,Seefeld,47.361173,8.550597999999999,Entire home/apt,0,1,41,2026-05-20,1.89,104,19,18,
1047861794225712238,Studio in a perfect location (Stork 35),1314526,1462542542085520859,Giancarlo,Kreis 1,Lindenhof,47.3708912,8.5416358,Entire home/apt,,2,40,2026-04-27,1.66,104,0,18,
1047876252571293525,Nice studio in the city center - Vineyard 11,1314526,1462542542085520859,Giancarlo,Kreis 6,Unterstrass,47.3827157,8.5438948,Entire home/apt,0,1,16,2026-05-11,0.90,104,75,8,
1049048167921823348,Cosy 2-bedroom near lake (Stardust 31),1314526,1462542542085520859,Giancarlo,Kreis 2,Wollishofen,47.3471608,8.532422,Entire home/apt,0,5,33,2026-06-06,1.32,104,69,8,
1050383145419756567,"Charmante Wohnung an beliebter, urbaner Lage",481508453,1463804539742695110,Dragesa,Kreis 5,Gewerbeschule,47.3838476,8.529002799999999,Entire home/apt,0,2,105,2026-06-18,3.47,5,246,37,
1050523647010554276,Fantastic 2BR flat close to Paradeplatz (Canal2),23561865,1465274926504678242,Dimiter,Kreis 2,Enge,47.36845,8.53368,Entire home/apt,,2,78,2026-05-29,2.56,145,21,32,
1052073363943783011,Appartement entier 2.5 pièces à Wiedikon,10616261,1462845254266507177,Lionel,Kreis 3,Alt-Wiedikon,47.3703,8.51487,Entire home/apt,,3,8,2024-01-29,0.26,1,0,0,
1053787233741533365,Top location City+Lake+tram stop,268386629,1469418614792321398,Simo,Kreis 2,Enge,47.35457,8.53036,Entire home/apt,0,1,155,2026-06-14,5.13,1,122,67,
1055888687482667219,1910 Zurich Apt:10 Min to Center,3678267,1462636849226281540,Mike,Kreis 7,Hirslanden,47.36471,8.57167,Entire home/apt,0,15,1,2024-02-29,0.04,1,358,0,
1055922821544654390,Grosses Zimmer mit Balkon in ZH,70458777,1466872210816274989,Najat,Kreis 9,Altstetten,47.38843,8.48587,Private room,0,2,35,2024-05-31,1.17,1,207,0,
1057412019452888434,"Penthouse Studio - AC, Laundry, Balcony, Parking",6829151,1462716327544058641,Alisa,Kreis 3,Alt-Wiedikon,47.36538601633238,8.519760921426402,Entire home/apt,0,7,10,2026-06-21,0.43,3,120,7,
1057987655907647871,2.5 room apartment Zurich(55 M2),453226634,1470039560923413366,Chidiebere,Kreis 12,Schwamendingen-Mitte,47.4036761,8.558159,Entire home/apt,0,3,45,2025-10-23,1.82,1,297,18,
1058047135754232978,200m2 City Chic,468102256,1470110467669269285,Hagi Zev,Kreis 2,Enge,47.36567275468836,8.529840366656503,Entire home/apt,0,1,129,2026-06-26,4.67,1,209,46,
1059526005569076833,"Haus mit Garten in der Stadt, zentral gelegen",9210054,1462808361899437356,Martina-Michael,Kreis 11,Oerlikon,47.41124,8.53168,Entire home/apt,0,2,75,2026-05-24,2.67,1,286,25,
1060034047889613732,Basic 1.5 rooms flat in calm neighborhood Gib53 12,123896618,1462925790593676974,Sharedlock,Kreis 10,Höngg,47.41079,8.48037,Entire home/apt,,1,1,2025-04-01,0.07,8,0,0,
1061405877505383624,"Hübsche, ruhige Stadtwohnung",53793498,1465874091387820424,Simon,Kreis 3,Sihlfeld,47.37965,8.50202,Entire home/apt,0,3,1,2024-07-21,0.04,1,191,0,
1061539587987446181,Big 1BR apartment in the center (Mill 3.55),1314526,1462542542085520859,Giancarlo,Kreis 8,Mühlebach,47.3646951,8.5503518,Entire home/apt,0,1,30,2026-05-13,1.20,104,24,21,
1062293585839672570,Rustic & historic renovated city apartment,554656508,1470476999377024093,Many's,Kreis 6,Unterstrass,47.38335809495204,8.541688062250614,Entire home/apt,0,1,164,2026-06-25,5.47,1,265,26,
1062909130574073757,Wunderschöne Gartenwohnung in Zürich,52945028,1465857663781803792,Richard,Kreis 11,Seebach,47.41942479999999,8.5430342,Entire home/apt,,2,1,2024-08-06,0.04,1,0,0,
1064379088702314167,Beautiful apartment in Seefeld !,5870577,1462691719675851028,Abby,Kreis 8,Mühlebach,47.3577,8.55768,Entire home/apt,,3,0,,,1,0,0,
1064575664730318494,Schone Wohnung in Stadt Zentrum,164966846,1468602651838081574,Robel,Kreis 10,Wipkingen,47.39478,8.53188,Entire home/apt,0,5,5,2025-07-02,0.18,1,146,1,
1065852557820317921,Single Loft,517673958,1470329062847790968,LivingTown AG,Kreis 9,Altstetten,47.386991536493575,8.495258636351219,Entire home/apt,0,1,6,2026-06-27,0.77,7,363,6,
1065861157507256276,Double Loft,517673958,1470329062847790968,LivingTown AG,Kreis 9,Altstetten,47.3867225,8.496400099999999,Entire home/apt,,1,103,2026-06-18,3.86,7,351,59,
1065864298469850158,Terrace Loft Double,517673958,1470329062847790968,LivingTown AG,Kreis 9,Altstetten,47.3867225,8.496400099999999,Entire home/apt,,1,5,2026-05-16,0.19,7,338,3,
1065866194952890422,Terrace Loft Single,517673958,1470329062847790968,LivingTown AG,Kreis 9,Altstetten,47.3867225,8.496400099999999,Entire home/apt,0,1,3,2025-12-23,0.16,7,359,2,
1065867935663652640,Premium Loft n° PZ1,517673958,1470329062847790968,LivingTown AG,Kreis 9,Altstetten,47.3867225,8.496400099999999,Entire home/apt,0,1,0,,,7,353,0,
1066381516861186891,Premium Loft n° PZ4,517673958,1470329062847790968,LivingTown AG,Kreis 9,Altstetten,47.3867225,8.496400099999999,Entire home/apt,0,1,0,,,7,359,0,
1066455320121609783,Premium Loft n° B07,517673958,1470329062847790968,LivingTown AG,Kreis 9,Altstetten,47.3867225,8.496400099999999,Entire home/apt,0,1,0,,,7,337,0,
1067161910397657849,Spacious Room in Zürich City,273212092,1469441853334369434,Charles,Kreis 2,Enge,47.352875,8.527162,Private room,0,1,51,2026-06-27,1.71,1,172,25,
1068756452382335929,Appartement Zürich,289909623,1469507260639635918,Christian,Kreis 11,Seebach,47.42116,8.55042,Entire home/apt,0,2,0,,,1,179,0,
1068791451511668004,4.5 room apartment in Zurich,353228277,1469706118722468290,Matheus,Kreis 8,Weinegg,47.36247,8.55839,Entire home/apt,1,1,1,2024-05-14,0.04,1,266,0,
1069248626800655497,"10min to central station, fully equipped kitchen!",6344261,1462704047978965793,Kevin,Kreis 6,Unterstrass,47.38632,8.53984,Entire home/apt,,3,28,2026-01-29,1.41,1,0,10,
1069424757462308096,Comfortably furnished apartment in Zurich,348327394,1463501229927504131,Saschja,Kreis 6,Unterstrass,47.39394,8.54473,Entire home/apt,,2,129,2026-06-12,4.38,4,248,41,
1069667276421808005,Spacious apartment Helvetia sq.,87922549,1467056186759252263,Alessandro,Kreis 4,Langstrasse,47.37618864722918,8.52536752698366,Entire home/apt,0,6,8,2025-10-25,0.34,1,66,4,
1070933728899653449,Terrific 2BR flat close to Paradeplatz (Canal3),23561865,1465274926504678242,Dimiter,Kreis 1,City,47.37063,8.53298,Entire home/apt,0,2,106,2026-06-19,3.60,145,6,51,
1071940997923120868,City Center / Brunau - 2.5 rooms,1746873,1462577364804295866,Frank,Kreis 3,Alt-Wiedikon,47.35664,8.52003,Entire home/apt,,2,117,2026-06-28,4.04,30,115,48,
1072603252203280627,"City Center – Duplex 4.5 rooms, quiet, city view",1746873,1462577364804295866,Frank,Kreis 10,Wipkingen,47.39649,8.52396,Entire home/apt,,2,130,2026-06-26,4.42,30,113,50,
1073154131303655567,City Center / Brunau - 2.5 rooms,1746873,1462577364804295866,Frank,Kreis 3,Alt-Wiedikon,47.35727,8.51904,Entire home/apt,,2,124,2026-06-28,4.28,30,113,50,
1073342003167011250,Cozy place near Letzigrund,66696907,1466823940313165804,Dario,Kreis 6,Unterstrass,47.39856,8.53893,Entire home/apt,,5,0,,,1,0,0,
1073773331845898734,Urban Oasis in Central Location with floor cooling,557748691,1470493601518325946,Elias,Kreis 5,Escher Wyss,47.3905127,8.511365,Entire home/apt,,7,3,2025-08-29,0.20,1,98,1,
1076561260082224610,"Blueground | Mühlebach, w/d, nr opera house",434204093,1468087162878373469,Blueground,Kreis 8,Mühlebach,47.36398,8.55445,Entire home/apt,,30,0,,,185,171,0,
1076607595952604342,Zh Utoquai 2 - HITrental Seefeld Apartment,12886487,1462897903332723581,Stephanies,Kreis 8,Seefeld,47.36224,8.54809,Entire home/apt,0,1,9,2026-04-22,0.32,99,339,5,
1076607683017936080,Zentrales Stadtzimmer mit eigenem Bad,20096952,1463099212547667111,Carsten,Kreis 6,Oberstrass,47.38651,8.54515,Private room,0,2,34,2026-06-19,1.29,1,63,11,
1076660928320188034,2.5 Zimmer Apartment an zentraler Lage,4378131,1462655341844908811,Tania,Kreis 3,Sihlfeld,47.373331,8.5194177,Entire home/apt,0,7,4,2024-09-24,0.16,11,30,0,
1079622848992379282,1 Private Room in Shared Flat,137262371,1468364908142136926,Vivienne,Kreis 8,Weinegg,47.3489641609434,8.566941163811286,Private room,1,1,61,2026-06-17,2.11,1,37,30,
1079627080504738425,Amazing studio/the city centre (Sun8),23561865,1465274926504678242,Dimiter,Kreis 6,Unterstrass,47.38298,8.54395,Entire home/apt,0,1,16,2026-05-26,0.66,145,19,12,
1081153469703180828,Sorpresa cosy apartment,371008290,1463547825862567329,Sonia,Kreis 6,Unterstrass,47.39522322532662,8.545007295906544,Entire home/apt,,1,42,2026-05-17,1.45,14,110,2,
1082941224432174607,Luxus- Wohnung mit Bergpanorama,6906205,1462718253086866085,Julian,Kreis 3,Sihlfeld,47.37952,8.50696,Entire home/apt,0,3,25,2026-06-07,0.91,1,153,5,
1083200263166096179,"Central designer flat, 6 rooms",56743449,1465928113418926078,Norman,Kreis 3,Sihlfeld,47.3734,8.5128,Entire home/apt,,4,3,2024-07-24,0.12,1,0,0,
1083478151738768874,"Clean,comfy,central Zurich Room (10 mins to Lake)",340975587,1469668146451200181,Ar,Kreis 3,Alt-Wiedikon,47.36696,8.51103,Private room,,3,0,,,1,0,0,
1084676236438364768,"2 Zi., hell, zentral mit super Dachterrasse",560467854,1470504124578451319,David Carlo,Kreis 10,Höngg,47.40475,8.50126,Entire home/apt,0,1,0,,,1,233,0,
1086197506850002284,Cozy two-room apartment,19146596,1463070609205235633,Marisa,Kreis 3,Sihlfeld,47.37255,8.51138,Entire home/apt,0,4,0,,,1,89,0,
1087141985466942659,Comfort Single Room,25291258,1465339493652327480,Delta Apartments,Kreis 3,Sihlfeld,47.37501,8.51585,Entire home/apt,0,1,20,2026-05-08,0.77,5,364,5,
1088112872132511372,Wohnung im Herzen von Zürich,65124121,1466805239757771381,Martha,Kreis 4,Langstrasse,47.3762505,8.5339412,Entire home/apt,,2,112,2026-06-21,4.06,1,45,32,
1089006581666735722,Reihenhaus mit Garten in Zürich,22404783,1462621056668931570,Silvia,Kreis 7,Witikon,47.35758,8.5991,Entire home/apt,,7,27,2026-05-30,1.04,3,257,10,
1090001258790414437,Nevena House,3580507,1462530718659115776,Matteo,Kreis 4,Hard,47.3789695,8.511431199999999,Entire home/apt,0,2,10,2025-08-02,0.36,2,61,1,
1090467938620153379,Amazing 2BR flat: spacious and central (Duke2),23561865,1465274926504678242,Dimiter,Kreis 7,Fluntern,47.37944,8.5569,Entire home/apt,0,2,38,2026-06-12,1.35,145,44,9,
1090585527249773044,Charming 1BR flat in the city centre (West9),23561865,1465274926504678242,Dimiter,Kreis 4,Werd,47.37340032448617,8.521066111421812,Entire home/apt,,2,25,2026-04-27,0.89,145,0,9,
1091103567872054876,"Blueground | Enge, w/d, near central market",434204093,1468087162878373469,Blueground,Kreis 2,Enge,47.3595301,8.5269848,Entire home/apt,,30,1,2025-01-31,0.06,185,151,0,
1093344293204030859,"Cozy studio ""Linda""",371008290,1463547825862567329,Sonia,Kreis 6,Unterstrass,47.3951921,8.544990799999999,Entire home/apt,0,1,43,2026-06-08,1.50,14,118,2,
1095501556175033618,"Blueground | Unterstrass, nr university & market",434204093,1468087162878373469,Blueground,Kreis 6,Unterstrass,47.3898137,8.5401944,Entire home/apt,,1,0,,,185,0,0,
1096328878798015848,Traumhafte 186 m2  Wohnung mit Stadt und See Blick,85565146,1467031254085779037,Christoph,Kreis 7,Hottingen,47.369849368412616,8.56499645859003,Entire home/apt,,7,0,,,1,358,0,
1096969464471664177,"Zurich-City, close to the woods",30957267,1465455771545726831,Thebiga,Kreis 10,Höngg,47.41036,8.48309,Entire home/apt,,14,0,,,1,0,0,
1099205029913245593,Traumwohnung 15 Minuten vom Stadtzentrum,346033143,1469684944215589995,Livia,Kreis 3,Friesenberg,47.36721731236447,8.506497106733711,Entire home/apt,0,10,1,2025-07-31,0.09,1,135,1,
1099219769793288545,Charming Ground-Floor Apartment,37513703,1465561760661648603,Matias,Kreis 6,Unterstrass,47.4020293,8.532308700000002,Entire home/apt,,15,0,,,1,0,0,
1099251979615122944,Fantastic studio in the city centre - Art 8,23561865,1465274926504678242,Dimiter,Kreis 1,Hochschulen,47.37002639912194,8.548699385629961,Entire home/apt,0,2,33,2026-06-14,1.18,145,46,20,
1099334065912981764,Amazing studio in the city centre (Art 10),23561865,1465274926504678242,Dimiter,Kreis 1,Hochschulen,47.368259843936244,8.548904315246359,Entire home/apt,0,2,48,2026-06-03,1.71,145,24,37,
1099353728155487043,Amazing studio in the city centre (Art 19),23561865,1465274926504678242,Dimiter,Kreis 7,Hottingen,47.36995,8.54995,Entire home/apt,0,2,15,2026-04-22,0.54,145,17,11,
1100646566321313547,"1-Bedroom Apartment Suite, Franklinstrasse",17484617,1463011174324430050,Cristiana,Kreis 11,Oerlikon,47.4092669,8.5450988,Entire home/apt,0,2,2,2024-08-11,0.08,23,81,0,
1104420943291938365,Kleine Ruheoase nah an der Stadt,35299957,1465521548477781227,Ralph,Kreis 6,Oberstrass,47.38344,8.5493,Entire home/apt,,21,0,,,1,0,0,
1104569217766599970,SuperiorQueenroom& Lakeviews,94601949,1462858300617449727,Judy,Kreis 7,Fluntern,47.37793874967581,8.567284162129141,Private room,,2,0,,,6,173,0,
1104747346756475156,Wohnen im Grünen in Zürich,336827675,1463474878222412563,Albergo Diffuso,Kreis 9,Altstetten,47.38246527664952,8.4858979145902,Entire home/apt,,3,0,,,2,181,0,
1107737437082543654,Room in old town with rooftop,1477771,1462546900105262004,Nuria,Kreis 1,Rathaus,47.37371,8.54472,Entire home/apt,0,2,64,2026-06-15,2.36,3,16,21,
1109459498525815161,Rooftop with Alp and lake views,7755947,1462740369665471579,Pyry,Kreis 8,Seefeld,47.35608,8.55352,Entire home/apt,,5,0,,,2,0,0,
1110180030458360460,Zurich Apt. 22 - Chez Gérard - Kreis 1,63526682,1466784172334285457,Gerard,Kreis 1,Rathaus,47.3744086,8.543719399999999,Entire home/apt,0,1,170,2026-06-25,6.31,2,284,78,
1110773468586420617,Easy One Bedroom Apartment,58818657,1466704666219617003,Book A Home AG,Kreis 11,Affoltern,47.4188625,8.508064599999999,Entire home/apt,0,7,0,,,48,41,0,
1110781339767005567,Easy One Bedroom Apartment,58818657,1466704666219617003,Book A Home AG,Kreis 11,Affoltern,47.4188625,8.508064599999999,Entire home/apt,0,7,1,2025-09-12,0.10,48,82,1,
1111351393862896651,A room in the heart of Zurich,3714973,1462637749293004067,Olivier,Kreis 4,Langstrasse,47.37762,8.52564,Private room,,7,0,,,1,269,0,
1111619375901704180,"City apartment with gym, spa and pool",564859566,1698735279012732542,Apartments Zuerich,Kreis 4,Hard,47.3800028,8.507072100000002,Entire home/apt,0,1,39,2026-06-20,1.44,15,254,17,
1111840263266212292,Single Room with balcony,25291258,1465339493652327480,Delta Apartments,Kreis 3,Sihlfeld,47.3750137,8.5158485,Entire home/apt,0,1,25,2026-03-18,0.93,5,363,8,
1112782621246185315,"Central, cozy & bright apartment",21750,1462506952670320129,Leila,Kreis 3,Alt-Wiedikon,47.36413,8.51548,Entire home/apt,,2,0,,,3,0,0,
1112909012854600340,Serviced rooftop apartment next to Paradeplatz,22592993,1463183588586266754,Robert,Kreis 2,Enge,47.36735617371112,8.534955984539899,Entire home/apt,,30,0,,,1,358,0,
1113105733496722588,"Apartamento de 2,1/2 con Balcón",150950946,1468483539456274133,Rodriguez,Kreis 9,Albisrieden,47.3782706,8.4837454,Entire home/apt,0,5,4,2025-05-25,0.19,3,244,0,
1113720674358928241,"Penthouse Studio Apartment, Franklinstrasse",17484617,1463011174324430050,Cristiana,Kreis 11,Oerlikon,47.4092669,8.5450988,Entire home/apt,0,2,0,,,23,115,0,
1113774205494762701,Zimmer in der Fliederhof-WG,89397717,1467083530055908031,Dieter,Kreis 7,Fluntern,47.3808254,8.564489199999999,Private room,,2,25,2025-08-29,0.91,1,0,9,
1114503194643592681,Charming studio in the city centre (Art 14),23561865,1465274926504678242,Dimiter,Kreis 7,Hottingen,47.36989,8.54989,Entire home/apt,,2,61,2026-06-13,2.24,145,1,31,
1114527581245147398,Cute Studio next to Museum of Art (Art 9),23561865,1465274926504678242,Dimiter,Kreis 7,Hottingen,47.36976,8.54998,Entire home/apt,0,2,51,2026-04-04,1.97,145,19,12,
1114532101632799702,Amazing studio in the city centre (Art 12),23561865,1465274926504678242,Dimiter,Kreis 7,Hottingen,47.37026,8.55064,Entire home/apt,0,2,16,2026-06-09,0.63,145,16,7,
1114561957367016928,2 BR · Balcony · near center 6 min · Comfort,41370631,1465614987812700378,Bernardo,Kreis 11,Seebach,47.414642059078126,8.542716055626343,Entire home/apt,0,1,9,2026-06-22,0.38,1,179,7,
1115154631828835298,Charmantes Zimmer in Altstadt,567699919,1470526227363004938,David Martínez,Kreis 1,Rathaus,47.37125329816275,8.544132086508188,Private room,,2,115,2026-06-15,4.67,1,206,63,
1115359737883601596,Zürich City-kleines Studio-Albisriederplatz 4211,564859566,1698735279012732542,Apartments Zuerich,Kreis 4,Hard,47.38013356708775,8.50698626931151,Entire home/apt,0,1,13,2026-06-18,0.50,15,349,7,
1115644068624929675,Cozy modern apartment.,8733042,1462774924095642386,Hemerson,Kreis 4,Hard,47.3806046,8.5055631,Entire home/apt,0,3,18,2026-06-21,0.83,1,26,12,
1115742421728965172,"Blueground | Unterstrass,  near uni & supermarket",434204093,1468087162878373469,Blueground,Kreis 6,Unterstrass,47.3898137,8.5401944,Entire home/apt,,30,0,,,185,347,0,
1115929213559318912,City feel good with forest view,567897501,1470526891243645209,Daniel,Kreis 12,Hirzenbach,47.402829847219245,8.576526939868927,Entire home/apt,,2,80,2025-03-27,2.91,1,0,0,
1115931171994581113,Zähringerplatz old town of Zurich,261136040,1469380245700819528,Jaqueline,Kreis 1,Rathaus,47.37555828862108,8.545112172141915,Entire home/apt,0,1,3,2024-06-06,0.11,2,240,0,
1116412397509447583,"1 room in a central, quiet maisonette-apart'",568013948,1470527203588722752,Tobias,Kreis 1,Lindenhof,47.36905050000001,8.5402451,Private room,,14,12,2024-05-30,0.44,1,0,0,
1116560642699102552,Room in hipster neighborhood,33829615,1465494573619214079,Anne,Kreis 3,Sihlfeld,47.37150339999999,8.514662099999999,Private room,0,200,0,,,1,269,0,
1117224875913007275,Multifamily house,263856201,1469395617516690338,Juerg & Valeria,Kreis 7,Witikon,47.35972,8.58206,Entire home/apt,,6,0,,,3,26,0,
1117336268997295623,Urban oasis close to Zurich's city center,131599979,1462943145925858277,Dylan,Kreis 6,Unterstrass,47.38615,8.53875,Entire home/apt,0,2,12,2026-05-31,0.44,1,10,6,
1117485613867699064,Helles Stadtstudio nahe Albisriederplatz 4212,564859566,1698735279012732542,Apartments Zuerich,Kreis 4,Hard,47.38108,8.50807,Entire home/apt,0,1,49,2026-06-07,1.93,15,31,9,
1117515911255186367,Beautiful Apartment in Zurich City Centre,11256564,1462860662037023367,Melanie Christina,Kreis 3,Sihlfeld,47.370540565550336,8.513806834816933,Private room,,1,7,2026-05-28,0.28,1,177,3,
1117572287508602009,Moderne Wohnung mit Weitblick,1259206,1462541034486398372,Deniz,Kreis 9,Albisrieden,47.3758902,8.4843771,Entire home/apt,,45,0,,,1,179,0,
1117964432664728035,"Nahe Fluss, Wald und Zentrum.",19838245,1463092522208771187,Fra,Kreis 10,Wipkingen,47.39573923119597,8.523195907473564,Private room,,1,0,,,1,0,0,
1118244243395629749,Münsterhofblick: luxus lage,423806611,1469922577081507278,Stefan Buchschacher,Kreis 1,Lindenhof,47.36957,8.5401,Private room,,1,0,,,2,269,0,
1118246920664180886,Münsterblüxckt: luxoriöster Ort,423806611,1469922577081507278,Stefan Buchschacher,Kreis 1,Lindenhof,47.3709,8.54114,Private room,,1,0,,,2,269,0,
1118298080690170780,Swiss Marc Aurel - Self Check-In,510964692,1470297669563881970,Philippe,Kreis 3,Sihlfeld,47.3778,8.50893,Private room,0,1,0,,,1,269,0,
1118665560754930229,Studio+ free parking near ETH/River (Zürich Höngg),5902929,1462692533879533909,Andrea,Kreis 10,Höngg,47.39664,8.50311,Entire home/apt,0,1,134,2026-06-10,5.01,1,26,57,
1119640164109413293,Spacious Garden Flat by ETH & transport,17080225,1462600910639267444,Nunu,Kreis 10,Höngg,47.402741,8.4945427,Entire home/apt,0,1,92,2026-05-28,3.53,1,191,28,
1120144716828034996,Stylisches 2.5 Zimmer Studio,568854997,1470529785793802218,Ersin,Kreis 2,Enge,47.3619397,8.5267613,Entire home/apt,0,1,32,2026-06-14,1.31,2,253,12,
1120909465009215833,Stylish City Studio at Excellent Location - Art 1,23561865,1465274926504678242,Dimiter,Kreis 1,Hochschulen,47.368444262210424,8.54863296485968,Entire home/apt,0,2,2,2024-05-21,0.08,145,30,0,
1120934824940345706,Charming studio in the city centre (Art 4),23561865,1465274926504678242,Dimiter,Kreis 1,Hochschulen,47.36865,8.54852,Entire home/apt,0,2,54,2026-06-07,2.10,145,127,22,
1121003102285499849,"Blueground | Wipkingen, storage & garden, nr train",434204093,1468087162878373469,Blueground,Kreis 10,Wipkingen,47.3954974,8.527068,Entire home/apt,,30,0,,,185,0,0,
1121006079796743628,Cozy studio in the city centre (Art 13),23561865,1465274926504678242,Dimiter,Kreis 1,Hochschulen,47.36893,8.54905,Entire home/apt,0,2,50,2026-06-11,1.91,145,17,5,
1121156872424979340,Amazing studio in the city centre (Art 17),23561865,1465274926504678242,Dimiter,Kreis 1,Hochschulen,47.36837,8.55002,Entire home/apt,,2,29,2026-05-16,1.14,145,0,9,
1121161811639150912,Charming studio in the city centre (Art 18),23561865,1465274926504678242,Dimiter,Kreis 1,Hochschulen,47.37031,8.54853,Entire home/apt,,2,12,2024-07-31,0.47,145,0,0,
1121517902399963078,Bedroom in shared apartment,356890093,1469713500719186091,Jan,Kreis 11,Oerlikon,47.41034,8.53894,Private room,,1,0,,,1,0,0,
1121629711054036802,SIHL 2 Bedroom,24506494,1465305511219168260,EMA House,Kreis 4,Hard,47.3783166,8.5159575,Entire home/apt,0,3,12,2026-06-04,0.53,19,200,3,
1123702487962688203,Spacious 3BR Apt · Zürich-Affoltern · fast WiFi,57029086,1462736110664014694,Stefani,Kreis 11,Affoltern,47.42207,8.50142,Entire home/apt,,1,61,2026-05-30,2.30,30,280,27,
1125298587843717820,Cozy Studio L'aria,371008290,1463547825862567329,Sonia,Kreis 6,Unterstrass,47.3951921,8.544990799999999,Entire home/apt,,1,38,2026-06-03,1.42,14,125,4,
1125300969273352136,Bijou mit privater Dachterasse,238614933,1469269515227943818,Larissa,Kreis 4,Langstrasse,47.37429,8.52464,Entire home/apt,0,28,0,,,1,269,0,
1125421283731646093,Room in the Nevena House!,3580507,1462530718659115776,Matteo,Kreis 3,Sihlfeld,47.37571995018165,8.51156048476696,Private room,0,2,52,2026-06-13,1.93,2,206,9,
1125527094939887119,Nice room in a green Apartment,57711185,1466691880527220400,Antonio,Kreis 8,Seefeld,47.35906,8.55057,Private room,0,2,15,2025-09-19,0.57,1,256,2,
1127602805955148512,200sm house 10 min to the centre,129573399,1468299354841695499,Andrea,Kreis 11,Oerlikon,47.4113876,8.5320409,Private room,,60,0,,,1,0,0,
1128064905360899187,Stylish spacious apartment,40821871,1465607763165384364,Lucas,Kreis 6,Unterstrass,47.3884,8.53852,Entire home/apt,,5,20,2026-05-23,0.76,1,55,6,
1128404290254972817,"City-Apartment mit Gym, Sauna und Whirlpool 4102",564859566,1698735279012732542,Apartments Zuerich,Kreis 4,Hard,47.3800028,8.507072100000002,Entire home/apt,0,1,39,2026-05-29,1.45,15,362,11,
1129186436954304347,HildaThree,60673302,1462745878035652963,TheHoost.Com,Kreis 4,Hard,47.37688916527675,8.514779244180284,Entire home/apt,,1,36,2026-06-16,1.41,5,291,27,
1129756796149622244,Two streets from Lake Zurich!,12949921,1462899383677344470,Monika,Kreis 8,Mühlebach,47.3542315,8.55942,Entire home/apt,0,1,4,2025-06-23,0.16,1,37,0,
1129800805695716463,cozy & central room in Zurich,80108218,1466977089144252214,David,Kreis 4,Langstrasse,47.37724,8.52759,Private room,,2,22,2026-04-04,0.84,2,0,7,
1131599809322844889,HildaTwo,60673302,1462745878035652963,TheHoost.Com,Kreis 4,Hard,47.3768819,8.5147256,Entire home/apt,,1,60,2026-06-09,2.24,5,346,31,
1131778585487639551,"Blueground | Wiedikon, private w/d, near shops",434204093,1468087162878373469,Blueground,Kreis 3,Sihlfeld,47.3700748,8.5108416,Entire home/apt,,30,0,,,185,172,0,
1131778831616566911,"Blueground | Wiedikon, private w/d, near shops",434204093,1468087162878373469,Blueground,Kreis 3,Sihlfeld,47.3700748,8.5108416,Entire home/apt,,30,2,2025-01-10,0.09,185,90,0,
1131779111238071331,"Blueground | Wiedikon, private w/d, nr market",434204093,1468087162878373469,Blueground,Kreis 3,Sihlfeld,47.37010239999999,8.511104999999999,Entire home/apt,,30,1,2024-08-17,0.04,185,331,0,
1131779412259865150,"Blueground | Wiedikon, private w/d, nr market",434204093,1468087162878373469,Blueground,Kreis 3,Sihlfeld,47.37010239999999,8.511104999999999,Entire home/apt,,30,0,,,185,337,0,
1131869886358819724,Modern flat in Seefeld (at Lake),805282,1462514348215409225,David,Kreis 8,Seefeld,47.36016,8.54871,Entire home/apt,0,1,29,2026-06-21,1.17,1,85,10,
1134039414566735416,Zimmer am Zürcher Central,572100016,1470550698846477989,SleepandGo,Kreis 1,Rathaus,47.37632,8.54353,Private room,0,1,137,2026-06-12,5.14,4,306,20,
1136920916371783777,Premium 1-BR Serviced Apartment with Balcony,83271512,1467008557890184612,José-Luis,Kreis 8,Mühlebach,47.36379,8.54931,Entire home/apt,,30,16,2025-02-04,0.61,27,338,0,
1136949216140954932,Comfort & Connection In the Heart of Zurich,376117552,1463559868823443475,Clautilde,Kreis 1,Rathaus,47.3750544,8.5437121,Entire home/apt,0,1,131,2026-06-16,5.16,1,222,73,
1137676498166692246,Premium 1-BR Serviced Apartment with Balcony,83271512,1467008557890184612,José-Luis,Kreis 8,Mühlebach,47.36313,8.55072,Entire home/apt,0,5,9,2026-01-28,0.35,27,185,2,
1138498635029076634,Zimmer am Zürcher Central,572100016,1470550698846477989,SleepandGo,Kreis 1,Rathaus,47.37540187741096,8.543923913305793,Private room,0,1,71,2026-06-11,2.68,4,278,14,
1138519248574630627,im Herzen von Zürich,572100016,1470550698846477989,SleepandGo,Kreis 1,Rathaus,47.37540889999999,8.543950376721172,Private room,0,1,115,2026-06-12,4.31,4,300,31,
1139906946681618413,Lakeside Home in Central Zurich!,13887789,1462925538638265389,Stephanie,Kreis 8,Seefeld,47.35192890069267,8.558666653967299,Entire home/apt,0,6,4,2025-08-21,0.16,1,246,1,
1140004304957578486,Modern studio in the center,36158003,1465536997562014529,Alex,Kreis 4,Langstrasse,47.37828,8.52201,Entire home/apt,,7,3,2025-07-22,0.15,1,0,1,
1141046081315532660,2.5 Zimmer Wohnung mit Balkon an zentraler Lage,4378131,1462655341844908811,Tania,Kreis 3,Sihlfeld,47.374988422482154,8.516555313128999,Entire home/apt,0,7,2,2025-10-29,0.08,11,34,1,
1141051025975080426,Moderne 2.5 Zimmer Wohnung an zentraler Lage,4378131,1462655341844908811,Tania,Kreis 3,Sihlfeld,47.37081805388034,8.516253345017505,Entire home/apt,0,7,3,2024-08-25,0.12,11,30,0,
1141055310752063681,Grosszügiges Studio an zentraler Lage,4378131,1462655341844908811,Tania,Kreis 3,Sihlfeld,47.37133,8.51728,Entire home/apt,0,7,4,2026-05-21,0.17,11,19,2,
1141068131776436118,"Blueground | Enge, w/d, near central market",434204093,1468087162878373469,Blueground,Kreis 2,Enge,47.3595301,8.5269848,Entire home/apt,,30,0,,,185,181,0,
1141089331031556888,2.5 Zimmer Apartment mit Balkon an zentraler Lage,4378131,1462655341844908811,Tania,Kreis 3,Sihlfeld,47.37433,8.51409,Entire home/apt,0,7,0,,,11,30,0,
1141802804495876819,Zentrale 2.5 Zimmer Wohnung mit Balkon,4378131,1462655341844908811,Tania,Kreis 3,Alt-Wiedikon,47.368637977318336,8.520562786885094,Entire home/apt,0,7,2,2024-07-13,0.08,11,30,0,
1144222884154051995,Dream view in the pedestrian zone,344271798,1469679590779382610,Marin,Kreis 1,Lindenhof,47.37276061988608,8.540079620453012,Entire home/apt,0,3,0,,,3,267,0,
1144955364362114974,Terrific studio in the city centre (Art 2),23561865,1465274926504678242,Dimiter,Kreis 1,Hochschulen,47.3688,8.54968,Entire home/apt,0,1,50,2026-06-13,1.94,145,19,31,
1144964235398138975,Charming studio in the city centre (Art 21),23561865,1465274926504678242,Dimiter,Kreis 1,Hochschulen,47.36995,8.54884,Entire home/apt,0,1,23,2026-06-12,0.90,145,11,15,
1145352754712527630,Cozy flat on the top floor,98466279,1467184150731011316,Stylianos,Kreis 9,Altstetten,47.39701,8.48455,Entire home/apt,0,4,2,2024-08-25,0.09,1,169,0,
1145433135014419943,Single Room in a super central apartment,381297571,1469780039134790321,Joanna,Kreis 1,Lindenhof,47.37057,8.541,Private room,,1,10,2025-06-27,0.38,1,0,0,
1145833105776927070,"Zimmer mitten in Zürich, inkl. Dachterrasse",407024846,1463629287903643781,Rene Alexander,Kreis 3,Sihlfeld,47.37489078237589,8.512797573016359,Private room,0,3,5,2025-06-20,0.21,1,363,0,
1146343115672020224,Quiet 3 BR Luxury Apartment Overlooking Zurich,14004054,1462588622176898329,Julia,Kreis 6,Oberstrass,47.38874,8.54945,Entire home/apt,,14,13,2025-01-05,0.54,1,148,0,
1147229433785589900,Spacious city flat with parking,127306659,1462933341172570743,Michael,Kreis 6,Unterstrass,47.39577,8.53965,Entire home/apt,,2,94,2026-06-21,3.68,8,42,43,
1147248583047861619,Charming 3 1/2 room apartment,23604626,1465275492305281667,Sascha,Kreis 9,Altstetten,47.38802,8.48643,Entire home/apt,,3,5,2025-09-06,0.34,1,0,2,
1147667894819610448,Wohnung im Herzen von Zürich,41303880,1465614115801951589,Nahid,Kreis 10,Wipkingen,47.39313,8.52745,Entire home/apt,,2,0,,,1,269,0,
1148293530766466528,2-Zimmer Wohnung in Zürich im trendy Kreis 3,151922126,1468491344528690659,Norzin,Kreis 3,Sihlfeld,47.37352,8.5158,Entire home/apt,,12,0,,,1,0,0,
1149734567826040095,Beautiful flat in Wiedikon,28824446,1465425126008979418,Yi,Kreis 3,Alt-Wiedikon,47.36568382743265,8.520686365664005,Entire home/apt,,2,3,2025-07-21,0.13,1,0,1,
1152154565630586592,Urban Appartment in City Center,408887528,1463633390880469363,Burcu,Kreis 6,Oberstrass,47.38637,8.54728,Entire home/apt,0,14,1,2024-07-29,0.04,1,179,0,
1152755643157705495,Cozy 3.5 flat in Lochergut,38423737,1465574779394935473,Carlos Constantan,Kreis 3,Sihlfeld,47.37582,8.5147,Entire home/apt,,5,10,2025-08-31,0.39,1,0,3,
1155926321095915409,Superior Double Room,25291258,1465339493652327480,Delta Apartments,Kreis 3,Sihlfeld,47.37501,8.51585,Entire home/apt,0,1,11,2025-11-02,0.44,5,364,1,
1156537039362573099,Moderne Wohnung in beliebter Gegend,38850210,1465580579671918934,Maude,Kreis 4,Langstrasse,47.3783495,8.5261635,Entire home/apt,,4,3,2024-08-25,0.12,1,0,0,
1158703683194834888,Kleines schönes Zimmer,572100016,1470550698846477989,SleepandGo,Kreis 1,Rathaus,47.37539,8.54387,Private room,1,1,178,2026-06-14,6.93,4,281,58,
1159108461044860277,Central Studio | Oerlikon Station · Fast WiFi,57029086,1462736110664014694,Stefani,Kreis 11,Seebach,47.4143322,8.5468833,Entire home/apt,,1,31,2026-04-26,1.26,30,358,9,
1159313067199212228,"Urban Oasis: Lakefront Luxury Living, 1001",501316964,1470254348310928250,⁨5 Star Villa Holidays⁩,Kreis 2,Wollishofen,47.33895,8.54,Entire home/apt,0,3,0,,,1,363,0,
1160843022345347902,charming old apartment for 2-4,578626619,1470581515912430751,Tobias,Kreis 5,Gewerbeschule,47.3836507,8.530624,Entire home/apt,0,3,11,2026-06-21,0.43,1,25,2,
1160955587478435431,Modern 2BR · Messe Zürich 5 min · Fast WiFi & Work,57029086,1462736110664014694,Stefani,Kreis 11,Seebach,47.4143322,8.5468833,Entire home/apt,0,1,13,2026-05-31,0.56,30,344,9,
1160972060237844024,Roomy 2BR · City · Oerlikon · 10min to Zürich HB,57029086,1462736110664014694,Stefani,Kreis 11,Seebach,47.4143322,8.5468833,Entire home/apt,,1,47,2026-06-15,2.07,30,316,33,
1160985872573170849,Modern 2BR Balcony · Oerlikon Station · Fast WiFi,57029086,1462736110664014694,Stefani,Kreis 11,Seebach,47.4143322,8.5468833,Entire home/apt,,1,20,2026-05-26,0.83,30,313,9,
1161320552083116594,Im Herzen der Zürcher Altstadt! 44qm,481508453,1463804539742695110,Dragesa,Kreis 1,Lindenhof,47.3732859355714,8.53985641163939,Entire home/apt,0,2,161,2026-06-26,6.36,5,189,72,
1162015593785462174,Zentrale 2.5 Zimmer Wohnung mit Balkon,4378131,1462655341844908811,Tania,Kreis 3,Sihlfeld,47.37329106601882,8.513316527974375,Entire home/apt,0,7,1,2024-06-19,0.04,11,115,0,
1162342115535138785,City Center two bedroom attic flat,139483718,1468382269100052534,Delia,Kreis 4,Langstrasse,47.3790784,8.526877299999999,Entire home/apt,1,1,12,2025-04-13,0.53,4,151,0,
1163673559973909414,"City center / Brunau - Duplex 3.5 rooms, garden",1746873,1462577364804295866,Frank,Kreis 3,Friesenberg,47.35669,8.51834,Entire home/apt,0,2,67,2026-06-22,2.64,30,140,29,
1164415523821283112,Zimmer mit Frühstück bei Familie,10480219,1462841764430886489,Sandra,Kreis 7,Hirslanden,47.36068,8.57099,Private room,0,1,1,2025-10-24,0.12,2,179,1,
1165412006366231768,"City Center / Brunau - Duplex 5.5 rooms, garden",1746873,1462577364804295866,Frank,Kreis 3,Alt-Wiedikon,47.35696,8.51871,Entire home/apt,,2,130,2026-06-24,5.14,30,85,57,
1166465730705114826,Bijou für Zwei,24820662,1465320905324418017,Ornella,Kreis 10,Höngg,47.3964209,8.511036899999999,Entire home/apt,0,1,23,2026-05-21,0.93,1,79,5,
1166629117632205691,Preciosa confortable habitación.,481914769,1470170281852380021,Rafael Adolfo,Kreis 11,Seebach,47.42613,8.5381,Private room,,1,9,2024-08-11,0.36,1,0,0,
1166714156588596019,Zentrale Wohnung an bester Lage,1236177,1462540451843840586,Isabel,Kreis 4,Werd,47.373169947064646,8.525100611150265,Entire home/apt,,3,1,2024-06-21,0.04,1,0,0,
1167126015385891595,"Blueground | Enge, shared w/d, nr market, Old Town",434204093,1468087162878373469,Blueground,Kreis 2,Enge,47.3595301,8.5269848,Entire home/apt,,30,1,2024-12-20,0.05,185,269,0,
1167126356541158030,"Blueground | Unterstrass, nr university, groceries",434204093,1468087162878373469,Blueground,Kreis 6,Unterstrass,47.38981,8.54019,Entire home/apt,,30,0,,,185,5,0,
1167126655181514335,"Blueground | Seefeld, near opera, 1 min to lake",434204093,1468087162878373469,Blueground,Kreis 8,Seefeld,47.3637429,8.5475605,Entire home/apt,0,4,1,2024-06-19,0.04,185,242,0,
1167260147413216021,1 Zi Apartment am Letzigrund,5591552,1462684520919880117,Kika,Kreis 9,Altstetten,47.38307,8.5003,Private room,0,1,2,2025-06-01,0.08,1,96,0,
1167847112150736412,Zh Brecht 3 - Limmatquai HITrental Apartment,12886487,1462897903332723581,Stephanies,Kreis 1,Rathaus,47.37449,8.54297,Entire home/apt,0,1,30,2026-06-25,1.53,99,319,18,
1167847256638577971,Zh Hesse 4 - Limmatquai HITrental Apartment,12886487,1462897903332723581,Stephanies,Kreis 1,Rathaus,47.37534,8.54214,Entire home/apt,0,1,65,2026-06-29,2.64,99,329,24,
1168196576469592433,"Drei Zimmer Deluxe Apartment mit AC, für 5 Pers.",580580045,1470587190623132261,Eva,Kreis 4,Werd,47.3695212,8.5268833,Entire home/apt,,1,76,2026-06-05,3.09,1,115,37,
1168278591033652735,"City Center / Wipkingen – 3 rooms, quiet",1746873,1462577364804295866,Frank,Kreis 10,Wipkingen,47.39682,8.52471,Entire home/apt,,2,90,2026-06-28,3.59,30,148,49,
1169413424365979407,Cozy studio in the city center,19729738,1463089759208510398,Simona,Kreis 4,Langstrasse,47.3785,8.52493,Entire home/apt,,3,7,2025-06-16,0.28,1,0,0,
1171611536068095445,2 rooms with private bathroom,142652075,1468408047274326255,Lazhar,Kreis 11,Seebach,47.42033,8.55177,Private room,0,1,1,2024-08-11,0.04,9,269,0,
1171879492281441209,Cosy 1-Room studio,9043839,1462793493805989561,Bayardo,Kreis 3,Alt-Wiedikon,47.36818,8.52124,Entire home/apt,0,2,46,2026-01-11,1.84,1,176,14,
1172180921919823425,Wohnung mit Garten nahe Zentrum,450946083,1470030386672202461,Christos,Kreis 2,Enge,47.35544,8.52584,Entire home/apt,0,2,76,2026-06-28,3.43,1,274,49,
1173187086718811596,Studio in the heart of Zurich (Crown 35),1314526,1462542542085520859,Giancarlo,Kreis 6,Unterstrass,47.38701,8.53926,Entire home/apt,0,2,27,2025-09-06,1.08,104,21,11,
1173777657920296898,"Blueground | Enge, storage, near local market",434204093,1468087162878373469,Blueground,Kreis 2,Enge,47.3595301,8.5269848,Entire home/apt,,30,0,,,185,135,0,
1174067952451128140,Modern 2BR Balcony · 10min Zurich City · Fast WiFi,57029086,1462736110664014694,Stefani,Kreis 11,Seebach,47.4143322,8.5468833,Entire home/apt,0,1,57,2026-06-13,2.37,30,336,28,
1174493919352217296,Big studio in city center (Vineyard 41),1314526,1462542542085520859,Giancarlo,Kreis 6,Unterstrass,47.38347,8.54297,Entire home/apt,,2,15,2024-09-11,0.60,104,0,0,
1174525811887374145,Very central & bright studio (Vineyard 51),1314526,1462542542085520859,Giancarlo,Kreis 6,Unterstrass,47.38334,8.54338,Entire home/apt,0,1,13,2026-05-01,0.52,104,19,1,
1174595414309736429,Spacious studio near lake and opera (Mill 5.12),1314526,1462542542085520859,Giancarlo,Kreis 8,Mühlebach,47.36431,8.55211,Entire home/apt,0,1,45,2026-06-14,1.81,104,47,24,
1174643056974114020,Spacious 2-bedroom near lake (Stardust 32),1314526,1462542542085520859,Giancarlo,Kreis 2,Wollishofen,47.348,8.53345,Entire home/apt,,5,22,2025-12-01,0.88,104,31,10,
1174663945113092382,Beautiful studio in the old town (Symbol 2),1314526,1462542542085520859,Giancarlo,Kreis 1,Rathaus,47.37083,8.5431,Entire home/apt,0,2,33,2026-06-14,1.33,104,30,6,
1175324228592636196,Manesse Studio,205929925,1469074107446155203,Sonja,Kreis 3,Alt-Wiedikon,47.36546,8.51952,Entire home/apt,0,2,13,2026-06-22,0.54,2,193,10,
1175334274635725255,"Manesse Apartment ""15""",205929925,1469074107446155203,Sonja,Kreis 3,Alt-Wiedikon,47.36576,8.52031,Entire home/apt,0,2,14,2026-05-17,0.65,2,172,6,
1175464796423154107,"Cozy room quiet near city,balcony, good connection",166383570,1468613098025780297,Raphael,Kreis 3,Alt-Wiedikon,47.365403,8.5195173,Private room,,1,45,2024-12-04,1.83,1,0,0,
1176813416936440463,Stylish 1BR near lake and Opera (Flower 11),1314526,1462542542085520859,Giancarlo,Kreis 8,Mühlebach,47.36205,8.55102,Entire home/apt,0,2,17,2026-03-21,0.83,104,26,6,
1176878538805266347,Modern 2BR · Zurich Airport & City · Fast WiFi,57029086,1462736110664014694,Stefani,Kreis 11,Seebach,47.41399,8.54716,Entire home/apt,,1,30,2026-06-04,1.21,30,341,16,
1176933092998181078,Cosy 50 m2 near the center or ZH,50504249,1465773975838303766,Walid,Kreis 7,Fluntern,47.375755,8.5557064,Entire home/apt,,7,0,,,1,336,0,
1176985428847535014,1BR Rooftop Terrace Views · Central Zurich,57029086,1462736110664014694,Stefani,Kreis 11,Seebach,47.41433,8.54688,Entire home/apt,,1,17,2026-05-12,0.73,30,354,9,
1177498062982581065,"Apartment with Views, 5-min ride to city center",559586572,1470501313610432984,Daniel,Kreis 9,Altstetten,47.39335,8.48572,Entire home/apt,0,2,44,2026-06-21,1.81,1,8,30,
1177511448831408787,1BR flat in the historical center (Symbol 3),1314526,1462542542085520859,Giancarlo,Kreis 1,Rathaus,47.37113,8.54445,Entire home/apt,0,2,26,2026-06-15,1.07,104,47,7,
1177623810887855632,Zentrale Stadtwohnung mit Parkplatz,3556939,1462632466741725345,Anscha,Kreis 5,Gewerbeschule,47.38404,8.52961,Entire home/apt,,24,0,,,2,0,0,
1178714421579593210,2BR flat in the city center (Crown 2),1314526,1462542542085520859,Giancarlo,Kreis 6,Unterstrass,47.38708,8.53785,Entire home/apt,,1,63,2026-05-29,2.54,104,44,22,
1178823140205505776,Cozy studio near main station (Color 2),1314526,1462542542085520859,Giancarlo,Kreis 1,Hochschulen,47.37928,8.5432,Entire home/apt,0,2,39,2026-03-27,1.59,104,55,9,
1178852331605912487,Centrally located 1BR (Color 23),1314526,1462542542085520859,Giancarlo,Kreis 6,Unterstrass,47.38069,8.54463,Entire home/apt,0,1,28,2026-06-16,1.17,104,73,12,
1179690220066052639,"City Center / Brunau - 3.5 rooms, view",1746873,1462577364804295866,Frank,Kreis 3,Alt-Wiedikon,47.35715,8.51992,Entire home/apt,,2,85,2026-06-25,3.48,30,133,31,
1180120277035740326,Cozy guest room at mainstation,111994257,1467352800071714204,Melanie,Kreis 5,Gewerbeschule,47.38132,8.53282,Private room,,1,3,2026-06-17,0.12,1,0,2,
1180199926982425852,Zimmer in Zürich,94504127,1467140021355869193,Manuel,Kreis 6,Unterstrass,47.38543771168643,8.541679009795189,Private room,,3,0,,,1,0,0,
1181106754440500078,Studio - city center (Crown 13),1314526,1462542542085520859,Giancarlo,Kreis 6,Unterstrass,47.38834,8.53737,Entire home/apt,,2,39,2026-01-29,1.57,104,0,19,
1181119110166236141,Studio near main station (Crown 26),1314526,1462542542085520859,Giancarlo,Kreis 6,Unterstrass,47.38689,8.53799,Entire home/apt,,2,4,2025-08-23,0.19,104,0,3,
1181152475439117989,2BR near lake (Stardust 11),1314526,1462542542085520859,Giancarlo,Kreis 2,Wollishofen,47.34643,8.53306,Entire home/apt,,5,15,2026-04-27,0.61,104,0,5,
1181165176792234241,"Studio near ""Stadelhofen"" station (Mill 5.02)",1314526,1462542542085520859,Giancarlo,Kreis 8,Mühlebach,47.36398,8.55118,Entire home/apt,,2,12,2025-04-15,0.50,104,0,0,
1182266703249064344,Studio near Rennweg - Stork 33,1314526,1462542542085520859,Giancarlo,Kreis 1,Lindenhof,47.37062,8.54055,Entire home/apt,0,2,6,2024-08-13,0.25,104,50,0,
1182354298470554239,"schön, modern und zentral",20697750,1463136276702686994,Marco,Kreis 5,Gewerbeschule,47.3827075,8.5317077,Entire home/apt,,3,5,2025-08-31,0.28,1,0,3,
1182543968536474558,Gemütliche Stadt-Wohnung,124840309,1468259494858657475,Tanja,Kreis 3,Alt-Wiedikon,47.368940312246146,8.511639970303522,Entire home/apt,,14,0,,,1,364,0,
1182602232475028044,Wohnung am Waldrand Zürichs,266764488,1469410601742301202,Maria Mercedes,Kreis 7,Witikon,47.35985,8.59478,Entire home/apt,0,2,3,2024-09-01,0.13,1,350,0,
1182654388623130978,Central Cozy 2-Bedroom in Zurich,6150397,1462699185143700732,Sarah,Kreis 10,Wipkingen,47.3920721,8.535031199999999,Entire home/apt,,2,3,2024-08-14,0.12,1,0,0,
1182682880677101430,Neu renovierte 3Zi Whg - 15min vom Hauptbahnhof,584486152,1470598175633781872,Lina,Kreis 3,Alt-Wiedikon,47.3673651,8.5222274,Entire home/apt,,3,37,2026-06-19,1.55,1,88,14,
1183178574314342240,Tinywoodenbus - NOT a Hotel but a experience,17580079,1462602945298350776,Joshua,Kreis 7,Fluntern,47.37636,8.55675,Entire home/apt,1,1,19,2025-09-24,0.79,2,66,7,
1183281509877530111,"Charming, stylish 3BR Zürich",380888793,1463569640549544874,Nico,Kreis 7,Hirslanden,47.36248,8.56709,Entire home/apt,0,2,136,2026-06-22,5.63,3,320,57,
1183311611399280113,Charmantes 1 1/2-Zimmer Studio in der Stadt Zürich,72048303,1466890436721267383,Thomas,Kreis 12,Schwamendingen-Mitte,47.40340987719513,8.573250956833363,Entire home/apt,0,2,2,2026-06-21,2,1,333,2,
1183696601235546016,Charming Boat For Unique Waterfront Stay,56801338,1465928820049089721,Johannes,Kreis 8,Seefeld,47.360835694458274,8.550077145906727,Entire home/apt,0,1,12,2024-09-18,0.49,2,362,0,
1183744765007070038,1 min from Taylor Swift Concert!,584779742,1470599003350220432,Matthew,Kreis 9,Altstetten,47.38186,8.49867,Private room,0,1,1,2024-07-10,0.04,2,268,0,
1183998699880134247,"Blueground | Seefeld, near lake, 3 stops to opera",434204093,1468087162878373469,Blueground,Kreis 8,Seefeld,47.3553627,8.555890699999999,Entire home/apt,,30,1,2024-12-22,0.05,185,121,0,
1184003724596863641,"Blueground | Unterstrass, near Zurich HB, tram",434204093,1468087162878373469,Blueground,Kreis 6,Unterstrass,47.38854,8.53935,Entire home/apt,,4,0,,,185,0,0,
1184042944660357426,Penthouse flat in Zurich 8003,13085094,1462902768313657319,Nikolaus,Kreis 3,Sihlfeld,47.37516,8.50996,Entire home/apt,0,14,0,,,1,120,0,
1184169441823015385,Beautiful & central flat,24066374,1465282615056941198,Katja,Kreis 4,Langstrasse,47.37558,8.52226,Entire home/apt,,28,1,2025-12-20,0.15,1,0,1,
1184447185162076608,2 Bedroom Apartment in Zürich,72737490,1466897836561999366,Liene,Kreis 11,Affoltern,47.41178,8.52275,Entire home/apt,,2,3,2025-08-12,0.23,1,116,2,
1184833706734365266,Peaceful place by the lake,14026777,1462928776261527146,Patricia,Kreis 2,Wollishofen,47.33343029598076,8.538305792297356,Private room,0,1,1,2026-04-11,0.37,1,365,1,
1184871634900095700,Gemütliches Zimmer in guter Lage,122143687,1468239043413274598,Jens,Kreis 6,Unterstrass,47.39635,8.54115,Private room,0,4,9,2026-04-09,0.38,2,46,5,
1184885773414525017,Haedrichpark,142352743,1468405665151255069,Armando,Kreis 9,Albisrieden,47.37797700384096,8.490203399999986,Private room,,1,0,,,1,365,0,
1185285791918824752,Apartment with big rooftop,35956336,1465533174132743802,Leonie,Kreis 9,Altstetten,47.38243,8.49708,Entire home/apt,,2,0,,,1,0,0,
1185367549801461766,"Nice & central, huge balcony.",1826253,1462579421821136391,Anne-Wienke,Kreis 3,Alt-Wiedikon,47.3693484,8.5071463,Entire home/apt,1,1,0,,,1,269,0,
1185649598941673715,Amazing view in a quiet place,18079184,1463035578948227962,Fabio,Kreis 10,Höngg,47.39871,8.50527,Private room,0,1,0,,,1,365,0,
1185993932203802457,Apartment im Herzen von Zürich,112810452,1467361340270764190,Letizia,Kreis 8,Mühlebach,47.3638477,8.5494082,Entire home/apt,,2,9,2024-10-09,0.37,1,0,0,
1186080154286857500,Retreat with swiss mountain view,38915095,1465581371916189296,Oli,Kreis 2,Wollishofen,47.3498,8.53186,Entire home/apt,,1,0,,,1,0,0,
1186128206877571208,Studio near lakeside (Cross 9),23561865,1465274926504678242,Dimiter,Kreis 8,Mühlebach,47.36369,8.54913,Entire home/apt,0,2,17,2026-06-10,0.70,145,15,7,
1186190658802128748,Zürich Hotel Zimmer.,584863164,1470599249693022353,Jens,Kreis 11,Seebach,47.41539,8.55841,Private room,0,1,1,2024-08-11,0.04,1,365,0,
1186746089770645598,Zimmer in Familienwohnung,5212278,1462675451493569011,Benjamin,Kreis 3,Sihlfeld,47.3757932,8.514085099999999,Private room,0,1,0,,,1,365,0,
1186801755051762056,1 Bedroom heart of Zurich,478526081,1470155932023806197,Andrew,Kreis 4,Langstrasse,47.3799,8.533,Private room,0,1,0,,,1,269,0,
1186966125522331333,Stay 5 mins from Letzigrund,18451116,1463054485516502387,Robin,Kreis 3,Sihlfeld,47.37808,8.50735,Private room,,1,1,2024-07-10,0.04,1,0,0,
1186988117751181244,Chic Boho Decor & Warm Ambiance,160182551,1468558282137366314,Rosi,Kreis 11,Seebach,47.42485,8.54888,Entire home/apt,0,1,2,2025-03-16,0.10,2,364,0,
1187414021414560727,Cozy apartment in Zürich,8146302,1462750294935987479,Pascale,Kreis 3,Sihlfeld,47.37289,8.51849,Entire home/apt,,2,29,2026-06-21,1.20,1,262,14,
1187478911382412887,Lovely place to stay in Zürich,51569796,1465807032101400034,Vanessa,Kreis 10,Wipkingen,47.39173,8.52903,Private room,,1,2,2024-07-11,0.08,1,0,0,
1187535940386521005,Dachgeschosswohnung,99991407,1462870349947704802,Gabi,Kreis 11,Seebach,47.4172751,8.5483611,Entire home/apt,0,1,68,2026-06-23,3.00,3,12,58,
1187745268117133532,Chic and Stylish Apartment,20777052,1463138219869468375,Maria,Kreis 8,Mühlebach,47.35473,8.5581,Entire home/apt,0,1,0,,,1,81,0,
1187836238658953479,A jewel in Zurich's Seefeld district by the lake,5387853,1462679661306806052,Argun,Kreis 8,Seefeld,47.35454,8.55599,Entire home/apt,0,3,21,2026-02-22,0.92,1,157,11,
1188213818744931089,Hotel Zimmer Zürich,543610366,1470434852551586844,Jens,Kreis 11,Seebach,47.4147075,8.5595497,Private room,,1,0,,,1,269,0,
1188364329894041518,2BR flat near lake and central (Stardust 22),1314526,1462542542085520859,Giancarlo,Kreis 2,Wollishofen,47.34777,8.53318,Entire home/apt,0,5,6,2026-01-29,0.25,104,144,3,
1188377801897966377,Appartement,95101072,1467146495217343481,Etienne,Kreis 3,Sihlfeld,47.3739798,8.5151868,Entire home/apt,,7,1,2024-09-15,0.05,1,0,0,
1188573167768952290,Room in apartment with rooftop,7755947,1462740369665471579,Pyry,Kreis 8,Seefeld,47.35543,8.55348,Private room,,1,0,,,2,0,0,
1188957107227008846,Bright apartment by the river,55642746,1465911372188531300,Lisa,Kreis 10,Wipkingen,47.39189804284062,8.524732142686844,Entire home/apt,0,2,2,2024-09-04,0.08,1,85,0,
1188976617344110550,City Apartment in Local Trendy Neighborhood,24924252,1465324823586001297,Paulina,Kreis 3,Sihlfeld,47.37737,8.50987,Entire home/apt,,5,1,2024-07-11,0.04,1,0,0,
1189098452732513293,Appartment close to Hallenstadion,25300367,1465339875628758581,Roberto,Kreis 11,Oerlikon,47.4112679,8.5453739,Private room,0,2,0,,,1,363,0,
1189628875080445077,Herzlich Willkommen in Zürich I - Wohnung,9500107,1462569853075179180,Kathrin,Kreis 9,Albisrieden,47.3782,8.49684,Entire home/apt,0,1,4,2024-11-15,0.17,2,67,0,
1189829020219878342,Design Haven in Zurich,3113117,1462618729068251061,Marcella,Kreis 2,Enge,47.35465,8.52631,Entire home/apt,1,1,0,,,1,269,0,
1189960666694066757,Charming flat in Zürich,104478672,1467255812172758232,Aldo Marcelo,Kreis 10,Höngg,47.40502,8.49326,Entire home/apt,,1,0,,,1,365,0,
1190376088578038095,Luxury modern apartment in Zürich close to nature,142351184,1468405656164273866,Thomas,Kreis 10,Höngg,47.4036123,8.4884788,Entire home/apt,0,13,2,2026-05-25,0.15,1,178,1,
1190405613445870713,Charming room central Zurich,521539963,1470346812003461539,Redona,Kreis 5,Gewerbeschule,47.38578,8.52841,Private room,0,1,1,2024-07-10,0.04,1,364,0,
1190644154278030598,Gemütliche zentrale Wohnung mit Balkon in Wiedikon,17697878,1463026933434280229,Antonius,Kreis 3,Alt-Wiedikon,47.36957,8.51187,Entire home/apt,0,2,5,2025-09-16,0.22,1,32,1,
1190938914194932346,Nice room for solo travelers and couples,547714578,1470450679239873936,Olaf,Kreis 3,Sihlfeld,47.36689,8.52377,Private room,0,3,55,2026-05-25,2.29,2,143,26,
1191092025381803171,"Wipkinger-Wohnung, Nähe Letzigrund",8655069,1462772941069091221,Lisa,Kreis 10,Wipkingen,47.39486,8.51783,Entire home/apt,1,1,0,,,1,269,0,
1191118836122682079,Cute Bijoux around Idaplatz,27543643,1465406446778765501,Valentina,Kreis 3,Sihlfeld,47.37416,8.51327,Entire home/apt,0,2,8,2026-06-09,0.33,1,140,7,
1191178139935523220,Kleines Studio an bester Lage,428221141,1469940526226463450,Luca,Kreis 10,Wipkingen,47.3958224,8.5255905,Entire home/apt,0,3,8,2025-09-01,0.34,1,226,3,
1191202539586206900,Cosy appartment for the weeked,6010927,1462695459979143114,Moritz,Kreis 10,Wipkingen,47.3948453,8.5326037,Entire home/apt,0,,31,2026-06-21,1.29,1,0,19,
1191334144424804819,Große Wohnung im Zentrum von Zürich (Kreis 3).,54188983,1465881987267117194,Mërgim,Kreis 3,Sihlfeld,47.37029,8.5243644,Entire home/apt,0,1,10,2026-06-15,0.42,1,364,6,
1191342592248601209,Comfortable Apartment,573797583,1470566644008488336,Peter,Kreis 10,Höngg,47.40724569753887,8.505316972732544,Private room,,1,0,,,1,269,0,
1192112381017097085,"Elegant apartment, 850m to Letzi",1521108,1462559419361773059,Désirée,Kreis 3,Sihlfeld,47.37700863096786,8.51066093891859,Entire home/apt,,1,1,2024-07-12,0.04,1,0,0,
1192517565915023121,Tolle Wohnung mit Garten,405025,1462517574960763002,Tina,Kreis 9,Albisrieden,47.38025,8.50121,Entire home/apt,0,2,4,2026-05-29,0.18,1,41,2,
1192574659040212106,Gäste-Zimmer Ed Sheeran,6028318,1462695990831612039,Fabienne,Kreis 9,Altstetten,47.382600326200595,8.498995946032721,Private room,,1,1,2024-07-11,0.04,1,0,0,
1192581034464551462,Modern and cozy flat in the heart of Zürich,40133575,1465598682442642881,John,Kreis 3,Sihlfeld,47.37033,8.5191,Entire home/apt,0,2,13,2025-08-31,0.54,1,40,4,
1192793812266356598,Cosy apartment in central Zurich,30163717,1465444120409481563,Theresa,Kreis 6,Oberstrass,47.38169,8.54864,Entire home/apt,,2,17,2025-09-22,0.71,1,0,3,
1192850011070635727,Room with access to rooftop!,47453213,1465715821883419617,Marco,Kreis 7,Hottingen,47.36555,8.56089,Private room,,10,0,,,1,365,0,
1192857815059091323,"Super Lage, 4Fussminuten zum See! Alles in Nähe",586846754,1470604666654903273,Maria,Kreis 8,Mühlebach,47.36151,8.55261,Entire home/apt,0,1,13,2026-05-19,0.55,1,260,4,
1193366163568866047,Cozy flat in city centre Zurich,192044893,1468998342990848438,Stanislav,Kreis 2,Enge,47.36369903585161,8.531780652701855,Entire home/apt,0,5,0,,,1,87,0,
1193570648112528216,Cosy room / Taylor Swift concert,41529756,1465617218309545380,Kinga,Kreis 9,Altstetten,47.38896,8.49407,Private room,,1,1,2024-07-10,0.04,1,0,0,
1194083695404787575,Cozy Room in Zurich City Centre,439077223,1469983331992627357,Lei,Kreis 2,Enge,47.36495,8.53218,Private room,0,1,0,,,1,365,0,
1194086925577055345,Cute flat with huge terrace,165613628,1468607475400034341,Beatrix,Kreis 10,Höngg,47.4042871,8.485443799999999,Entire home/apt,1,1,0,,,2,89,0,
1194093689062120129,Room in unique and centrally located house - 8001,139680564,1468383794701290900,Marco,Kreis 1,Hochschulen,47.3771503,8.545430399999999,Private room,,2,0,,,1,0,0,
1194300655940160085,Top Zurich Waldgarten,246846339,1469309402516882137,Danilo,Kreis 12,Schwamendingen-Mitte,47.40388846201667,8.560134954750538,Entire home/apt,,3,23,2026-06-27,0.99,1,89,12,
1194738218461375432,Cozy and light-filled home close to Letzigrund,30690041,1465451526639816611,Sonam,Kreis 9,Altstetten,47.3821538,8.501014699999999,Entire home/apt,0,2,0,,,1,7,0,
1194835938035511585,3-rooms flat with an old charm,165613628,1468607475400034341,Beatrix,Kreis 4,Hard,47.3769066,8.5155954,Entire home/apt,1,1,0,,,2,269,0,
1194887076923437701,Stilvolle Wohnung im Herzen am Lochergut (Kreis 3),246321052,1469306754913236206,Vanessa,Kreis 3,Sihlfeld,47.3751971,8.5178435,Entire home/apt,0,1,15,2026-06-14,0.63,1,298,3,
1194945320752673250,cozy central flat for 4 people,140101083,1468387033515227347,Agnes,Kreis 4,Hard,47.38109019716186,8.512415438890457,Entire home/apt,0,2,3,2024-09-22,0.12,1,360,0,
1195048572613797371,Cozy apartment,50473476,1465773475502313232,Jordy,Kreis 9,Altstetten,47.3837927,8.497718299999999,Entire home/apt,,1,8,2025-08-03,0.33,1,0,1,
1195049612954620513,Attika mit Rooftop in Zürich!,36612635,1462672580758123156,Galina,Kreis 9,Altstetten,47.389,8.47908,Entire home/apt,0,3,2,2026-05-15,0.22,1,52,2,
1195630937856098426,Boutique Flat - heart of Zurich,23581017,1465275189901312651,Veronika,Kreis 4,Langstrasse,47.3756756,8.5280942,Entire home/apt,,3,4,2026-01-04,0.18,1,0,1,
1195675105698352845,Im Herzen von Zürich,74172094,1466913490054557408,Ricco,Kreis 6,Oberstrass,47.3803,8.54852,Private room,0,1,0,,,1,268,0,
1195822035453889669,Taylor Swift,84469797,1467020308290165294,Patrick,Kreis 3,Sihlfeld,47.37748,8.50786,Private room,1,1,0,,,1,365,0,
1196095170946844887,Panoramic View Charming B&B,60891962,1466750027618705766,Heidemarie,Kreis 10,Wipkingen,47.39749,8.51468,Private room,,1,1,2025-05-30,0.08,1,87,0,
1196127904838793077,Bijou Apartment in Zürich,3743434,1462638462100831179,Melinda,Kreis 6,Unterstrass,47.3881,8.53683,Entire home/apt,,1,19,2025-09-28,0.79,1,52,5,
1196271947283005699,ADAMS  a luxury apartment inside the palacekraft,13770499,1462587701265442265,Martin,Kreis 7,Fluntern,47.37731,8.56006,Entire home/apt,0,2,4,2026-05-28,0.19,6,221,2,
1196313532900301135,Cozy apartment 5min to Letzigrund Stadium,68712286,1466849715206202354,Bilal,Kreis 4,Hard,47.37706,8.51829,Entire home/apt,1,1,0,,,1,365,0,
1197120573864316298,Centrally located studio nearby lake (Cross 8),23561865,1465274926504678242,Dimiter,Kreis 8,Seefeld,47.36237,8.5481,Entire home/apt,,2,6,2026-02-15,0.26,145,7,4,
1197215131664824114,Studio,585693123,1470601488042114852,Ghislaine,Kreis 9,Altstetten,47.38934,8.4848,Entire home/apt,0,3,0,,,1,267,0,
1197591601515362340,"Blueground | Wiedikon, balcony & w/d, nr market",434204093,1468087162878373469,Blueground,Kreis 3,Alt-Wiedikon,47.36940209999999,8.5134761,Entire home/apt,,30,0,,,185,336,0,
1197592091932880701,"Blueground | Oerlikon, balcony, w/d & elevator",434204093,1468087162878373469,Blueground,Kreis 11,Seebach,47.4159151,8.5546618,Entire home/apt,,90,0,,,185,0,0,
1197765047972197598,quiet place in the heart of Züri,364102679,1469731795935905470,Melina,Kreis 10,Wipkingen,47.39113,8.52685,Entire home/apt,,30,0,,,1,83,0,
1198994842217146464,Studio an zentraler Lage,4378131,1462655341844908811,Tania,Kreis 3,Sihlfeld,47.37259108537219,8.519959149829443,Entire home/apt,0,7,4,2026-05-30,0.33,11,30,4,
1199003952845906437,Charming room in Zurich center,253335516,1469341710932304362,Cheyenne,Kreis 6,Oberstrass,47.37784192861599,8.548895093808884,Private room,0,1,4,2026-06-21,3.08,2,15,4,
1199011952175441170,Zentrale 2.5 Zimmer Wohnung mit Balkon,4378131,1462655341844908811,Tania,Kreis 3,Alt-Wiedikon,47.37007089075705,8.515650495643387,Entire home/apt,0,7,1,2025-09-02,0.10,11,30,1,
1199114000202373600,Charming 1-Bedroom flat,489137160,1470201548459145825,Hadi,Kreis 9,Altstetten,47.38216166610413,8.501708173016365,Entire home/apt,0,1,0,,,1,269,0,
1199884031062368054,2 Zimmer Wohnung in der City,310723043,1469581001735124271,Ümit,Kreis 3,Sihlfeld,47.37623624779521,8.50659605115652,Entire home/apt,0,5,5,2024-12-17,0.22,1,77,0,
1200021430863750618,2 rooms Flat Zurich Triemli with Balcony,54954522,1465900873749448788,Rafael,Kreis 3,Friesenberg,47.36752,8.49808,Entire home/apt,,1,5,2026-06-10,0.24,2,365,2,
1200067717365411660,Cozy two bedroom flat in the heart of Zurich,139483718,1468382269100052534,Delia,Kreis 4,Langstrasse,47.37908,8.52688,Entire home/apt,1,1,36,2026-01-03,1.55,4,146,14,
1200097194331286484,Central two bedroom apartment,139483718,1468382269100052534,Delia,Kreis 4,Langstrasse,47.3790784,8.526877299999999,Entire home/apt,0,1,30,2025-12-30,1.31,4,144,13,
1200110905980538333,Equipped flat in central Zurich,139483718,1468382269100052534,Delia,Kreis 4,Langstrasse,47.37896216027837,8.526684180950914,Entire home/apt,1,1,25,2026-04-19,1.08,4,141,7,
1200738678192622906,Beautiful apartment in Fluntern,53581962,1465871017489559861,Larissa,Kreis 7,Fluntern,47.38367,8.55593,Entire home/apt,,14,1,2025-07-28,0.09,1,241,1,
1202181762344247118,Cozy studio near Opera (Cross 3),23561865,1465274926504678242,Dimiter,Kreis 8,Seefeld,47.36329,8.54936,Entire home/apt,0,2,2,2024-12-03,0.10,145,7,0,
1202183091802926790,Casa da Osi,392474692,1469813923395999042,Oscar,Kreis 10,Wipkingen,47.39441,8.52518,Private room,,1,138,2026-06-24,5.98,2,1,53,
1202611926134567647,Dreamy architectural apartment and cat sitting,261803747,1469384175572503459,Thomas,Kreis 7,Hottingen,47.38293,8.58817,Entire home/apt,,18,0,,,1,0,0,
1202637171810437696,"City Center / Wipkingen – 3 rooms, quiet",1746873,1462577364804295866,Frank,Kreis 10,Wipkingen,47.397,8.52287,Entire home/apt,,2,91,2026-06-23,3.88,30,141,39,
1202756036366229659,"City Center / Wipkingen – 3 rooms, quiet",1746873,1462577364804295866,Frank,Kreis 10,Wipkingen,47.39514,8.52395,Entire home/apt,,2,100,2026-06-23,4.27,30,106,72,
1202909680155740603,Practical studio in the city center (Art 7),23561865,1465274926504678242,Dimiter,Kreis 7,Hottingen,47.37051,8.55001,Entire home/apt,0,2,8,2025-11-24,0.35,145,41,1,
1202915855923020760,Practical Studio nearby Lake (Cross 6),23561865,1465274926504678242,Dimiter,Kreis 8,Seefeld,47.36214,8.54794,Entire home/apt,0,1,21,2025-10-08,0.92,145,22,3,
1203042518304587916,Modern 2BR Balcony · Zurich Unterstrass · WiFi,57029086,1462736110664014694,Stefani,Kreis 11,Oerlikon,47.41322,8.54652,Entire home/apt,,1,33,2026-06-13,1.45,30,338,20,
1203365581729933260,Bright and central apartment,100483125,1467206756499732158,Valentina,Kreis 5,Gewerbeschule,47.3846828,8.5294093,Entire home/apt,,7,0,,,1,0,0,
1204142780945078598,Functional studio nearby Opera (Cross 7),23561865,1465274926504678242,Dimiter,Kreis 8,Seefeld,47.36267,8.54934,Entire home/apt,0,1,6,2026-06-13,0.26,145,22,4,
1205505814874547728,Trendquartier wipkingen,5851419,1462691225987669929,Judit,Kreis 10,Wipkingen,47.39751,8.5302,Entire home/apt,,1,0,,,1,0,0,
1205935723591564256,Spacious apt in central location,222814543,1463212491051447039,Haoran,Kreis 1,Rathaus,47.3757206,8.5444444,Entire home/apt,0,4,2,2026-06-15,0.19,14,130,2,
1206279353637890248,Cosy appartement in Zürich,297829454,1463408156848190442,Juliette,Kreis 3,Alt-Wiedikon,47.36772,8.50733,Entire home/apt,,2,5,2026-04-19,0.24,1,0,2,
1206324314651981107,"Blueground | Oerlikon, balcony & w/d, nr market",434204093,1468087162878373469,Blueground,Kreis 11,Oerlikon,47.4092081,8.544687200000002,Entire home/apt,,30,0,,,185,145,0,
1206568846222382864,Serene and peaceful room in ZH,28248760,1462643902312416769,Francesco,Kreis 10,Höngg,47.40967,8.48599,Private room,,30,1,2024-07-23,0.04,1,62,0,
1207104945422435921,Stylish studio in city center (Crown 36),1314526,1462542542085520859,Giancarlo,Kreis 6,Unterstrass,47.38856,8.53856,Entire home/apt,0,2,29,2026-06-16,1.24,104,21,8,
1207146175320917286,Cozy studio near central station (Crown 38),1314526,1462542542085520859,Giancarlo,Kreis 6,Unterstrass,47.38713,8.53744,Entire home/apt,0,2,27,2026-05-26,1.15,104,2,14,
1207159278405172885,Nice studio in the city center (Vineyard 22),1314526,1462542542085520859,Giancarlo,Kreis 6,Unterstrass,47.3829,8.54302,Entire home/apt,0,1,8,2025-10-19,0.34,104,35,1,
1207175015954866243,2BR near city center (Vineyard 21),1314526,1462542542085520859,Giancarlo,Kreis 6,Unterstrass,47.3829,8.5435,Entire home/apt,,2,54,2026-06-08,2.31,104,0,36,
1207962133217825823,Nice Room close to ETH Hönng,47204640,1462705915926830091,Vilma,Kreis 10,Höngg,47.41052,8.48731,Private room,0,1,3,2025-11-30,0.15,5,333,1,
1208075482575251368,"open, sunny, spacious 1 bedroom",10484699,1462841884573960365,Andrew,Kreis 9,Altstetten,47.38699,8.49735,Entire home/apt,,7,0,,,2,0,0,
1208405789738668649,"Cozy, bright apartment in city",143718425,1468416092944282671,Maureen,Kreis 3,Alt-Wiedikon,47.36008,8.5174,Entire home/apt,0,1,10,2025-09-21,0.43,1,151,2,
1208470103869332013,Mountain-View Apartment 10 minutes from Zurich HB,51414366,1465803120038285457,Rose,Kreis 2,Wollishofen,47.34376,8.51864,Entire home/apt,,1,54,2026-06-15,2.38,2,62,44,
1208788386695399608,Juwel in the heart of Zurich,60393745,1466742723553926989,Anika,Kreis 3,Sihlfeld,47.37112,8.51842,Entire home/apt,,1,0,,,1,189,0,
1209234903414592989,Zimmer in Zürich,550853960,1470463142481599952,Aivi,Kreis 12,Schwamendingen-Mitte,47.40505,8.5766,Entire home/apt,,1,0,,,1,365,0,
1209992180031403731,Centrally located apartment with balcony,56893475,1465930134097176365,Jani,Kreis 4,Langstrasse,47.3794052,8.5279483,Entire home/apt,0,7,1,2024-10-21,0.05,1,28,0,
1213504604264401931,"Blueground | Seefeld, elev, balcony, 3 min to lake",434204093,1468087162878373469,Blueground,Kreis 8,Seefeld,47.36127279999999,8.551160299999998,Entire home/apt,,30,0,,,185,319,0,
1213504924797636823,"Blueground | Wiedikon, balcony, w/d & elevator",434204093,1468087162878373469,Blueground,Kreis 3,Alt-Wiedikon,47.36450319999999,8.5193654,Entire home/apt,,30,0,,,185,0,0,
1213505222557951505,"Blueground | Wiedikon, balcony & w/d, nr market",434204093,1468087162878373469,Blueground,Kreis 3,Alt-Wiedikon,47.3642445,8.5192976,Entire home/apt,,30,0,,,185,354,0,
1213505617731861966,"Blueground | Wiedikon, balcony & w/d, nr market",434204093,1468087162878373469,Blueground,Kreis 3,Alt-Wiedikon,47.36407969999999,8.519421399999999,Entire home/apt,,30,0,,,185,150,0,
1214539278395991640,2.5 Zimmerwohnung mit Terasse,140296610,1468388523457698257,Sophie,Kreis 10,Höngg,47.40577,8.48032,Entire home/apt,0,334,0,,,1,358,0,
1214599121050307126,4BR Entire Floor · Groups · Oerlikon Station,57029086,1462736110664014694,Stefani,Kreis 11,Seebach,47.4143322,8.5468833,Entire home/apt,,1,14,2026-06-06,0.77,30,322,10,
1214602133903630816,Modern 4BR Entire Floor · Oerlikon Station 2 min,57029086,1462736110664014694,Stefani,Kreis 11,Seebach,47.4143322,8.5468833,Entire home/apt,,1,30,2026-06-01,1.40,30,312,15,
1214603611545581369,Modern 4BR Entire Floor · 2 min Oerlikon Station,57029086,1462736110664014694,Stefani,Kreis 11,Seebach,47.4143322,8.5468833,Entire home/apt,1,1,20,2026-06-05,0.95,30,334,10,
1217152512709503398,Cozy studio in Zurich City,50792553,1465780737349206356,Alexander,Kreis 11,Seebach,47.41851,8.54806,Entire home/apt,0,3,23,2026-06-24,1.02,1,72,12,
1217449951958351279,Moderne Attika-Wohnung in Zürich,554850931,1470477730035826485,Fabian,Kreis 2,Wollishofen,47.33829,8.53075,Entire home/apt,,2,1,2025-01-05,0.06,1,0,0,
1217478867357470103,Cozy apartment El Destino,371008290,1463547825862567329,Sonia,Kreis 6,Unterstrass,47.39576,8.54532,Entire home/apt,,1,31,2026-04-05,1.36,14,119,4,
1218047102913998993,Schlafen im Camper! Mitten in der Stadt Zürich,69076434,1466853874271871026,Desiree,Kreis 5,Gewerbeschule,47.38734,8.52858,Entire home/apt,1,1,7,2026-06-17,0.30,1,348,4,
1218192580840856101,Apartment mit Wifi und Kücheneinrichtung/TV,23521921,1465274393014238481,Bahri,Kreis 9,Altstetten,47.38954,8.48051,Entire home/apt,,27,12,2025-11-29,0.54,1,30,5,
1218232736334482528,Cozy Boho apartment in Zurich,15524229,1462964382604430629,Francesca,Kreis 12,Hirzenbach,47.4013,8.59014,Entire home/apt,0,2,10,2026-06-28,0.96,1,13,10,
1218610506352531466,Metropolitan Heights | 4 Zi. Serviced Apartment,83271512,1467008557890184612,José-Luis,Kreis 4,Langstrasse,47.38025,8.53148,Entire home/apt,,3,2,2024-12-26,0.09,27,25,0,
1218649224287388367,"1bedrm, own bthrm, spacious flat",19551011,1463081167072496979,Georgie,Kreis 11,Oerlikon,47.40387,8.55356,Private room,0,1,1,2026-05-21,0.73,1,83,1,
1218665779914584192,Cozy little home nearby lake (Cross 1),23561865,1465274926504678242,Dimiter,Kreis 8,Seefeld,47.36234,8.54801,Entire home/apt,,2,0,,,145,0,0,
1218841427043390872,Live in the city center (Cross 5),23561865,1465274926504678242,Dimiter,Kreis 8,Mühlebach,47.364,8.54957,Entire home/apt,0,2,18,2026-06-15,0.80,145,102,11,
1219287468098353016,Queen bed with Air Con at Hotel Stoller,594505461,1470623187365460184,Hotel Stoller,Kreis 3,Sihlfeld,47.3784855,8.5093026,Private room,0,1,77,2026-06-26,3.46,4,283,66,
1219287663169907804,Room for two with AC at Hotel Stoller,594505461,1470623187365460184,Hotel Stoller,Kreis 3,Sihlfeld,47.3784855,8.5093026,Private room,0,1,2,2026-03-23,0.10,4,290,1,
1219287894624048983,Classic local gem since 1938,594505461,1470623187365460184,Hotel Stoller,Kreis 3,Sihlfeld,47.3784855,8.5093026,Private room,0,1,0,,,4,239,0,
1219288070398459911,City’s best brunch & oldest ice cream shop,594505461,1470623187365460184,Hotel Stoller,Kreis 3,Sihlfeld,47.3784855,8.5093026,Private room,0,1,0,,,4,202,0,
1220271491161170925,In the Heart of Zurich – Comfort &Central Location,571535280,1463885062177520770,Mateusz,Kreis 4,Langstrasse,47.379292,8.5229707,Entire home/apt,,2,108,2026-05-25,4.74,1,0,25,
1220988513035901091,3.5 Zi-Whg in Zürich Albisrieden nähe Stadion,93902535,1467133182373378885,Julius,Kreis 9,Albisrieden,47.37118,8.49422,Entire home/apt,0,2,4,2025-01-02,0.18,1,341,0,
1221610123300559758,Modern studio in the city center (Flower 22),1314526,1462542542085520859,Giancarlo,Kreis 8,Seefeld,47.36066,8.55038,Entire home/apt,,2,3,2026-05-31,0.16,104,7,1,
1222255212780818977,Perfectly located studio (Art 5),23561865,1465274926504678242,Dimiter,Kreis 1,Hochschulen,47.36995,8.54873,Entire home/apt,0,2,7,2026-05-25,0.60,145,97,7,
1222342040528662856,Chambre spacieuse avec vue sur la forêt.,47243363,1465711783965803779,Nona,Kreis 3,Alt-Wiedikon,47.36633,8.51856,Private room,,1,7,2025-01-01,0.32,1,0,0,
1223116868083820971,"Blueground | Wiedikon, w/d, nr market & Old Town",434204093,1468087162878373469,Blueground,Kreis 3,Sihlfeld,47.3704745,8.5185929,Entire home/apt,,30,1,2024-10-10,0.05,185,0,0,
1223151303674888078,Zurich CityLife Apartment B,394242499,1463600709753996250,Lara,Kreis 4,Langstrasse,47.37837,8.52687,Entire home/apt,0,1,84,2026-06-18,3.68,1,23,12,
1223915955089385790,Faboulous 1BR near city center (Sun 16),23561865,1465274926504678242,Dimiter,Kreis 6,Oberstrass,47.38318,8.54517,Entire home/apt,,2,47,2026-03-24,2.07,145,0,25,
1223988356168706359,1BR Balcony · Hallenstadion & Messe · Fast WiFi,57029086,1462736110664014694,Stefani,Kreis 11,Seebach,47.41450469999999,8.5469274,Entire home/apt,,1,12,2026-05-11,0.63,30,346,9,
1224000911641908648,1BR Balcony · Zurich HB & City Center · Fast WiFi,57029086,1462736110664014694,Stefani,Kreis 11,Seebach,47.4145029,8.5469001,Entire home/apt,0,1,14,2026-06-01,0.74,30,338,9,
1224017144242285767,1BR Rooftop Terrace · Oerlikon Station · Fast WiFi,57029086,1462736110664014694,Stefani,Kreis 11,Seebach,47.4145029,8.5469001,Entire home/apt,,1,40,2026-05-27,2.02,30,351,28,
1224025629419925272,Sunny Terrace · Oerlikon Station · 10min Zürich HB,57029086,1462736110664014694,Stefani,Kreis 11,Seebach,47.4145029,8.5469001,Entire home/apt,,1,21,2026-06-01,1.10,30,359,12,
1224047249595881769,Modern 1BR Balcony · Zurich Center · Fast WiFi,57029086,1462736110664014694,Stefani,Kreis 11,Seebach,47.4145029,8.5469001,Entire home/apt,,1,12,2026-05-22,0.55,30,347,3,
1224076066672010559,Modern Studio · Balcony · Oerlikon Station · WiFi,57029086,1462736110664014694,Stefani,Kreis 11,Seebach,47.4145029,8.5469001,Entire home/apt,,1,8,2025-06-09,0.37,30,338,0,
1224606722538028919,Modernes 120m2 Loft mit 3 Schlafzimmern in Zürich,548356728,1470453285358046920,Alexa,Kreis 7,Hottingen,47.36819196382338,8.56432355940342,Entire home/apt,1,1,19,2026-06-25,0.88,4,350,11,
1224607278471326501,Modern apartment near HB,508227621,1470284631767255418,Enada,Kreis 5,Gewerbeschule,47.38263887614166,8.534868321509238,Entire home/apt,0,4,2,2025-07-01,0.12,1,361,1,
1226007489824183055,1-zimmer wohnung,261850042,1469384356225705864,Michalina,Kreis 3,Sihlfeld,47.36727,8.52484,Entire home/apt,,2,1,2024-09-30,0.05,1,0,0,
1226857582093921636,Wohnung Lúcuma,21688387,1463161568986715058,Markus,Kreis 6,Unterstrass,47.3993,8.5408,Entire home/apt,,12,6,2024-12-30,0.27,1,275,0,
1228062147700111665,Charming 1-bedroom flat Kreis 4,12781821,1462895479562857606,Maria,Kreis 4,Hard,47.37969,8.5169,Entire home/apt,0,2,0,,,1,178,0,
1228139709407043195,Gästezimmer im Herzen Zürichs,565270166,1470518689917931251,Julia,Kreis 4,Langstrasse,47.37475216482903,8.52298904210329,Private room,,3,0,,,1,0,0,
1228329145700222826,Nice Basic Room close to Hönng,47204640,1462705915926830091,Vilma,Kreis 10,Höngg,47.40887,8.48561,Private room,0,5,8,2025-11-30,0.39,5,303,3,
1229027834473467094,Modern Studio · Fast WiFi · Oerlikon Station 2 min,57029086,1462736110664014694,Stefani,Kreis 11,Seebach,47.4145029,8.5469001,Entire home/apt,,1,19,2026-06-02,0.89,30,303,14,
1229057349307006351,"Big 2BR Apt · Balcony · Parking · Oerlikon, Zurich",57029086,1462736110664014694,Stefani,Kreis 11,Seebach,47.4145029,8.5469001,Entire home/apt,0,1,30,2026-06-14,1.39,30,348,18,
1229118445100472069,Modern 2BR Balcony · Oerlikon Station · Fast WiFi,57029086,1462736110664014694,Stefani,Kreis 11,Seebach,47.4145029,8.5469001,Entire home/apt,,1,23,2026-05-27,1.11,30,348,8,
1231048121768521429,"Hidden gem, design flat in Zurich",1589531,1462562478731425353,Joyce,Kreis 8,Mühlebach,47.36233,8.55425,Entire home/apt,,20,0,,,1,87,0,
1231739264490582849,Wohnen im Trendviertel Lochergut,598336945,1470632139571748223,Delia,Kreis 3,Sihlfeld,47.37521593798086,8.516671088360596,Entire home/apt,0,2,115,2026-06-04,5.40,1,98,61,
1231905794950510609,Riverview Apartment City Center,24604510,1465309012661263130,Dominic,Kreis 10,Höngg,47.39565052429562,8.510735703168814,Entire home/apt,,7,2,2025-09-13,0.18,1,0,2,
1232419388241809633,1.5 Zimmerwohnung Zürich,59306205,1466714529267924157,Anna,Kreis 2,Wollishofen,47.33398,8.52939,Entire home/apt,0,1,0,,,1,173,0,
1232543743363128782,Practical and cozy City Studio (Art 6),23561865,1465274926504678242,Dimiter,Kreis 7,Hottingen,47.37049,8.54985,Entire home/apt,0,2,16,2026-04-28,0.72,145,114,9,
1232682407613237834,Bright and practical Studio (Art 16),23561865,1465274926504678242,Dimiter,Kreis 7,Hottingen,47.37025,8.55048,Entire home/apt,0,1,41,2026-05-26,1.85,145,11,30,
1233106793058874333,"Blueground | Enge, balcony, w/d & elevator",434204093,1468087162878373469,Blueground,Kreis 2,Enge,47.3537732,8.5272021,Entire home/apt,,30,0,,,185,21,0,
1233140796052108572,gemütliches und zentrales Zuhause,561138669,1470506280966819401,Annabelle,Kreis 3,Sihlfeld,47.37848,8.50245,Entire home/apt,0,1,24,2026-06-08,1.29,1,152,19,
1233851288239180561,Modernes Apartment im Zentrum,242487401,1463278205080023073,Kenny,Kreis 6,Unterstrass,47.38279,8.54159,Entire home/apt,0,1,200,2026-06-11,9.16,1,282,103,
1234204667406584893,Green Tranquil Oasis in Hottingen,142787918,1468409123590757702,Giorgio,Kreis 7,Hottingen,47.37156,8.56241,Entire home/apt,0,4,12,2026-01-03,0.70,2,302,8,
1236113908086835604,Private room Zurich Alstatten,10636239,1462845776843083694,Pierre,Kreis 9,Altstetten,47.39829,8.49473,Private room,,7,0,,,2,360,0,
1236143056236574363,Miniloft over Zurich,480818309,1470165453486649329,Marc,Kreis 9,Albisrieden,47.36855,8.49514,Entire home/apt,0,17,3,2025-10-01,0.14,1,297,1,
1236144718398308429,Apparemment Altstetten,10636239,1462845776843083694,Pierre,Kreis 9,Altstetten,47.39886,8.4942,Entire home/apt,,7,0,,,2,358,0,
1236331169365722760,Room in shared apartment with rooftop,8203404,1462564234143547888,Stefan,Kreis 3,Sihlfeld,47.37675,8.49996,Private room,0,1,4,2026-05-31,0.27,1,28,2,
1236624838449777593,Stylish 1 bedroom apartment centrally located,5668100,1462686442999144409,Victor,Kreis 4,Hard,47.381895515909655,8.513917753856829,Entire home/apt,,3,8,2025-12-30,0.84,1,272,8,
1236633959577405501,3BR Balcony · Zurich Center & Station · WiFi,57029086,1462736110664014694,Stefani,Kreis 11,Oerlikon,47.41372,8.54581,Entire home/apt,,1,13,2026-05-31,0.62,30,347,12,
1236678954538822242,Habitación Privada en Zúrich,447530012,1470015239660289917,Khalid,Kreis 4,Langstrasse,47.37754,8.52862,Private room,0,354,0,,,1,365,0,
1236887942079540764,Amazing apartment in Oerlikon.,280970058,1469477634188923871,Svitlana,Kreis 11,Oerlikon,47.41146,8.54449,Entire home/apt,,5,2,2024-09-30,0.09,2,0,0,
1237050338076183212,Modern 3BR Balcony · Oerlikon Station · Fast WiFi,57029086,1462736110664014694,Stefani,Kreis 11,Seebach,47.4145029,8.5469001,Entire home/apt,,1,18,2026-05-17,0.82,30,345,11,
1237057737534199344,Renovated 3BR · Balcony · Oerlikon Station,57029086,1462736110664014694,Stefani,Kreis 11,Seebach,47.4145029,8.5469001,Entire home/apt,,1,12,2026-06-21,0.62,30,301,6,
1241287718107262358,3.5 Zimmer-Wohnung in Wiedikon,512661321,1470305657309593140,Isabella,Kreis 3,Alt-Wiedikon,47.36804,8.52236,Entire home/apt,,60,0,,,1,177,0,
1242812126751186178,"schönes Doppelzimmer, Zürich-Enge (267173)",238029336,1467625173465556135,Secra Bookings,Kreis 2,Enge,47.36358,8.53209,Entire home/apt,,1,0,,,1,0,0,
1243318919780844501,"Suite3, 7 minutes walk from the Operahouse",312585158,1469587153569530942,Monika,Kreis 8,Mühlebach,47.36442093927139,8.552796326246828,Entire home/apt,0,2,40,2026-06-06,2.03,1,291,21,
1243449127847120741,"Ruhige, gemütliche Oase in busy Zurich",651465799,1470638869700145796,Claudia,Kreis 2,Wollishofen,47.34391,8.53328,Entire home/apt,0,2,24,2026-06-14,1.23,1,297,16,
1245009029575870447,Stylish 2BR near lake - Flower 3,1314526,1462542542085520859,Giancarlo,Kreis 8,Seefeld,47.36041,8.55145,Entire home/apt,0,2,8,2026-06-14,0.37,104,113,2,
1245034801658850964,Amazing 2BR near lake - Lava,1314526,1462542542085520859,Giancarlo,Kreis 2,Enge,47.36158,8.53246,Entire home/apt,,2,13,2025-03-16,0.60,104,0,0,
1245359809513362972,Schöne Stadtwohnung in Zürich,87115189,1467048001293585371,Paula,Kreis 6,Unterstrass,47.39020952975637,8.54432204749141,Entire home/apt,0,6,7,2026-01-04,0.41,1,201,5,
1245523061142689274,Modern 2.5-room apartment,6090990,1462543792333790275,⁨David C.⁩,Kreis 4,Langstrasse,47.3776,8.52657,Entire home/apt,0,30,0,,,1,142,0,
1246145858487826964,Studio in the heart of Zurich - Color 1,1314526,1462542542085520859,Giancarlo,Kreis 6,Unterstrass,47.3809,8.54483,Entire home/apt,0,2,25,2026-05-28,1.16,104,38,7,
1246302673133424386,Wifi / City Centre / Smart TV / Queen Bed - CR 28,1314526,1462542542085520859,Giancarlo,Kreis 6,Unterstrass,47.38894,8.53848,Entire home/apt,0,2,38,2026-06-17,1.78,104,37,30,
1246347375862558397,Peaceful Room in the City Center,385731522,1469792948491584167,Maxime,Kreis 6,Oberstrass,47.379076993513706,8.545973226428032,Private room,,1,9,2025-01-18,0.42,1,0,0,
1246488763280688304,City center w/ view to Uetliberg,65862579,1466814367879945647,Graziele,Kreis 2,Wollishofen,47.3376703,8.518964700000001,Entire home/apt,,30,1,2025-01-05,0.06,1,0,0,
1247015024463668497,Comfort Room for Men | Enge | City Centre | Lake,593116841,1470619847623367183,Airhosted,Kreis 2,Enge,47.36376,8.53358,Private room,,61,0,,,1,178,0,
1247096642818583096,Cozy 1 bedroom in the center (D11),23561865,1465274926504678242,Dimiter,Kreis 8,Mühlebach,47.35795,8.55501,Entire home/apt,0,1,36,2026-06-05,1.67,145,13,31,
1247164529075306007,"2-Z.-Wohnung, Nov-Dec 2024",597807826,1470630936999302894,Philipp,Kreis 6,Unterstrass,47.39297,8.53918,Entire home/apt,0,61,0,,,1,365,0,
1247861644662478834,Room in 2-floor apartment downtown,349663,1462516329049827874,Adrian,Kreis 4,Langstrasse,47.375209563402564,8.524960750728642,Private room,0,30,0,,,1,267,0,
1247923942075037445,Long Stay - 4b flat - Zurich,62954320,1466777057137816700,Rakhal,Kreis 10,Höngg,47.39864181787756,8.50631133610895,Entire home/apt,,28,0,,,9,0,0,
1248361807500148659,"Blueground | Wiedikon, balcony & elev, nr market",434204093,1468087162878373469,Blueground,Kreis 3,Alt-Wiedikon,47.36029019999999,8.5213082,Entire home/apt,,30,0,,,185,210,0,
1249073234384444591,Long Stay - Elegant 2 room apartment - Zurich,62954320,1466777057137816700,Rakhal,Kreis 10,Höngg,47.399613044475124,8.506254401381568,Entire home/apt,,28,0,,,9,0,0,
1249241895887879332,Cozy and spacious 3.5 room flat Gib 53 02,123896618,1462925790593676974,Sharedlock,Kreis 10,Höngg,47.41234322284747,8.479685605393241,Entire home/apt,,28,1,2026-06-12,1,8,0,1,
1250619365942301520,LuxuryCityFlat/Central/Walk Everywhere/FastWiFi,147478436,1468446109327331041,Sara,Kreis 1,Hochschulen,47.3786994,8.5438972,Entire home/apt,0,2,62,2026-06-10,3.18,1,32,29,
1251314680168544352,"Bright, Spacious Flat (Enge)",91257866,1467103119440509511,Sandro,Kreis 2,Enge,47.35573541075921,8.528992231089537,Entire home/apt,0,60,0,,,1,365,0,
1251450311831531964,Modernes Boutique-Apartment mit Balkon in Top-Lage,468866027,1470114076516425296,Gil,Kreis 3,Sihlfeld,47.37206159999999,8.5186864,Entire home/apt,,2,26,2026-06-27,6.78,1,151,26,
1251997622358104340,"3,5 Room Penthouse with amazing Rooftop (",13570663,1462586915939629182,Residence Services Apartments,Kreis 2,Enge,47.366711485255955,8.53281320244131,Entire home/apt,0,1,107,2026-06-19,5.14,55,225,62,
1252265210542955721,A cosy room at city center,101915507,1467222983266394574,Yunpeng,Kreis 3,Alt-Wiedikon,47.36875583524676,8.507709152778634,Private room,,7,0,,,1,78,0,
1253504463902581769,Helle Wohnung im Herzen von Zürich. Self Check-In,51219698,1465796289796023772,Edelweiss Hosting,Kreis 4,Hard,47.37662674710264,8.515091172421323,Entire home/apt,0,1,150,2026-06-27,8.65,2,169,110,
1254160763690195836,Artist Flat in best area of town,83871756,1462834485799548116,Emilia,Kreis 5,Gewerbeschule,47.38554539792878,8.525528606821268,Entire home/apt,,31,0,,,1,0,0,
1254424876383550199,Bright and Spacious 60sqm Loft in Zurich,9708502,1462821308713917027,Anais,Kreis 12,Schwamendingen-Mitte,47.40793826898556,8.567669168103377,Entire home/apt,0,3,5,2025-10-05,0.24,1,19,4,
1254957103097300258,"Elegant, Modern Garden Hideaway",13031652,1462901445688466121,Ada,Kreis 6,Oberstrass,47.38488089801326,8.553157604399003,Entire home/apt,,7,5,2026-05-09,0.34,1,285,3,
1256419572499818704,Swiss Cozy studio,654579010,1470645327482938943,Nana,Kreis 4,Hard,47.38111387404926,8.507854435523603,Entire home/apt,0,2,125,2026-06-12,5.89,1,2,72,
1257069623653588577,Cozy Zimmer in privaten Wohnung Kreis 4,15995352,1462975641953147576,Anabel,Kreis 4,Langstrasse,47.3769849,8.522820800000002,Private room,0,2,33,2025-10-22,1.60,1,253,10,
1257998738158564444,"Lovely and quiet flat, 15 minutes from city center",7383454,1462730512155673682,Geoffray,Kreis 10,Höngg,47.40448,8.50024,Entire home/apt,0,1,11,2025-10-24,0.55,2,45,6,
1258604949751564764,Old town magic (F/W2),13570663,1462586915939629182,Residence Services Apartments,Kreis 1,Lindenhof,47.37442,8.53891,Entire home/apt,0,2,44,2026-06-13,2.18,55,307,30,
1259311783324989881,1BR apartment in Wiedikon-Zurich,654952017,1470646177500367588,Daniella,Kreis 3,Alt-Wiedikon,47.3669607,8.5226901,Entire home/apt,,1,29,2026-06-15,1.42,3,350,17,
1259330150914065689,Komfortable Wohnung im lebendigen Zürcher Kreis 3,481508453,1463804539742695110,Dragesa,Kreis 3,Alt-Wiedikon,47.3681415,8.5219756,Entire home/apt,0,2,76,2026-06-15,3.64,5,240,47,
1259348925963040140,1BR apartment+balcony in Zurich,654952017,1470646177500367588,Daniella,Kreis 3,Alt-Wiedikon,47.3669607,8.5226901,Entire home/apt,,1,6,2026-06-17,0.32,3,81,4,
1259378209542142701,"Cozy, fully furnished apartment ""PerTe""",371008290,1463547825862567329,Sonia,Kreis 2,Enge,47.35870773601863,8.52654915752607,Entire home/apt,,2,9,2025-01-29,0.45,14,0,0,
1259947262072204753,Ruhige Wgh mit grossem Balkon,22393467,1462621015721203102,Seraina,Kreis 9,Altstetten,47.388608867815655,8.473828974750662,Entire home/apt,0,2,1,2025-07-07,0.08,1,177,1,
1259961996751697849,Gemütliche 3-Zi-Wohnung im Zentrum,27456592,1465405245762858353,Bettina,Kreis 6,Unterstrass,47.39328138362696,8.54007205802788,Entire home/apt,,14,0,,,1,0,0,
1260138879343731436,Executive Rooftop Flat in Zurich,222433346,1469177491765289690,Thomas,Kreis 1,Rathaus,47.3752192,8.5448015,Entire home/apt,0,2,69,2026-06-26,3.51,6,265,48,
1261682812447793984,3 BR Duplex in Zurich-Wiedikon,654952017,1470646177500367588,Daniella,Kreis 3,Alt-Wiedikon,47.3669607,8.5226901,Entire home/apt,,1,23,2026-03-18,1.20,3,287,9,
1262287253321365747,88m2 Open Apartment/Loft in Seefeld with 2 beds,70716377,1466875340396357969,Julien,Kreis 8,Seefeld,47.35995680735893,8.552147001028061,Entire home/apt,,30,9,2025-11-19,0.43,1,31,6,
1262318003749250570,Cozy 2BR near lake and train station (Wille 8),23561865,1465274926504678242,Dimiter,Kreis 2,Enge,47.36485726041943,8.53211925898045,Entire home/apt,,2,62,2026-05-02,2.96,145,0,33,
1262738327076817969,Cozy 1-Bedroom Apartment with Uetliberg View,54954522,1465900873749448788,Rafael,Kreis 9,Albisrieden,47.36988874468224,8.496956164107104,Private room,0,1,1,2024-10-27,0.05,2,365,0,
1263247683242685464,central room with balcony,80108218,1466977089144252214,David,Kreis 4,Langstrasse,47.377549845214226,8.527896667211424,Private room,,2,14,2026-05-29,0.70,2,0,8,
1264266107581436018,Central Historical 1.5 Apartment in Old Town,3922650,1462642685436368396,Anna,Kreis 1,Rathaus,47.372814,8.546094,Entire home/apt,1,1,40,2026-06-16,2.01,3,101,27,
1265128120942251339,Deluxe One Bedroom Apartment in Zurich - 507000,273734321,1469444461478406683,Homenhancement,Kreis 4,Hard,47.37827441194243,8.510354069617142,Entire home/apt,0,4,0,,,30,6,0,
1265132719346313845,Basic One Bedroom Apartment in Zurich - 607000,273734321,1469444461478406683,Homenhancement,Kreis 3,Sihlfeld,47.37778898799871,8.509110055651526,Entire home/apt,,4,0,,,30,0,0,
1265135043913221673,Central Two Bedrooms Apartment in Zurich - 707000,273734321,1469444461478406683,Homenhancement,Kreis 3,Sihlfeld,47.37824104287389,8.50947238437244,Entire home/apt,,4,0,,,30,0,0,
1265139654094112834,Deluxe One Bedroom Apartment in Zurich - 807000,273734321,1469444461478406683,Homenhancement,Kreis 4,Hard,47.37823640053959,8.510418926601824,Entire home/apt,,4,0,,,30,0,0,
1265141286730234001,Central One Bedroom Apartment in Zurich - 907000,273734321,1469444461478406683,Homenhancement,Kreis 3,Sihlfeld,47.37802267087667,8.508742151312834,Entire home/apt,,4,3,2026-06-04,0.94,30,0,3,
1265156809665068891,Deluxe One Bedroom Apartment in Zurich - 117000,273734321,1469444461478406683,Homenhancement,Kreis 4,Hard,47.37970306946077,8.50900148081496,Entire home/apt,,4,0,,,30,0,0,
1265160343241963159,Central One Bedroom Apartment in Zurich - 217000,273734321,1469444461478406683,Homenhancement,Kreis 4,Hard,47.37987995029361,8.509132420952453,Entire home/apt,,4,0,,,30,2,0,
1265161390484096081,Central Two Bedrooms Apartment in Zurich - 317000,273734321,1469444461478406683,Homenhancement,Kreis 3,Sihlfeld,47.37753791129703,8.509063982911863,Entire home/apt,0,4,0,,,30,13,0,
1265162581210562636,Deluxe One Bedroom Apartment in Zurich - 417000,273734321,1469444461478406683,Homenhancement,Kreis 3,Sihlfeld,47.37765909615558,8.508802088060284,Entire home/apt,,4,0,,,30,0,0,
1265163337757887175,Central One Bedroom Apartment in Zurich - 517000,273734321,1469444461478406683,Homenhancement,Kreis 4,Hard,47.37933,8.50896,Entire home/apt,,4,0,,,30,0,0,
1265164153559762769,Central Two Bedrooms Apartment in Zurich - 617000,273734321,1469444461478406683,Homenhancement,Kreis 4,Hard,47.37990342124813,8.510196005827703,Entire home/apt,0,4,1,2026-01-01,0.16,30,11,1,
1265887032535740395,"Modern apartment, new building",13693406,1462919397049884065,Tine,Kreis 10,Höngg,47.3970167234788,8.514293237436016,Entire home/apt,0,3,0,,,1,328,0,
1265889105150092043,Central Modern flat with View,146514076,1468438217558643249,Gabriel,Kreis 5,Gewerbeschule,47.38473572116667,8.530075423898568,Entire home/apt,0,1,1,2026-01-30,0.20,1,289,1,
1267366693430560689,Studio at famous Storchengasse - Stork 44,1314526,1462542542085520859,Giancarlo,Kreis 1,Lindenhof,47.3708912,8.5416358,Entire home/apt,0,2,73,2026-06-17,3.54,104,18,44,
1267386512583553398,Executive Studio - Crown 12,1314526,1462542542085520859,Giancarlo,Kreis 6,Unterstrass,47.3877601,8.538239899999999,Entire home/apt,0,2,22,2026-06-12,1.09,104,52,19,
1267392130705794442,Smart TV / City Centre / Wifi / Queen Bed - CR 25,1314526,1462542542085520859,Giancarlo,Kreis 6,Unterstrass,47.3877601,8.538239899999999,Entire home/apt,0,2,34,2026-06-15,1.66,104,17,27,
1267398086201718370,Shiny Studio in Zurich - Crown 37,1314526,1462542542085520859,Giancarlo,Kreis 6,Unterstrass,47.3885044081998,8.537685344584379,Entire home/apt,,2,20,2026-02-06,0.97,104,0,13,
1267404554135546477,Studio near Lake - Flower 2,1314526,1462542542085520859,Giancarlo,Kreis 8,Seefeld,47.361173,8.550597999999999,Entire home/apt,0,1,15,2026-02-22,0.74,104,118,9,
1268095793567489825,Stylish Penthouse in the city (Sun 17),23561865,1465274926504678242,Dimiter,Kreis 6,Unterstrass,47.38339003318348,8.543273805487326,Entire home/apt,,2,11,2025-01-01,0.53,145,0,0,
1268679813595763445,Very central studio near lake (Cross 2),23561865,1465274926504678242,Dimiter,Kreis 8,Seefeld,47.36266544809623,8.548065600617418,Entire home/apt,,2,23,2026-01-10,1.13,145,0,8,
1268696273676017115,Modest studio in the city center (Cross 4),23561865,1465274926504678242,Dimiter,Kreis 8,Seefeld,47.36182814756707,8.548585848538542,Entire home/apt,0,2,26,2026-06-10,1.43,145,39,19,
1271869593497444498,Kettberg am Hönggerberg [Zürich],1584457,1462562345526356332,Emanuele,Kreis 10,Höngg,47.39792799490849,8.513012785130377,Entire home/apt,,10,0,,,1,177,0,
1272166415932061546,Beautiful flat in the centre,29281429,1465431407794313928,Suzan,Kreis 2,Wollishofen,47.34090155954988,8.530704081058502,Entire home/apt,0,3,1,2025-07-13,0.08,1,358,1,
1272375766278745319,Nice studio with view over the city (Vineyard 52),1314526,1462542542085520859,Giancarlo,Kreis 6,Unterstrass,47.38344284805423,8.543629949049434,Entire home/apt,0,2,10,2026-06-11,0.51,104,41,6,
1272404340936330355,Comfy studio near city center (Marble 6),23561865,1465274926504678242,Dimiter,Kreis 7,Hirslanden,47.3612587068698,8.567478698445147,Entire home/apt,0,2,19,2026-06-11,0.95,145,20,8,
1274012663768582357,3.5 Zimmer Wohnung mit Innenhof,568854997,1470529785793802218,Ersin,Kreis 2,Enge,47.362329501953774,8.526960777328467,Entire home/apt,0,1,19,2026-05-31,1.04,2,355,13,
1274120126432283390,HildaFour,60673302,1462745878035652963,TheHoost.Com,Kreis 4,Hard,47.3768653,8.5147418,Entire home/apt,,1,77,2026-06-10,3.91,5,362,50,
1274624558803295068,"Bright room, fast Wi‑Fi, 20' to station and center",39326744,1465587167826717849,Alexandra,Kreis 8,Weinegg,47.3511171,8.5679163,Private room,0,1,7,2026-06-29,0.86,5,69,7,
1274624665418168140,"Ensuite Room, with Garden near Hospitals & Center",39326744,1465587167826717849,Alexandra,Kreis 8,Weinegg,47.35105530396811,8.568206183050528,Private room,0,3,5,2026-03-20,0.52,5,89,5,
1274628680831291176,City-Studio - sweet and modest (Crown 14),1314526,1462542542085520859,Giancarlo,Kreis 6,Unterstrass,47.38831233252203,8.53785739055433,Entire home/apt,0,1,15,2026-06-16,0.74,104,19,13,
1275143843776985242,1BR on perfect location (Mill 3.14),1314526,1462542542085520859,Giancarlo,Kreis 7,Hottingen,47.36570696731244,8.551470707473756,Entire home/apt,0,2,40,2026-06-14,1.97,104,45,30,
1278824184894724459,Penthouse with two bedrooms & 2 terraces (8.5),13570663,1462586915939629182,Residence Services Apartments,Kreis 2,Enge,47.36700816810955,8.533381184130846,Entire home/apt,,1,66,2026-06-19,3.39,55,272,43,
1278938770911609006,Morgarten Deluxe Studio ,659352799,1470655840351460921,Nicole,Kreis 4,Werd,47.371367134415706,8.529056898811342,Entire home/apt,0,1,201,2026-06-23,9.97,10,275,159,
1278944120497924663,Morgarten Studio,659352799,1470655840351460921,Nicole,Kreis 4,Werd,47.371385299505235,8.529158822753908,Entire home/apt,0,1,120,2026-06-13,6.01,10,190,87,
1278951075743491555,Morgarten Studio & Terrace,659352799,1470655840351460921,Nicole,Kreis 4,Werd,47.371385299505235,8.529287568786623,Entire home/apt,,1,45,2026-06-12,2.34,10,262,15,
1279618077771669437,"Blueground | Oberstrass, rooftop, w/d",434204093,1468087162878373469,Blueground,Kreis 6,Oberstrass,47.3835896,8.5487489,Entire home/apt,0,4,0,,,185,87,0,
1279620253386854442,"Blueground | Oberstrass, rooftop, furnished",434204093,1468087162878373469,Blueground,Kreis 6,Oberstrass,47.38349780000001,8.5487476,Entire home/apt,0,4,0,,,185,56,0,
1279620720959441256,"Blueground | Oberstrass, rooftop, a/c, furnished",434204093,1468087162878373469,Blueground,Kreis 6,Oberstrass,47.38349780000001,8.5487476,Entire home/apt,0,4,0,,,185,56,0,
1279621004311638774,"Blueground | Oberstrass, rooftop & a/c",434204093,1468087162878373469,Blueground,Kreis 6,Oberstrass,47.38349780000001,8.5487476,Entire home/apt,,4,0,,,185,0,0,
1279621343569754159,"Blueground | Oberstrass, rooftop, a/c, equipped",434204093,1468087162878373469,Blueground,Kreis 6,Oberstrass,47.38349780000001,8.5487476,Entire home/apt,,4,3,2026-02-18,0.16,185,87,1,
1279621754994013448,"Blueground | Oberstrass, rooftop, full kitchen",434204093,1468087162878373469,Blueground,Kreis 6,Oberstrass,47.38349780000001,8.5487476,Entire home/apt,,4,1,2025-01-02,0.05,185,56,0,
1281886560265092923,2-Zimmer-Wohnung nähe Triemli mit großem Balkon,22450050,1463180023518873326,Andreas,Kreis 3,Friesenberg,47.36844187033941,8.501951484078319,Entire home/apt,0,14,1,2025-07-14,0.08,1,358,1,
1282651704869514118,Cozy Studio in central Zurich,60866068,1466749743726153728,Manuela,Kreis 6,Unterstrass,47.3927421737437,8.54043688942566,Entire home/apt,,3,4,2025-05-17,0.22,1,0,0,
1283093474558558043,Neues Studio mit Balkon und Seeblick 255C/16,13570663,1462586915939629182,Residence Services Apartments,Kreis 8,Seefeld,47.34839800856398,8.562058912791638,Entire home/apt,0,2,20,2026-03-27,1.02,55,336,16,
1283312106572932985,"Blueground | Enge, elevator, w/d, near market",434204093,1468087162878373469,Blueground,Kreis 2,Enge,47.3583885,8.5258699,Entire home/apt,,30,1,2025-08-22,0.09,185,0,1,
1283312521367438749,"Blueground | Fluntern, private w/d, walk to market",434204093,1468087162878373469,Blueground,Kreis 7,Fluntern,47.3840021,8.556373599999999,Entire home/apt,,30,0,,,185,303,0,
1283314361594692485,"Blueground | Oberstrass, rooftop,  kitchen",434204093,1468087162878373469,Blueground,Kreis 6,Oberstrass,47.38349780000001,8.5487476,Entire home/apt,0,4,0,,,185,35,0,
1284165320950983325,Feudale Wohnung an bester Lage.,456658030,1470055663047987256,Haymo,Kreis 6,Oberstrass,47.3793996,8.546144,Entire home/apt,0,3,49,2026-06-20,2.94,1,45,36,
1284754456745216532,Cozy and bright flat in Zurich!,23540929,1465274648669483530,Serena,Kreis 9,Albisrieden,47.37131477810519,8.492685880268075,Entire home/apt,,7,1,2024-12-29,0.05,1,0,0,
1284781083450592231,Quiet 1BR in the city center (Hammer 4),1314526,1462542542085520859,Giancarlo,Kreis 8,Weinegg,47.35924403119921,8.55876200333548,Entire home/apt,,2,33,2026-05-29,1.99,104,58,24,
1284791844326776014,Studio in the heart of Zurich (Crown 24),1314526,1462542542085520859,Giancarlo,Kreis 6,Unterstrass,47.387434258085264,8.537161643386668,Entire home/apt,0,2,60,2026-06-07,3.18,104,16,55,
1286040861575824883,Modern apartment with parking – 7 min city center,651308519,1463899269382423556,Jose,Kreis 6,Unterstrass,47.399621510495706,8.538433201611042,Entire home/apt,,6,25,2025-12-09,1.29,1,4,9,
1287105270334973622,Modern Room in 3-Bedroom Flat,37755878,1465565135757216390,Federico,Kreis 12,Schwamendingen-Mitte,47.4031873,8.5583289,Private room,1,1,7,2026-06-25,2.73,2,358,7,
1287334688373575801,Luxury lake stay,66530554,1466822036150713597,Emma,Kreis 8,Mühlebach,47.36075062820108,8.553888691260708,Entire home/apt,0,3,21,2026-02-08,1.14,1,9,8,
1287559299755026593,Very central studio (Art 3),23561865,1465274926504678242,Dimiter,Kreis 1,Hochschulen,47.36876596718171,8.550179707959419,Entire home/apt,0,2,30,2026-06-08,1.58,145,175,18,
1287630604692839530,Lovely studio near center - Crown 1,1314526,1462542542085520859,Giancarlo,Kreis 6,Unterstrass,47.388266487731485,8.538673070912708,Entire home/apt,0,1,21,2026-06-16,1.14,104,114,17,
1287681880491757130,"Blueground |  Gewerbeschule, w/d, fully furnished",434204093,1468087162878373469,Blueground,Kreis 5,Gewerbeschule,47.3809634,8.5362315,Entire home/apt,,30,0,,,185,0,0,
1288176665758922127,Lovely studio in the center - Crown 44,1314526,1462542542085520859,Giancarlo,Kreis 6,Unterstrass,47.38803248923995,8.538560787913795,Entire home/apt,0,1,47,2026-06-14,2.51,104,8,41,
1288313174549766491,City-studio on top floor - Crown 48,1314526,1462542542085520859,Giancarlo,Kreis 6,Unterstrass,47.38873024414164,8.538039396923294,Entire home/apt,,2,42,2026-05-28,2.46,104,0,34,
1289022915577578718,easyHotel • Zürich • City & Adventure,661962112,1470661735737367662,EasyHotel Zurich City Centre,Kreis 4,Langstrasse,47.3783205,8.5290846,Private room,0,1,441,2026-06-25,22.85,3,353,316,
1289022915710351303,easyHotel • Central Zürich • Explore & Discover,661962112,1470661735737367662,EasyHotel Zurich City Centre,Kreis 4,Langstrasse,47.3783205,8.5290846,Private room,0,1,12,2026-02-20,0.66,3,359,9,
1289022969585936712,easyHotel • Twin Room • Zurich Centre,661962112,1470661735737367662,EasyHotel Zurich City Centre,Kreis 4,Langstrasse,47.3783205,8.5290846,Private room,0,1,181,2026-06-17,9.84,3,335,116,
1289024964833416671,easyHotel • Swim Limmat Nearby • Central Zurich,661962589,1470661737033665352,EasyHotel Zurich Limmatplatz,Kreis 5,Gewerbeschule,47.3862807,8.5281446,Private room,0,1,1066,2026-06-26,54.67,2,360,711,
1289024965006075182,easyHotel • Twin Room • Central • Swim & Adventure,661962589,1470661737033665352,EasyHotel Zurich Limmatplatz,Kreis 5,Gewerbeschule,47.3862807,8.5281446,Private room,0,1,195,2026-06-27,10.12,2,347,145,
1289285601476859046,Cityscape Retreat Near Zurich HB,432707854,1463688870139157226,Jack,Kreis 5,Gewerbeschule,47.38295297485534,8.53435003900174,Entire home/apt,,365,2,2025-07-28,0.11,2,362,1,
1290665018154625957,Ruhige 1ZimmerWohnung in Seebach,521605275,1470347102718465209,Aliyah,Kreis 11,Seebach,47.42892320221945,8.539728489942451,Entire home/apt,0,2,68,2026-06-28,3.57,1,15,27,
1291152776688860804,1 bedroom Zurich flat with lovely city view,62954320,1466777057137816700,Rakhal,Kreis 10,Höngg,47.3995386675288,8.506108569664349,Entire home/apt,,1,0,,,9,0,0,
1291405527803043442,Zurich Oldtown: Cozy Apartment,127723338,1468283664606640423,Leonardo,Kreis 1,Rathaus,47.37480619999999,8.5435541,Entire home/apt,,1,144,2026-06-13,7.49,3,279,89,
1292099101685255411,Special Offer: Zurich flat with lovely city view,62954320,1466777057137816700,Rakhal,Kreis 10,Höngg,47.39858523932984,8.506484374614049,Entire home/apt,,1,0,,,9,0,0,
1293381021940234457,Loft im Guesthouse Hermes,263745657,1469394952592006476,Guesthouse Hermes,Kreis 10,Höngg,47.40197437263317,8.497557621088614,Entire home/apt,0,2,1,2025-01-01,0.05,1,140,0,
1293424915673226058,easyHotel • Steps to Station • Explore Easily,661962820,1470661737770504003,EasyHotel Zurich Main Station,Kreis 5,Gewerbeschule,47.3818164,8.5332662,Private room,0,1,202,2026-06-14,10.50,1,360,141,
1293605807959316379,Sonnige Oase in Zürich-Wipkingen: 2.5 Zimmer,5449659,1462681145674828612,Alexander,Kreis 10,Wipkingen,47.39668896807262,8.521984256099971,Entire home/apt,0,5,2,2025-08-05,0.15,1,211,1,
1294080514837667808,Ruhiges Stadtbijou Top of Zürich,663113618,1470664280517325967,Susanna,Kreis 7,Hirslanden,47.35946704706201,8.576225836226847,Entire home/apt,0,1,20,2026-05-28,1.47,1,58,18,
1294770672154186335,City-studio - Crown 31,1314526,1462542542085520859,Giancarlo,Kreis 6,Unterstrass,47.387989869047644,8.539310244389169,Entire home/apt,,2,30,2025-12-12,1.62,104,215,16,
1295241996740762333,Modern Downtown Apartment,38077442,1462677316505860115,Manoj,Kreis 4,Langstrasse,47.37805,8.52837,Entire home/apt,,2,1,2025-07-10,0.08,1,94,1,
1295447770657587670,Studio at famous location  - Stork 21,1314526,1462542542085520859,Giancarlo,Kreis 1,Rathaus,47.370336763596235,8.542369264760302,Entire home/apt,0,2,35,2026-05-19,1.91,104,164,27,
1295750377517383903,Central | Top Location | AC | Free Parking,520530873,1470342225725989717,Nora,Kreis 1,Hochschulen,47.377758773982634,8.542968382117195,Entire home/apt,0,1,42,2026-06-22,2.21,21,318,33,
1295784270216035840,Central | AC | Private Terrace | FreeParking,520530873,1470342225725989717,Nora,Kreis 1,Hochschulen,47.37696034829454,8.544772228850189,Entire home/apt,1,1,63,2026-06-21,3.26,21,300,44,
1296412639387630028,Spacious flat in central Zürich,165667134,1468607898372319441,George,Kreis 3,Sihlfeld,47.3706504,8.5183112,Entire home/apt,,15,0,,,1,365,0,
1296932865753936748,90m2 | 2BR Lake View l 15min to HB,44069168,1462695798867184527,Clémentine,Kreis 2,Wollishofen,47.34553731217779,8.53321096316311,Entire home/apt,0,1,47,2026-05-25,2.57,1,13,24,
1297183236341584855,Zurich City Apartment,2144398,1462587519040798871,Nick,Kreis 4,Langstrasse,47.38079766386191,8.530779131792297,Entire home/apt,,21,0,,,1,239,0,
1297825688611142578,"Comfortable, Simple, With Love",499601837,1470247024710955732,Jonathan,Kreis 3,Alt-Wiedikon,47.360480289629834,8.52252434232787,Entire home/apt,0,3,1,2025-01-05,0.06,2,35,0,
1298298894833540642,1BR in the center with balcony - Mill 3.51,1314526,1462542542085520859,Giancarlo,Kreis 8,Mühlebach,47.36391089752249,8.549735830897628,Entire home/apt,,2,25,2026-02-22,1.36,104,0,23,
1298378153900606182,Central 1-room apartment,664052678,1470666470894060273,Alexandra,Kreis 11,Oerlikon,47.41061960893944,8.545043837452189,Entire home/apt,0,2,45,2026-06-28,2.37,1,38,32,
1298389065119939627,Helles und ruhiges Zimmer in geteilter Wohnung,1277121,1462541506623504219,Nina,Kreis 10,Höngg,47.40342219979552,8.490959559578528,Private room,,5,0,,,1,0,0,
1298781639163040216,Stunning View - Central Zurich - Bright Studio,662733605,1470663348675095625,Luigi,Kreis 1,Hochschulen,47.3790404,8.5448706,Entire home/apt,0,5,35,2026-05-24,1.86,1,52,16,
1299057331370405659,"Blueground | Oberstrass, rooftop, kitchen",434204093,1468087162878373469,Blueground,Kreis 5,Gewerbeschule,47.3809634,8.5362315,Entire home/apt,,30,0,,,185,181,0,
1299057675672661310,Blueground |  Wiedikon studio apartment,434204093,1468087162878373469,Blueground,Kreis 3,Sihlfeld,47.3705247,8.5196767,Entire home/apt,,30,1,2025-07-31,0.09,185,30,1,
1299167757644142053,3 1/2-Zimmerwhg in Zürich inkl. Garage,6463298,1462707059496838299,Nadine,Kreis 7,Hirslanden,47.36445148471462,8.561045271853912,Entire home/apt,,2,9,2025-05-25,0.49,1,0,0,
1301458635513610631,Modern Rooftop with Terrace,598694107,1470633018697268368,Mikhail,Kreis 11,Oerlikon,47.40502764697883,8.546915245056642,Entire home/apt,,1,2,2026-06-07,1.46,1,255,2,
1302313335909458523,Urban Bijou in Zurich City,394386743,1469819852355947294,Claire,Kreis 4,Langstrasse,47.3791764,8.5300435,Entire home/apt,0,2,9,2026-05-25,0.70,1,18,7,
1302333319758958527,Lakeview apartment,18183365,1463038101996856160,Angela,Kreis 8,Seefeld,47.353756021648216,8.556325547397137,Entire home/apt,0,2,0,,,1,62,0,
1302826082173931703,"Studio suite with onsite dining, spa and gym",659692991,1470656565877259242,Acasa Suites Zurich Oerlikon,Kreis 11,Seebach,47.4142676,8.5427331,Private room,0,1,5,2026-05-17,0.47,6,145,5,
1302826082418938135,"Space for 2, right between the airport & city",659692991,1470656565877259242,Acasa Suites Zurich Oerlikon,Kreis 11,Seebach,47.4142676,8.5427331,Private room,0,1,18,2025-12-14,0.18,6,145,6,
1302826207416660038,Beautifully designed suite + separate living area,659692991,1470656565877259242,Acasa Suites Zurich Oerlikon,Kreis 11,Seebach,47.4142676,8.5427331,Private room,0,1,19,2026-06-22,1.76,6,140,19,
1302826374994125219,2 bedroom suite with living room + kitchenette,659692991,1470656565877259242,Acasa Suites Zurich Oerlikon,Kreis 11,Seebach,47.4142676,8.5427331,Private room,1,1,0,,,6,139,0,
1302826494878766825,Rooftop suite with prime views & two terraces,659692991,1470656565877259242,Acasa Suites Zurich Oerlikon,Kreis 11,Seebach,47.4142676,8.5427331,Private room,1,1,0,,,6,125,0,
1302826531797712507,"2 bedroom rooftop suite , full kitchen + balcony",659692991,1470656565877259242,Acasa Suites Zurich Oerlikon,Kreis 11,Seebach,47.4142676,8.5427331,Private room,0,1,1,2025-08-02,0.09,6,124,1,
1303369061359478427,Modern 1BR with in trendy area (West 10),23561865,1465274926504678242,Dimiter,Kreis 3,Sihlfeld,47.37135861135292,8.519072845369145,Entire home/apt,0,2,26,2026-05-07,1.40,145,7,9,
1303539072566443025,Cozy 1BR in popular Kreis 3 (West 11),23561865,1465274926504678242,Dimiter,Kreis 3,Sihlfeld,47.37159200028718,8.5212107513684,Entire home/apt,,2,27,2025-08-14,1.45,145,0,6,
1303695241945434771,Gemütliche Wohnung an ruhiger Lage,11470401,1462865494187077853,Semion,Kreis 12,Hirzenbach,47.39977,8.58971,Entire home/apt,,2,11,2025-05-11,0.58,1,0,0,
1304831798603907751,"Spacious, Modern and Quiet - Central Zurich",43290256,1465642872309930492,Steven,Kreis 4,Werd,47.37167641680339,8.525438811781733,Entire home/apt,,3,5,2025-02-02,0.27,1,0,0,
1305050544387354665,Gemütliche Wohnung: Natur & Stadt mit Parkplatz,665542900,1470670059667229633,Elisabeth,Kreis 11,Affoltern,47.422226191400846,8.503197386125652,Entire home/apt,0,2,10,2026-05-12,0.55,1,113,4,
1305653437205466463,"Chic studio near google Hq, with City view",585688978,1463891258827574165,Arye,Kreis 4,Werd,47.3693482,8.5280491,Entire home/apt,,2,49,2025-10-28,2.59,12,0,21,
1305710925457610426,Modern studio in the city center (Flower 32),1314526,1462542542085520859,Giancarlo,Kreis 8,Seefeld,47.361966887444396,8.54980216061897,Entire home/apt,,2,17,2026-06-03,1.31,104,0,15,
1305747935435316990,"Blueground | Enge, balcony & w/d, nr market",434204093,1468087162878373469,Blueground,Kreis 2,Enge,47.35841320000001,8.5254365,Entire home/apt,0,4,0,,,185,15,0,
1305762886204534976,Doppelzimmer Deluxe,665695772,1470670409190000030,Deluxe Appart & Hotel,Kreis 4,Langstrasse,47.37640637251754,8.527971097868944,Private room,0,1,35,2026-05-19,2.10,3,359,20,
1305830428013932145,Bahnhofstrasse Designer Penthouse Private Rooftop,520530873,1470342225725989717,Nora,Kreis 1,Lindenhof,47.37287085948802,8.539918469071639,Entire home/apt,0,1,40,2026-06-27,2.26,21,274,32,
1305872457543376476,Big and cozy apartment with rooftop,407531028,1469862499888782890,Chidzahi,Kreis 3,Sihlfeld,47.37502001921995,8.51682714035104,Private room,,5,1,2025-01-07,0.06,1,0,0,
1306425066459161073,Rooftop duplex in central Zurich,2396406,1462593976290652905,Anna,Kreis 3,Alt-Wiedikon,47.37031658961563,8.515164187011024,Entire home/apt,0,60,1,2025-03-16,0.06,1,275,0,
1306708412197952774,Chalet Style 1BR near Rehalp Station,41995918,1465625137782113751,Dominik,Kreis 8,Weinegg,47.35141556894896,8.580923365563757,Private room,,2,1,2025-01-03,0.06,1,90,0,
1307476972228816295,Spacious city flat in Zurich,127306659,1462933341172570743,Michael,Kreis 3,Sihlfeld,47.370105610813134,8.502951824516797,Entire home/apt,0,3,58,2026-06-05,3.20,8,8,38,
1307991337791035881,Charmante Wohnung am Zürcher See,32415422,1465475923800437240,Anna Lisa,Kreis 8,Seefeld,47.351969856650896,8.558412502011281,Entire home/apt,,3,0,,,1,241,0,
1308054783853151570,Zurich Center Apartment,150273891,1468478327302134505,Saskia,Kreis 6,Oberstrass,47.38167611821966,8.548911103516799,Entire home/apt,0,2,2,2025-07-13,0.11,1,15,1,
1308702318118481595,"Large, quiet room ""Alps"" • Enge • Lake & City",939656,1462515248637428892,Erik,Kreis 2,Enge,47.36414,8.52931,Private room,,1,38,2026-06-26,2.18,2,75,27,
1308742249104615485,"Large, quiet room ""Jura"" • Enge • Lake & City",939656,1462515248637428892,Erik,Kreis 2,Enge,47.36323,8.52783,Private room,,1,21,2026-06-15,1.20,2,75,17,
1311676054417470678,The Züri spot,310849237,1469581579627825894,Dmitrii,Kreis 12,Schwamendingen-Mitte,47.40633742609649,8.577614188430777,Entire home/apt,,5,4,2025-07-16,0.22,1,0,1,
1313111367337541989,loft in the vibrant Wipkingen,2219213,1462522933503130968,Nina,Kreis 10,Wipkingen,47.38996,8.52904,Entire home/apt,0,2,0,,,1,76,0,
1313722254765473817,2 rooms apartment in district 4,271466792,1469433298851087640,Artel,Kreis 4,Langstrasse,47.37613588084632,8.529680771234634,Entire home/apt,0,6,13,2026-06-26,0.88,10,196,11,
1314547449396565908,Apartment in the center of Zurich,54635,1462507793979926164,Pato,Kreis 3,Alt-Wiedikon,47.365764475678674,8.518890515230252,Entire home/apt,,4,3,2026-01-06,0.16,1,0,2,
1315055758409562871,"Blueground | Altstadt, storage & w/d, nr old town",434204093,1468087162878373469,Blueground,Kreis 1,Rathaus,47.37334,8.5450471,Entire home/apt,,30,0,,,185,30,0,
1315294217190233875,Modern City Apartment,20803042,1463139002967065131,Lukas,Kreis 5,Escher Wyss,47.390807414317386,8.510939622586987,Entire home/apt,0,2,21,2026-06-26,1.16,1,83,11,
1315934676435839442,madison 5 a luxury apartment,13770499,1462587701265442265,Martin,Kreis 7,Fluntern,47.3793700067569,8.558263353451949,Entire home/apt,0,2,17,2025-12-10,1.29,6,232,13,
1317947835472105562,"Blueground | Escher Wyss, elev & w/d, nr market",434204093,1468087162878373469,Blueground,Kreis 5,Escher Wyss,47.391406,8.5101746,Entire home/apt,,30,0,,,185,91,0,
1318744914599145398,wiesen,302593800,1463417847717661948,⁨用户5088⁩,Kreis 11,Seebach,47.417362521072796,8.546986162991182,Private room,,1,1,2024-12-31,0.05,1,0,0,
1318789215361466884,in einem gepflegtem zu Hause,23089926,1465268488007917180,Simona,Kreis 9,Altstetten,47.3863241,8.4783268,Private room,0,1,67,2026-06-22,3.73,1,216,38,
1318982268356225133,Studio in cool Lochergut,102816935,1462877114725040316,Joel,Kreis 4,Hard,47.376827463655765,8.51459339261055,Entire home/apt,,6,1,2025-01-31,0.06,1,0,0,
1320018647597017283,Stylisches Apartment im Zentrum von Zürich,80802504,1466983896436271618,Fabiola,Kreis 4,Werd,47.37126,8.52432,Entire home/apt,0,1,30,2026-06-21,2.31,1,3,27,
1320458055103984511,Stylish Balcony 1BR | 2min to Oerlikon Stations,57029086,1462736110664014694,Stefani,Kreis 11,Seebach,47.4145,8.5469,Entire home/apt,,1,22,2025-12-08,1.34,30,342,10,
1320887720366663995,Wunderschöne Wohnung am Letten,551638066,1470466188850826571,Carla,Kreis 10,Wipkingen,47.38847,8.5349,Entire home/apt,,30,0,,,1,0,0,
1322503381790650022,Apartment in ZH,669494090,1470679029750059772,Markus,Kreis 2,Wollishofen,47.34911,8.53391,Entire home/apt,,5,0,,,1,0,0,
1324741902873616774,Room in Flat - live like a local,122865272,1468244498259797425,Sofia,Kreis 6,Unterstrass,47.38956,8.53879,Private room,,3,1,2025-06-04,0.08,1,0,0,
1325336488941784170,Chic City Apt. Prime Location,380888793,1463569640549544874,Nico,Kreis 5,Gewerbeschule,47.3844,8.52792,Entire home/apt,,2,72,2026-06-28,4.01,3,281,47,
1325383675239629341,Central 1 bedroom apartment,132223121,1468322659390048197,Mustafa,Kreis 6,Oberstrass,47.37933,8.54638,Entire home/apt,0,2,2,2025-07-07,0.13,1,89,1,
1325916371545876360,10 min walk to Zurich HB- City Center-Double Room,304431200,1469559322187084999,Unal,Kreis 5,Gewerbeschule,47.38286,8.53023,Private room,0,1,13,2026-02-09,0.82,2,156,6,
1325933421927845590,10 min walk to Zurich HB-City Center-Single Room,304431200,1469559322187084999,Unal,Kreis 5,Gewerbeschule,47.38286,8.53023,Private room,0,1,40,2026-02-16,2.28,2,156,20,
1326028684477218444,Cozy rustic urban room in nature - Zürich,670467546,1470680856842491945,Anu,Kreis 8,Weinegg,47.35247,8.58106,Private room,0,1,41,2026-06-21,2.31,1,336,26,
1326062998431490129,Best Value | Central Location | AC | Free Parking,520530873,1470342225725989717,Nora,Kreis 7,Hottingen,47.365689560164164,8.553988875072104,Entire home/apt,1,1,69,2026-06-24,3.93,21,333,48,
1326806103479052897,Charmante Wohnung mit 1 Schlafzimmer,395726034,1469824075463964550,Olivia,Kreis 3,Sihlfeld,47.36893,8.50297,Entire home/apt,0,1,0,,,1,138,0,
1327360380056275268,your home away from home in Zurich,481259085,1470167241997342559,Lamira,Kreis 2,Leimbach,47.3306,8.51629,Entire home/apt,0,1,4,2026-06-22,0.27,7,356,2,
1327581556836273808,"Central, bright & cozy 2BR close to Sihlcity",6829151,1462716327544058641,Alisa,Kreis 3,Alt-Wiedikon,47.36065,8.52277,Entire home/apt,0,7,8,2026-06-26,0.56,3,221,6,
1330408093434143515,1 room apartment for 2 or 4 people,671856760,1470683665606060961,Helen,Kreis 12,Schwamendingen-Mitte,47.407907746534605,8.581544362147177,Entire home/apt,,1,0,,,1,0,0,
1333251612771413873,NEW Modern 1.5-Room Apartment,14673586,1462944194452055862,Raphael,Kreis 2,Enge,47.35912847487186,8.527309021143303,Entire home/apt,,14,3,2025-11-03,0.17,4,0,1,
1334812093473184733,Studio in the heart of Zurich (Crown 17),1314526,1462542542085520859,Giancarlo,Kreis 6,Unterstrass,47.387341162160986,8.538855845092874,Entire home/apt,0,2,22,2026-06-03,1.31,104,38,20,
1335415072851654786,"Detached house - central, 5 bdrs, garden, parking",1746873,1462577364804295866,Frank,Kreis 11,Seebach,47.4253733108453,8.546836448148301,Entire home/apt,,2,27,2026-06-22,1.87,30,31,22,
1335465197923075724,Studio mit Balkon u. Seeblick 255C/12,13570663,1462586915939629182,Residence Services Apartments,Kreis 8,Mühlebach,47.35068272257367,8.563533802622839,Entire home/apt,,2,11,2026-05-11,0.75,55,309,10,
1335504690643593489,Cozy & central studio (Wille 7),23561865,1465274926504678242,Dimiter,Kreis 2,Enge,47.36333327978825,8.53342525196797,Entire home/apt,0,1,13,2026-04-05,0.77,145,18,8,
1335550943280795832,2BR flat in the city center (West 12),23561865,1465274926504678242,Dimiter,Kreis 3,Sihlfeld,47.37335,8.51919,Entire home/apt,0,1,68,2026-06-12,4.02,145,17,45,
1336247164055145592,Luxury Penthouse w/ Private Gym & OutdoorJacuzzi,217890056,1469146205904789806,Yves,Kreis 2,Wollishofen,47.33832571765565,8.538769557672126,Entire home/apt,0,14,0,,,1,173,0,
1336349867983585177,zentrale und ruhige Wohnung in Zürich,6011932,1462543438390797548,Laura,Kreis 9,Altstetten,47.39377569017496,8.474422510166352,Entire home/apt,0,7,2,2025-08-03,0.15,1,48,1,
1337645794301334820,Moderne Dachgeschosswohnug mitten in Zürich.,147378343,1468445297606372813,Duni,Kreis 4,Werd,47.36975,8.52641,Entire home/apt,0,3,0,,,1,44,0,
1337751072639951006,Helle 4.5-Zimmer in Stadt Zürich,119920334,1468221371680020277,Tara,Kreis 11,Seebach,47.42266347328928,8.540045558436725,Entire home/apt,,3,0,,,1,0,0,
1338337051312155101,2.5-Wohnung mit Balkon in zentraler Lage Zürich,38225059,1465571957783923700,Kardelen,Kreis 6,Unterstrass,47.39660248708135,8.541464173642085,Entire home/apt,0,11,11,2026-03-26,0.68,1,38,8,
1340055884771795137,Doppelzimmer Deluxe Plus,665695772,1470670409190000030,Deluxe Appart & Hotel,Kreis 4,Langstrasse,47.3764551,8.5279397,Private room,0,1,31,2026-06-11,1.92,3,362,21,
1340068054966717426,Doppelzimmer Standard,665695772,1470670409190000030,Deluxe Appart & Hotel,Kreis 4,Langstrasse,47.3764551,8.5279397,Private room,0,1,155,2026-06-10,9.05,3,333,87,
1341050552646910178,Studio in famous area - Stork 31,1314526,1462542542085520859,Giancarlo,Kreis 1,Lindenhof,47.371711691412756,8.540553434350489,Entire home/apt,0,1,32,2026-06-15,2.09,104,55,26,
1341188446796972590,1BR with balcony near lake - Flower 1,1314526,1462542542085520859,Giancarlo,Kreis 8,Seefeld,47.36211826634521,8.549417297737172,Entire home/apt,0,2,10,2026-04-22,0.61,104,114,7,
1342804327755624896,Flat in Zurich,653089111,1470642090752244366,Alexia,Kreis 3,Sihlfeld,47.37113333489619,8.520066308408952,Entire home/apt,,1,0,,,1,0,0,
1343361655767188273,Simple 2-BR Apartment with Essentials,1229459,1462516724433258317,Swissstay Apartments,Kreis 11,Seebach,47.4242549,8.5373538,Entire home/apt,,1,9,2026-02-15,0.63,78,0,8,
1343574955617458869,Apartment with two bedrooms & balcony,13570663,1462586915939629182,Residence Services Apartments,Kreis 2,Enge,47.36717012581668,8.53290399226049,Entire home/apt,0,2,26,2026-06-17,1.53,55,274,22,
1343587767190733181,Urban Boutique Apartment am Helvetiaplatz,348327394,1463501229927504131,Saschja,Kreis 4,Langstrasse,47.3760133,8.527804399999999,Entire home/apt,0,2,56,2026-06-07,3.24,4,38,38,
1344748961145092945,"Blueground | Enge, w/d, nr market & Old Town",434204093,1468087162878373469,Blueground,Kreis 2,Enge,47.3595181,8.527009999999999,Entire home/apt,,30,1,2026-05-03,0.51,185,351,1,
1344749353728554923,"Blueground | Unterstrass, balcony & washer",434204093,1468087162878373469,Blueground,Kreis 6,Oberstrass,47.3898579,8.5452775,Entire home/apt,,30,0,,,185,346,0,
1345094545263014080,cozy appartement close to center,6167790,1462544253288662195,Anne,Kreis 3,Alt-Wiedikon,47.36894744658333,8.507398702204227,Entire home/apt,,1,0,,,1,0,0,
1345676909792399090,Studio altstadt,213495988,1469116223219724582,Stefano,Kreis 8,Mühlebach,47.36321667367861,8.552634053111877,Entire home/apt,0,3,0,,,1,180,0,
1346651051109431855,1 Bedroom Apartment with balcony,96313352,1467160231867429571,Lilly,Kreis 11,Oerlikon,47.410200187642886,8.541948907077312,Entire home/apt,,1,0,,,1,23,0,
1347013434802160885,Zurich (room in a shared apartment),676373026,1470692819380097756,Paulo,Kreis 11,Oerlikon,47.401787839596935,8.552899196651392,Private room,0,1,5,2026-05-17,0.35,1,175,3,
1349050547408998314,Modern&Cozy Apartment in Zurich,45810283,1465684077362187921,Elena,Kreis 11,Oerlikon,47.403359685968525,8.546953089898652,Entire home/apt,0,1,0,,,1,190,0,
1349212527545732629,Zimmer in Oerlikon Station,436896908,1469975378322708881,Fernando,Kreis 11,Seebach,47.4149255529652,8.547836552149063,Private room,0,2,28,2026-06-21,1.72,2,348,20,
1352019773390728552,Green Marmot Capsule Hotel Zürich,321785453,1469610111769601985,Green Marmot,Kreis 1,Rathaus,47.36823444560712,8.543894401989299,Shared room,1,1,150,2026-06-25,9.45,1,180,123,
1353055392713954035,The Yellow Apartment,25396172,1465341852855397497,Céleste,Kreis 6,Oberstrass,47.392958474779334,8.54556544197973,Entire home/apt,0,1,50,2026-06-15,3.23,2,97,30,
1353094973870812110,City & Nature | Zurich Apartment with Park Views,585688978,1463891258827574165,Arye,Kreis 3,Alt-Wiedikon,47.368796,8.5183641,Entire home/apt,,28,21,2026-01-04,1.25,12,0,14,
1355026127679672514,Modern 2.5-Room Apartment at Letzipark | Workspace,230310620,1469227908312551013,Yannik,Kreis 9,Altstetten,47.38827138651579,8.497615861351143,Entire home/apt,0,3,5,2026-01-02,0.34,1,9,2,
1356390242184908530,Spacious Suite-near Zürich lake & Opera: 65m2,107649824,1462889716979126815,Max,Kreis 8,Seefeld,47.35521386807273,8.55418296177434,Entire home/apt,,6,37,2026-06-26,2.42,1,0,29,
1357086603777086395,Luxe et Confort à Zurich,390817420,1469808795261102305,Victor,Kreis 2,Enge,47.355309091206905,8.530258281017934,Entire home/apt,0,14,0,,,1,87,0,
1357739960665705475,Top-floor central flat with stunning view,37678478,1465564059170725693,Alex,Kreis 10,Wipkingen,47.401476215044376,8.531222318896184,Entire home/apt,,1,0,,,1,0,0,
1357810588831247953,"Charming, Well-located Flat",3253779,1462623985057445147,Yannic,Kreis 6,Unterstrass,47.386710404702704,8.542849162097543,Entire home/apt,,7,1,2025-04-02,0.07,1,0,0,
1358524241653125138,Luxury Room on 8th-Floor with Panoramic View,270717613,1469429823631412853,Michael,Kreis 5,Escher Wyss,47.3865779,8.514586399999999,Private room,0,1,2,2025-04-20,0.13,1,44,0,
1358638344928294335,TheWhiteFive | A Peaceful Stay in Zürich Downtown,546375378,1470445434224732397,Jerry,Kreis 5,Escher Wyss,47.390835943696615,8.507555124339662,Entire home/apt,,10,0,,,2,183,0,
1359491220202517275,Brasovo Apartment,102328487,1467227994752273430,Pedro,Kreis 6,Unterstrass,47.38434026090628,8.540967867878512,Entire home/apt,,4,8,2026-01-02,0.78,1,0,8,
1359507201657871544,Amazing Zurich Studio Retreat,679556332,1463934762466506427,Jaybee,Kreis 3,Alt-Wiedikon,47.36637289644849,8.52142028919511,Entire home/apt,,1,117,2026-06-26,7.18,17,332,80,
1359519166101501950,"2,5-Zimmer-Wohnung mit Balkon",54626791,1465891434487419062,Stefany,Kreis 9,Altstetten,47.388975588470224,8.48159638012717,Entire home/apt,,7,0,,,1,354,0,
1359651592001421983,Nice room for business relax,548374324,1470453173336802812,Kim,Kreis 6,Unterstrass,47.39617190000001,8.543616199999999,Private room,,1,0,,,1,365,0,
1360826759782652608,Modern Appartment with taste.,392474692,1469813923395999042,Oscar,Kreis 7,Hirslanden,47.361804129430524,8.56213151265221,Entire home/apt,0,3,7,2026-06-02,0.46,2,8,5,
1363498380731725017,Your cozy home away from home,37421240,1462675205963504250,Iri,Kreis 6,Unterstrass,47.38776,8.53982,Entire home/apt,,2,0,,,2,0,0,
1363567730866414028,Cosy old town apartment,7718283,1462739412868714987,William,Kreis 1,Lindenhof,47.37199516595104,8.541134699999992,Entire home/apt,0,2,26,2026-06-07,1.78,1,294,21,
1363869812446624900,Wg room at Lochergut,43078724,1465639624736140995,Delparente,Kreis 4,Hard,47.37604629244976,8.516567647380539,Private room,0,6,0,,,1,361,0,
1365390780556923493,Bright & Cozy Getaway Retreat,679556332,1463934762466506427,Jaybee,Kreis 3,Alt-Wiedikon,47.36802015052455,8.519883159741106,Entire home/apt,,1,108,2026-06-28,6.71,17,326,78,
1367182982702528450,Stylische Wohnung in Zürich,2361694,1462523758119770974,Petra,Kreis 3,Alt-Wiedikon,47.3612389,8.51613,Entire home/apt,,7,1,2025-07-28,0.09,2,0,1,
1367297720996205850,Basic 2BR with Natural Light,1229459,1462516724433258317,Swissstay Apartments,Kreis 11,Seebach,47.4246879,8.5366871,Entire home/apt,,2,13,2026-05-11,0.85,78,204,8,
1367297956140988744,Cozy & Simple 2BR Apartment w/ Natural Light,1229459,1462516724433258317,Swissstay Apartments,Kreis 11,Seebach,47.4247603,8.5369237,Entire home/apt,,1,33,2026-06-17,2.15,78,255,21,
1367514025888517341,"Boho Suite · 3 SZ bei ETH, Kunsthaus & Unispital",704502715,1487997851665465551,Carl Christian,Kreis 6,Oberstrass,47.3784918,8.547932099999999,Entire home/apt,,1,47,2026-06-26,2.99,30,320,34,
1367922572678879378,Downtown | AC | Private Balcony,520530873,1470342225725989717,Nora,Kreis 1,Hochschulen,47.376810976467816,8.544306082224999,Entire home/apt,1,1,71,2026-06-19,4.50,21,286,54,
1367936638623505373,Private Rooftop Terrace Steps from Bahnhofstrasse,261136040,1469380245700819528,Jaqueline,Kreis 1,Lindenhof,47.37259786095075,8.539110932621075,Entire home/apt,0,1,1,2026-06-09,1,2,344,1,
1367950400991889814,Top Location | AC | Free Parking | SwissExperience,520530873,1470342225725989717,Nora,Kreis 1,Hochschulen,47.376453307454874,8.54322788858052,Entire home/apt,1,1,46,2026-06-26,2.94,21,306,25,
1368601644067657275,Gemütliches Schlafzimmer,9500107,1462569853075179180,Kathrin,Kreis 9,Albisrieden,47.376701967036084,8.498826485133195,Private room,0,1,1,2026-05-28,0.88,2,8,1,
1369404778733540687,Grosszügige Wohnung - zentral und ruhig gelegen,682295528,1470704936466295005,Manuela,Kreis 8,Weinegg,47.3570516,8.5715016,Entire home/apt,0,2,108,2026-06-18,6.75,1,257,61,
1369557461130306189,Bright-Stylish Flat Zürich City | Perfect Location,4319618,1462653613627791789,Ivan,Kreis 4,Langstrasse,47.37719,8.52307,Entire home/apt,,1,2,2026-06-16,0.14,2,0,1,
1369631072751373657,Modern 2BR in the city center - Hösch 12,23561865,1465274926504678242,Dimiter,Kreis 8,Mühlebach,47.358164153152494,8.55433115922211,Entire home/apt,,2,53,2026-03-22,3.40,145,0,43,
1370818243062072680,"Blueground | Seefeld, w/d elevator, nr Lake Zurich",434204093,1468087162878373469,Blueground,Kreis 8,Seefeld,47.3524889,8.5585407,Entire home/apt,,30,0,,,185,181,0,
1370891393137182897,Chalet Suite · 3 BR Home bei ETH & Uni,704502715,1487997851665465551,Carl Christian,Kreis 6,Oberstrass,47.379373696402816,8.549009286422644,Entire home/apt,,1,48,2026-06-04,3.12,30,340,33,
1371648129402275760,1BR apartment with balcony - West 13,23561865,1465274926504678242,Dimiter,Kreis 3,Sihlfeld,47.372100122469064,8.52059568268079,Entire home/apt,0,1,37,2026-06-11,2.45,145,43,23,
1372329855170373153,Direkt im Herzen von Zürich,547340854,1463874881861922694,Raphael,Kreis 4,Werd,47.37221,8.52583,Entire home/apt,,7,0,,,1,0,0,
1372435353884053590,"City Center / Brunau - Duplex 5.5 rooms, garden",1746873,1462577364804295866,Frank,Kreis 3,Friesenberg,47.35683108666218,8.518609700972293,Entire home/apt,,2,70,2026-06-26,4.66,30,91,59,
1372520565720638839,COSY Suite · 3 SZ bei ETH & Kunsthaus + Terrasse,704502715,1487997851665465551,Carl Christian,Kreis 6,Oberstrass,47.3784918,8.547932099999999,Entire home/apt,,1,114,2026-06-27,7.26,30,329,84,
1373036068038077089,Cozy Private Bedroom in Zürich,372870269,1469756714472727984,Zhaoyi,Kreis 10,Höngg,47.4065377362595,8.49283330142498,Private room,0,2,21,2026-01-11,1.38,1,146,12,
1373050224711658147,Eurovision Song Contest 2025 Apt,7006937,1462721090815586958,Cristian,Kreis 4,Werd,47.37080214911628,8.52865410166878,Entire home/apt,0,3,0,,,1,90,0,
1373937967992607203,Chic Studio Retreat: Your Perfect Stylish Getaway,679556332,1463934762466506427,Jaybee,Kreis 3,Alt-Wiedikon,47.36828910606645,8.520014478990682,Entire home/apt,,1,147,2026-06-23,9.44,17,335,102,
1374028457070106942,Central Chalet Rooftop Maisonette in Old Town,3922650,1462642685436368396,Anna,Kreis 1,Rathaus,47.37258120951476,8.54528143793239,Entire home/apt,1,1,50,2026-06-23,3.25,3,154,39,
1374434543156491281,2 1/2 Zimmer Nähe  Paradeplatz ( 8.4),13570663,1462586915939629182,Residence Services Apartments,Kreis 2,Enge,47.36721,8.53265,Entire home/apt,,2,19,2026-05-01,1.50,55,346,17,
1376665687543841047,Sunny room in cozy apartment,2466029,1462524375967575976,Agnes,Kreis 8,Seefeld,47.35552638198023,8.552675335656957,Private room,0,7,1,2026-06-19,1,1,14,1,
1377698168315160152,Rose Suite · Elegantes 3-SZ Home mit Rosé-Design,704502715,1487997851665465551,Carl Christian,Kreis 6,Oberstrass,47.3784918,8.5479321,Entire home/apt,,1,106,2026-06-14,6.99,30,330,79,
1378922953400753566,Cozy Top Modern Spacious Studio,24935437,1465325691680000732,Reto,Kreis 10,Höngg,47.401312632165016,8.49398869993178,Entire home/apt,0,1,40,2026-06-23,2.71,1,117,34,
1379580644117707873,"Idyllisch und zentral, gemeinsame Schlafbereich",328969882,1469630252856055466,Joël,Kreis 4,Langstrasse,47.379421099666715,8.52671530097723,Shared room,0,1,10,2025-08-11,0.73,2,90,3,
1381040226519568956,get your vibe @ Wipkingen!,5751120,1462542165890744708,Serap,Kreis 10,Wipkingen,47.389564000885215,8.535495254501134,Private room,0,3,12,2026-06-15,0.88,1,30,11,
1381156260952811163,Elevated Space in Seefeld by the lake,1348435,1462517477132288867,Rafael,Kreis 8,Seefeld,47.352073591696836,8.559592477977276,Entire home/apt,0,2,6,2026-03-08,0.39,4,332,4,
1381697723340644458,City Center / Brunau - 3.5 rooms,1746873,1462577364804295866,Frank,Kreis 3,Alt-Wiedikon,47.35775,8.51862,Entire home/apt,,2,44,2026-06-22,3.10,30,112,36,
1381835367024932406,City Center / Brunau - 3.5 rooms,1746873,1462577364804295866,Frank,Kreis 3,Alt-Wiedikon,47.35632181595978,8.51992096543077,Entire home/apt,,2,40,2026-06-13,3.00,30,128,34,
1382253803866510037,City Centre Spacious 2-BR Apt Paraiba,15038541,1462952751435789724,GEMINI Zurich Apartments,Kreis 4,Werd,47.3737149,8.5219012,Entire home/apt,0,1,131,2026-06-25,8.77,17,20,99,
1382727284773188348,Chic studio in prime location,198265997,1463136657151989450,Mia,Kreis 8,Seefeld,47.35196442020083,8.55824620822473,Entire home/apt,0,3,2,2025-08-11,0.16,4,361,1,
1384609615773618634,Appartement cozy à Zurich,25032150,1465331887686443453,Sidonie,Kreis 7,Hottingen,47.3669837,8.5542736,Entire home/apt,0,2,2,2026-01-02,0.17,1,284,2,
1384828896083782601,City Views Apartment am Schaffhauserplatz,548356728,1470453285358046920,Alexa,Kreis 6,Unterstrass,47.3905268,8.538713699999999,Entire home/apt,,1,28,2026-06-26,1.89,4,348,23,
1384907123065356051,"Sage Suite · 2 SZ bei ETH, Uni & Kunsthaus (1. OG)",704502715,1487997851665465551,Carl Christian,Kreis 6,Oberstrass,47.3784918,8.547932099999999,Entire home/apt,,1,94,2026-06-29,6.23,30,324,78,
1386756614870370103,Zürich Schweiz,686765047,1470714135701688576,Yira Paola,Kreis 9,Altstetten,47.38240002827005,8.497080524086929,Private room,,1,4,2025-08-10,0.29,1,3,1,
1386788106364267802,River Apartment,11130570,1462857807131062568,Pavel,Kreis 10,Höngg,47.39742,8.50615,Entire home/apt,0,1,18,2026-05-19,1.22,1,11,13,
1388276941144685150,City Center / Brunau - 3.5 rooms,1746873,1462577364804295866,Frank,Kreis 3,Alt-Wiedikon,47.357704745101834,8.518611634766925,Entire home/apt,,2,47,2026-06-25,3.18,30,107,42,
1389295361591683514,Apartment in Zurich West 10 min to city centre,134650334,1468342918036991940,Phuong,Kreis 4,Hard,47.378618106537814,8.51062907667215,Private room,,3,1,2025-04-24,0.07,1,0,0,
1389334176947283141,Gemütliches Zimmer Zürich Altstetten,235746695,1469254852425956317,Sandro,Kreis 9,Altstetten,47.39349,8.4737,Entire home/apt,0,3,8,2025-07-03,0.57,1,30,1,
1389841069217702222,Cozy studio in the city center - Crown 34,1314526,1462542542085520859,Giancarlo,Kreis 6,Unterstrass,47.38669448481751,8.537528228771892,Entire home/apt,,2,23,2025-09-28,1.65,104,0,19,
1390536735965591301,Cute studio in the center - Crown 42,1314526,1462542542085520859,Giancarlo,Kreis 6,Unterstrass,47.38812562660995,8.539219947867808,Entire home/apt,0,2,18,2026-06-06,1.21,104,19,16,
1391291890970980263,Charming Apartment in Zurich Oldtown,127723338,1468283664606640423,Leonardo,Kreis 1,Rathaus,47.37480619999999,8.5435541,Entire home/apt,,1,104,2026-06-14,7.03,3,306,83,
1391874430994508855,Charming room near the lake in a historic house,19390406,1463077563749500331,Merlin,Kreis 8,Mühlebach,47.357820751971346,8.556877958982152,Private room,,2,32,2026-05-29,2.29,1,0,22,
1391977432274832622,logement privé en centre Zurich,3544458,1462632142289256581,Mari,Kreis 5,Gewerbeschule,47.38392557953992,8.528221018164812,Private room,0,1,2,2025-06-15,0.15,2,11,0,
1392947522744345396,Gemütliche Wohnung nahe beim See,131318805,1468314654087552213,Carla,Kreis 2,Wollishofen,47.34137118482076,8.52943917536883,Entire home/apt,0,1,8,2026-06-26,0.57,1,76,5,
1393233996806726894,Oase in Zürich,16460186,1462987205278324735,Raphael,Kreis 11,Oerlikon,47.4080765,8.5578089,Entire home/apt,0,2,12,2026-06-12,0.92,1,52,8,
1393729302273431435,2-Zimmer Wohnung in Zürich,17807163,1463029390654709159,Flamur,Kreis 8,Weinegg,47.35912,8.56028,Entire home/apt,,1,0,,,1,362,0,
1393965375478311606,1BR - great starting point for tourists - Mill 324,1314526,1462542542085520859,Giancarlo,Kreis 8,Mühlebach,47.36415245764087,8.55084986792517,Entire home/apt,0,1,5,2026-03-24,0.44,104,11,5,
1394157008360807396,Charmante Wohnung im trendigen Zürcher Kreis 3,62745848,1466774217572264678,Sabrina,Kreis 3,Sihlfeld,47.37354863074772,8.515802036677485,Entire home/apt,,7,1,2025-09-19,0.11,1,47,1,
1394171162084997631,Cute studio in the city center - Stork 23,1314526,1462542542085520859,Giancarlo,Kreis 1,Rathaus,47.370161378641136,8.542598720237036,Entire home/apt,0,2,17,2026-06-06,1.23,104,19,12,
1394245154080782824,Practical 2-Bed Apartment Near Seebach,1229459,1462516724433258317,Swissstay Apartments,Kreis 11,Seebach,47.4255179,8.536386199999999,Entire home/apt,,2,9,2026-06-11,0.63,78,253,5,
1394245554195185842,Basic 3BR Flat with Balcony in Zurich,1229459,1462516724433258317,Swissstay Apartments,Kreis 11,Seebach,47.42486,8.5372,Entire home/apt,,1,8,2026-05-05,0.68,78,216,8,
1394246341800020789,Functional 3BR Stay with Balcony,1229459,1462516724433258317,Swissstay Apartments,Kreis 11,Seebach,47.42548,8.53613,Entire home/apt,,1,11,2026-06-11,0.78,78,242,9,
1394371538394035889,Discover Charming Studio with Private Balcony,679556332,1463934762466506427,Jaybee,Kreis 3,Alt-Wiedikon,47.36783343784734,8.519340062667174,Entire home/apt,,1,101,2026-06-25,7.27,17,334,81,
1394749065508237280,Ruhige Stadtoase mit Stadtblick,511359338,1470299423113959539,Jil,Kreis 3,Alt-Wiedikon,47.36484655262609,8.518103310108675,Entire home/apt,,5,0,,,1,189,0,
1394773576615045552,"Blueground | Enge, elevator & w/d, nr museums",434204093,1468087162878373469,Blueground,Kreis 2,Enge,47.3537732,8.5272021,Entire home/apt,,30,0,,,185,150,0,
1394774252347229343,"Blueground | Unterstrass, w/d, nr Zoo & Kunsthaus",434204093,1468087162878373469,Blueground,Kreis 6,Unterstrass,47.3911801,8.5382941,Entire home/apt,,30,0,,,185,242,0,
1394774653744741242,"Blueground | Wollishofen, balcony & w/d, nr park",434204093,1468087162878373469,Blueground,Kreis 2,Wollishofen,47.3494343,8.5282168,Entire home/apt,,30,1,2025-05-31,0.08,185,181,0,
1394775062986273855,"Blueground | Alt-Wiedikon, AC & elevator",434204093,1468087162878373469,Blueground,Kreis 3,Alt-Wiedikon,47.3648943,8.5214663,Entire home/apt,,30,0,,,185,0,0,
1394775450620478361,"Blueground | Sihlfeld, AC & elevator, nr landmarks",434204093,1468087162878373469,Blueground,Kreis 3,Sihlfeld,47.3725096,8.5189437,Entire home/apt,,30,0,,,185,0,0,
1394963917957884949,2 bedroom apartment for 4 people- Wiedikon,682301045,1470704949874452860,Alejandro,Kreis 4,Werd,47.37404309999999,8.5218736,Entire home/apt,,2,6,2026-05-09,0.59,1,1,6,
1395451217888729867,Zürichberg Suite,405409937,1469855381702650001,Delta Estates AG,Kreis 7,Fluntern,47.38049141210363,8.566976963669216,Entire home/apt,,4,9,2025-12-27,0.65,1,182,8,
1395608822175502310,Cute and central studio - Sun 11,23561865,1465274926504678242,Dimiter,Kreis 6,Unterstrass,47.38137607669127,8.54331304624295,Entire home/apt,0,2,33,2026-06-09,2.36,145,19,30,
1395644124425314020,Central City Keller Mini A+. Single room !,485532230,1470185681842826021,Zengbao,Kreis 6,Unterstrass,47.38469284581298,8.542298460544666,Private room,0,2,58,2026-06-27,3.98,2,159,49,
1395981705728819108,"Quiet, central studio with high ceilings & windows",578573171,1470581341806842936,Andrei,Kreis 7,Fluntern,47.37336427226447,8.55522625269653,Entire home/apt,0,2,10,2026-04-12,0.69,1,11,8,
1397547202113912118,Eigene Wohnung am See,18891975,1462607548169760127,Kathrin,Kreis 2,Wollishofen,47.33835,8.53703,Entire home/apt,0,1,20,2026-06-22,1.42,1,135,15,
1397670238294861594,Stilvolle 2.5-Zimmer-Wohnung mit Balkon,25057861,1465332440231765848,Jeremy,Kreis 11,Seebach,47.41362576181281,8.547981964228429,Entire home/apt,,5,0,,,1,179,0,
1397974498933756937,Cozy stay in Zurich,81491955,1466990591635868241,Fadwa,Kreis 2,Enge,47.35520652034183,8.52643845133807,Entire home/apt,,7,0,,,1,0,0,
1399212912665668135,Urbane Wohnung / Ruhig / Zentral,25454166,1465343000175290099,Stefan,Kreis 12,Saatlen,47.41287571876077,8.561487482643908,Entire home/apt,,4,0,,,2,32,0,
1399442494628728301,Kunst & Stil im Zürcher Seefeld,4695440,1462663470816765216,Dominik,Kreis 8,Seefeld,47.354671176504354,8.556340970098972,Entire home/apt,0,3,36,2026-06-20,2.59,1,40,30,
1400015173970010034,"Zürich Central Station, 2-Schlafzimmer Apartment",514252790,1470313118634808916,Conti,Kreis 1,Hochschulen,47.378699,8.543897,Entire home/apt,0,1,62,2026-06-14,4.47,1,182,48,
1400783135577486409,Basic 3-BR Apartment with Balcony Access,1229459,1462516724433258317,Swissstay Apartments,Kreis 11,Seebach,47.42448,8.53709,Entire home/apt,,1,4,2025-11-28,0.30,78,0,3,
1400783844446761057,"Charming 3BR Retreat, Direct Trams to City",1229459,1462516724433258317,Swissstay Apartments,Kreis 11,Seebach,47.4250291,8.5362601,Entire home/apt,,1,4,2025-06-21,0.28,78,254,0,
1400784362440086757,"Basic 1BR in Seebach, Tram-Connected",1229459,1462516724433258317,Swissstay Apartments,Kreis 11,Seebach,47.4242813,8.536303,Entire home/apt,,1,7,2025-12-29,0.50,78,0,3,
1400784837094165832,Basic 2BR Apt w/ Sofa Bed in Seebach,1229459,1462516724433258317,Swissstay Apartments,Kreis 11,Seebach,47.4239794,8.536009199999999,Entire home/apt,,1,6,2025-10-08,0.42,78,0,4,
1401160651704665256,"Blueground | Wiedikon, AC & w/d, nr museums",434204093,1468087162878373469,Blueground,Kreis 3,Sihlfeld,47.3755529,8.5142188,Entire home/apt,,30,0,,,185,0,0,
1401160984574719458,"Blueground | Wiedikon, elevator, nr museums & mall",434204093,1468087162878373469,Blueground,Kreis 3,Sihlfeld,47.3755529,8.5142188,Entire home/apt,,30,0,,,185,254,0,
1401161318879037224,"Blueground | Sihlfeld, elevator, w/d, nr museums",434204093,1468087162878373469,Blueground,Kreis 3,Sihlfeld,47.3755529,8.5142188,Entire home/apt,,30,0,,,185,258,0,
1401161634992047920,"Blueground | Friesenberg, balcony, nr Uetliberg",434204093,1468087162878373469,Blueground,Kreis 3,Friesenberg,47.3618451,8.5044082,Entire home/apt,,30,0,,,185,303,0,
1401292288032995907,* upgrade option! TOP Located Executive Studio,690511395,1470722217371563902,Naomi,Kreis 1,Rathaus,47.37532029932684,8.543752774379959,Entire home/apt,,1,10,2025-09-28,0.72,2,176,6,
1401478708570943132,Airy and central apartment in Zurich,222433346,1469177491765289690,Thomas,Kreis 1,Hochschulen,47.37587884391318,8.545763790036196,Entire home/apt,0,2,36,2026-06-22,2.74,6,295,32,
1401483962721606971,Cozy and Central flat in downtown,222433346,1469177491765289690,Thomas,Kreis 1,Rathaus,47.375448178297965,8.544259144361565,Entire home/apt,,2,42,2026-06-25,3.42,6,287,41,
1402006577857102488,Sunny modern room and balcony in city center,52220428,1465840203017120686,Doris,Kreis 8,Mühlebach,47.36429,8.55205,Private room,0,1,9,2026-06-18,4.58,1,308,9,
1402863237069224854,City center Apt close to old town/ Zurich HB,222814543,1463212491051447039,Haoran,Kreis 1,Rathaus,47.37618,8.54349,Entire home/apt,0,1,96,2026-06-14,6.62,14,257,84,
1403371012118427267,Appartment in Zurich,369233819,1463544060061371693,Dogan,Kreis 5,Escher Wyss,47.3912816,8.5094962,Entire home/apt,0,2,20,2026-06-20,1.53,1,31,18,
1403820095462697576,"Chambre - Zürich, Suisse",690512580,1470722219739491646,Menelik,Kreis 7,Witikon,47.35664335337803,8.59887427527105,Private room,,2,2,2025-07-12,0.16,1,0,2,
1405607464080921070,"Blueground | Alt-Wiedikon, balcony, nr Uetliberg",434204093,1468087162878373469,Blueground,Kreis 3,Alt-Wiedikon,47.3700689,8.512950199999999,Entire home/apt,,30,0,,,185,0,0,
1406436236711530744,Cats & Greens,691808285,1470724940272127200,Dila,Kreis 6,Unterstrass,47.40929,8.5292,Private room,0,1,25,2026-06-28,2.59,1,59,25,
1407461350686112319,Moderne & Zentrale Stadtwohnung,264070667,1469396809500917899,Noé,Kreis 6,Unterstrass,47.384379531074316,8.541490386769903,Entire home/apt,,1,172,2026-06-14,12.59,1,33,149,
1407819682438812876,"Idyllisch und Nahe am Geschehen, ganze Unterkunft",328969882,1469630252856055466,Joël,Kreis 4,Langstrasse,47.37854015380823,8.527293183725865,Entire home/apt,0,2,1,2025-07-06,0.08,2,86,1,
1408153696591021405,City center studio in old town,222814543,1463212491051447039,Haoran,Kreis 1,Rathaus,47.37494153432016,8.543513565835468,Entire home/apt,,1,39,2026-05-29,2.76,14,255,34,
1409410421755003374,Sunny Zürich Hideaway with Balcony,6926504,1462719030131288638,Rino,Kreis 4,Langstrasse,47.37929293880813,8.526893060062497,Entire home/apt,0,4,0,,,1,358,0,
1409421419378011193,Modern 2-BR Apartment · Zürich West,90399530,1467093621434773257,Daniella,Kreis 4,Hard,47.3840999,8.5081704,Entire home/apt,,1,6,2026-05-28,0.43,12,92,4,
1409530675633456836,City center studio near HB/ETH,222814543,1463212491051447039,Haoran,Kreis 1,Hochschulen,47.3764221902759,8.544938200384408,Entire home/apt,,1,77,2026-06-06,5.45,14,340,75,
1410727126737577458,Maison Züri – A Charming Retreat in Wiedikon,689040728,1470719030176242952,Maison Züri,Kreis 4,Werd,47.37009607505473,8.527903124214495,Private room,0,2,9,2026-01-01,0.68,1,265,5,
1411507222173533795,Spacious And Modern Apartment,220605955,1469164808021483802,Cristian,Kreis 11,Oerlikon,47.4118652,8.548010999999999,Entire home/apt,,4,4,2026-04-07,0.30,2,1,3,
1415091752915366488,Spacious & Stylish Zürich Loft,29879310,1465440362423512832,Karl,Kreis 4,Hard,47.37930085107747,8.520267866412931,Entire home/apt,0,7,3,2025-07-05,0.23,1,54,1,
1416012662850044379,City Center Peaceful Studio,222814543,1463212491051447039,Haoran,Kreis 1,Hochschulen,47.37615,8.54532,Entire home/apt,0,1,11,2026-04-04,1.28,14,355,11,
1417429640130866485,Stylish Loft Apartment in Zurich Seefeld,83271512,1467008557890184612,José-Luis,Kreis 8,Weinegg,47.361426077867726,8.55981200064269,Entire home/apt,0,1,1,2026-03-01,0.25,27,180,1,
1418776404529383408,"Schöne Altstadtwohnung, Zentrum",1327448,1462542870761907553,Géraldine,Kreis 1,Lindenhof,47.374830045867,8.539557677983751,Entire home/apt,0,4,2,2025-08-09,0.16,1,71,1,
1418959950430663681,Appartament (In Zürich),81723620,1466992948981175319,Hamid,Kreis 12,Schwamendingen-Mitte,47.40251,8.57618,Entire home/apt,,1,40,2026-06-21,2.96,1,0,36,
1419497181236649943,Stylish Room w/ Private Bathroom in Central Zurich,3963812,1462643743452037492,Maxi Nan,Kreis 5,Escher Wyss,47.38986674465797,8.512487089358258,Private room,0,1,39,2026-06-29,2.96,2,183,29,
1420101503676059547,Bright Spacious 3-BR · Zürich West,90399530,1467093621434773257,Daniella,Kreis 4,Hard,47.38354,8.50898,Entire home/apt,,1,28,2026-05-28,2.15,12,348,23,
1420191461025775610,Quiet 1BR in city center - Mill 4.12,1314526,1462542542085520859,Giancarlo,Kreis 8,Mühlebach,47.3632610841682,8.551052164627732,Entire home/apt,0,2,30,2026-06-14,2.30,104,73,27,
1420205425643144369,Stylish Central Apt w/ Panoramic Views,3963812,1462643743452037492,Maxi Nan,Kreis 5,Escher Wyss,47.38907447304166,8.512245592239655,Entire home/apt,0,2,25,2026-06-07,1.97,2,297,23,
1420251642131047986,Practical studio at trendy location - Stork 22,1314526,1462542542085520859,Giancarlo,Kreis 1,Rathaus,47.37065,8.54228,Entire home/apt,0,1,17,2026-04-15,1.33,104,102,16,
1420336047413517629,apartamento aconchegante.,39132296,1465584369884950516,Bela,Kreis 8,Mühlebach,47.35898,8.5535,Shared room,1,1,0,,,1,365,0,
1420785338206062411,Holiday apartment in the center of Zurich,13885881,1462925512038521908,Jana,Kreis 6,Oberstrass,47.38247972328953,8.548334117265187,Entire home/apt,0,1,10,2026-07-03,1.53,1,7,10,
1420820190234608142,"Blueground | Hottingen, view, nr Zurich Lake",434204093,1468087162878373469,Blueground,Kreis 7,Hottingen,47.3679244,8.552200599999999,Entire home/apt,,30,0,,,185,337,0,
1420971843345548534,Schönes und ruhiges Zimmer in WG Oerlikon,125674431,1462929729095693295,Ivana,Kreis 12,Saatlen,47.41235740631198,8.558537421267571,Private room,0,3,3,2026-06-25,0.25,1,76,3,
1421080372360201323,Charming flat at the lake,56801338,1465928820049089721,Johannes,Kreis 8,Seefeld,47.360996,8.5487557,Entire home/apt,0,1,28,2026-04-06,2.08,2,63,19,
1421124835182868330,Charmant logement cosy,74758128,1466919864106127702,Victoria,Kreis 3,Alt-Wiedikon,47.369473078810096,8.50936158366443,Entire home/apt,0,1,2,2026-06-21,2,1,241,2,
1422998230778521073,Großes Loft nahe Fußballstadion,151355287,1468486795101921416,William,Kreis 9,Albisrieden,47.38025631067589,8.488961109875616,Entire home/apt,0,3,16,2026-06-25,1.24,1,32,15,
1423222800052115905,Cosy 3-Room Apartment in 8048 Zurich Altstetten,406921,1462517640029865402,Leny Phuengkit,Kreis 9,Altstetten,47.38543228627903,8.48608958829999,Entire home/apt,0,2,16,2026-06-24,1.35,1,294,16,
1423760289581822487,Ideal for families - on budget,127306659,1462933341172570743,Michael,Kreis 6,Unterstrass,47.39672945141233,8.540241345763206,Entire home/apt,,1,55,2026-06-25,4.18,8,48,48,
1424081774611937633,Moderne neu sanierte Wohnung,551564594,1470465939531833612,Emin,Kreis 11,Oerlikon,47.41167,8.54571,Entire home/apt,0,1,0,,,1,364,0,
1424522079112723621,Room for July 26. Entire flat for August 26,573616382,1467966316567107402,Elena,Kreis 3,Sihlfeld,47.3705247,8.5196767,Private room,,7,0,,,1,150,0,
1424546046232962141,Apt in Heart of Zurich old town,222814543,1463212491051447039,Haoran,Kreis 1,Hochschulen,47.376871096263315,8.545308655620289,Entire home/apt,,1,28,2025-10-13,2.09,14,0,24,
1424779962296227710,"Bright, Spacious Designer Loft -near Letzi Stadion",4182946,1462649684721128350,Yvonne,Kreis 9,Albisrieden,47.378977556909014,8.491577172543433,Entire home/apt,0,1,24,2026-06-06,1.81,1,363,18,
1425864312698080083,Klosbachstrasse Room 1 Interim Homes Zürich,581481684,1470589690829239402,Interim Homes,Kreis 8,Weinegg,47.36467631795133,8.554691358979186,Private room,,30,2,2025-10-05,0.20,109,68,2,
1425881725704566210,Ein bijoux in Wollishofen,7448846,1462732219887518063,Fatma,Kreis 2,Wollishofen,47.34099635827411,8.530115566784923,Entire home/apt,0,2,0,,,1,365,0,
1426057408974528149,Klosbachstrasse Room 2 Interim Homes Zürich,581481684,1470589690829239402,Interim Homes,Kreis 8,Weinegg,47.364285594779965,8.554988728351889,Private room,,30,1,2025-12-08,0.15,109,100,1,
1426109627224674626,Klosbachstrasse Room 3 Interim Homes Zürich,581481684,1470589690829239402,Interim Homes,Kreis 8,Weinegg,47.364345919331065,8.55526436308691,Private room,,30,1,2026-05-01,0.49,109,203,1,
1426114610191606845,Klosbachstrasse Room 4 Interim Homes Zürich,581481684,1470589690829239402,Interim Homes,Kreis 7,Hottingen,47.364403049089034,8.556461854564152,Private room,,30,0,,,109,0,0,
1426636380525304375,High-standard flat in ZH Witikon,429210807,1469944662121216276,Antje,Kreis 7,Witikon,47.36024501936527,8.596826294899573,Entire home/apt,,30,0,,,1,83,0,
1426724090334125287,"Blueground | Enge, balcony, nr Lake Zürich",434204093,1468087162878373469,Blueground,Kreis 2,Enge,47.3586995,8.525810400000001,Entire home/apt,,30,0,,,185,31,0,
1426745534651714512,Einzigartige Stadtwohnung,696932158,1470735600646690107,Steven,Kreis 12,Schwamendingen-Mitte,47.4042635,8.5696999,Entire home/apt,0,1,60,2026-06-24,5.00,1,295,60,
1426939346482678560,Behagliche Wohnung im Kreis 4,452485090,1470036592995027295,Monika,Kreis 4,Hard,47.3782523,8.5138261,Entire home/apt,0,2,3,2025-08-29,0.25,1,21,3,
1426942926083503175,Bright Room in Central Zurich,99262229,1467193464700729551,Enrico,Kreis 1,City,47.3767261835013,8.537444344380926,Private room,,2,1,2025-06-04,0.08,1,0,0,
1427418665807292322,"Blueground | Hard, balcony, nr Lindenhof",434204093,1468087162878373469,Blueground,Kreis 4,Hard,47.3809763,8.5073147,Entire home/apt,,30,0,,,185,365,0,
1427655999530367229,"City Center / Brunau - 3.5 rooms, view",1746873,1462577364804295866,Frank,Kreis 3,Friesenberg,47.35673,8.519,Entire home/apt,,2,35,2026-06-26,2.66,30,142,30,
1428284690333215185,Zimmer in moderner Wohnung mit Terrasse,238007615,1469266371588345427,Janet,Kreis 3,Alt-Wiedikon,47.3673201,8.5082028,Private room,0,1,28,2026-05-31,2.13,1,295,21,
1429555041599383165,Elevate Your Stay in a Stylish Studio with a View,679556332,1463934762466506427,Jaybee,Kreis 3,Alt-Wiedikon,47.36651140366572,8.519562381800858,Entire home/apt,,1,121,2026-06-24,9.10,17,323,110,
1429793058439660720,Romantic apartment with free parking in Zurich,127306659,1462933341172570743,Michael,Kreis 6,Unterstrass,47.39563388285265,8.540875058516002,Entire home/apt,,2,62,2026-06-25,4.88,8,41,59,
1431329835052032776,"City center / Brunau - Duplex 3.5 rooms, garden",1746873,1462577364804295866,Frank,Kreis 3,Alt-Wiedikon,47.35723407566361,8.51824784176844,Entire home/apt,,2,30,2026-06-25,2.32,30,140,25,
1431330900692049409,City Center / Brunau - 2.5 rooms,1746873,1462577364804295866,Frank,Kreis 3,Alt-Wiedikon,47.35851981110922,8.52002958514802,Entire home/apt,,2,47,2026-06-27,3.62,30,127,43,
1433178105310614154,Spacious and comfortable,41251994,1465613529605358391,Natasa,Kreis 9,Albisrieden,47.372477142245714,8.4995059107415,Entire home/apt,0,120,0,,,1,358,0,
1433336567164320642,"Central, luminous, modern apart.",22140139,1463172499479165021,Efi,Kreis 3,Sihlfeld,47.37774162208546,8.506018423798336,Entire home/apt,0,60,0,,,1,358,0,
1434052467347898078,Rooftop Apartment by the Lake,25035612,1465331925601086732,Josseline,Kreis 8,Seefeld,47.35952,8.55221,Entire home/apt,0,3,17,2026-06-08,1.50,1,126,17,
1434088389367203201,Central flat in Zurich,12915246,1462898634748636512,Heiko,Kreis 9,Altstetten,47.38573353731226,8.486456314355278,Private room,,1,10,2025-11-09,0.77,2,0,5,
1434099984909539030,Calm Flat in Zurich City,12915246,1462898634748636512,Heiko,Kreis 9,Altstetten,47.384811562233864,8.488265331666877,Entire home/apt,,2,0,,,2,0,0,
1434564911054884951,Top Floor Flat in Zurich Center – Special Rate,10064898,1462830716468631462,Silke,Kreis 4,Langstrasse,47.38046704087501,8.52794552209013,Entire home/apt,0,1,33,2026-06-13,2.58,5,12,29,
1434607346337559861,Lovely Zurich City Apartment – Special Rate,10064898,1462830716468631462,Silke,Kreis 4,Langstrasse,47.38047430565774,8.527918699999981,Entire home/apt,0,1,46,2026-06-14,3.62,5,3,40,
1434619051514426570,Central Flat in vibrant Zurich – Special Rate,10064898,1462830716468631462,Silke,Kreis 4,Langstrasse,47.38049609999999,8.527918699999999,Entire home/apt,,1,46,2026-06-14,3.66,5,16,43,
1434630732472438288,Cozy City Apartment in Zurich – Special Rate,10064898,1462830716468631462,Silke,Kreis 4,Langstrasse,47.38049609999999,8.527918699999999,Entire home/apt,0,1,47,2026-06-15,3.78,5,8,43,
1434871707660810638,Attraktive Wohnung für Business + Privat in Zürich,74086793,1466912562151629750,Anita,Kreis 9,Altstetten,47.3920544,8.4729572,Entire home/apt,,13,1,2025-07-25,0.09,1,61,1,
1435136232470041921,Downtown Suite · Helle 2-SZ Wohnung in Wipkingen,704502715,1487997851665465551,Carl Christian,Kreis 10,Wipkingen,47.3954873,8.527076,Entire home/apt,,1,46,2026-06-21,4.22,30,334,46,
1435136294353774095,Eagle Suite · Grosses Dachstudio in Wipkingen,704502715,1487997851665465551,Carl Christian,Kreis 10,Wipkingen,47.3954873,8.527076,Entire home/apt,,1,28,2026-06-22,3.29,30,360,28,
1435136353593229338,Olive Suite · Helle 4-Zimmerwohnung in Wipkingen,704502715,1487997851665465551,Carl Christian,Kreis 10,Wipkingen,47.3954873,8.527076,Entire home/apt,,1,65,2026-06-10,5.95,30,333,65,
1435136412474822929,Amber Suite · Helle Wohnung im beliebten Wipkingen,704502715,1487997851665465551,Carl Christian,Kreis 10,Wipkingen,47.3954873,8.527076,Entire home/apt,0,1,38,2026-06-12,3.49,30,341,38,
1435136471242777166,Saint Suite · 3-SZ Wohnung inkl. Parkplatz (1. OG),704502715,1487997851665465551,Carl Christian,Kreis 10,Wipkingen,47.3954873,8.527076,Entire home/apt,,1,80,2026-06-25,7.32,30,346,80,
1435136529048616818,Maple Suite · Helle 2-SZ Wohnung in Wipkingen,704502715,1487997851665465551,Carl Christian,Kreis 10,Wipkingen,47.3954873,8.527076,Entire home/apt,0,1,26,2026-06-22,2.38,30,325,26,
1435136585408989704,Blossom Suite - Free Parking - 3-SZ Wohnung,704502715,1487997851665465551,Carl Christian,Kreis 10,Wipkingen,47.3954873,8.527076,Entire home/apt,,1,72,2026-06-22,6.61,30,341,72,
1436423690179402899,"Zurich City Gem,  Steps to Tram, Family & group",585688978,1463891258827574165,Arye,Kreis 3,Sihlfeld,47.3705523,8.514437100000002,Entire home/apt,0,2,12,2026-06-14,0.94,12,151,9,
1436451436159286901,Studio for Rent Central Location,88658378,1467075530117362190,Nadav,Kreis 3,Friesenberg,47.35645,8.51899,Entire home/apt,0,2,41,2026-06-13,3.20,1,312,36,
1436977299773980286,Apartamento tipo Loft Wiedikon,699512127,1470740835856747457,Manuel,Kreis 3,Sihlfeld,47.37063,8.50942,Entire home/apt,,3,0,,,1,356,0,
1438413831681548729,Fantastic Studio with Cozy Ambiance & Views,679556332,1463934762466506427,Jaybee,Kreis 3,Alt-Wiedikon,47.36628,8.51956,Entire home/apt,,1,97,2026-06-28,7.54,17,331,88,
1438531182267736215,Room in Auzelg-Zurich,699909266,1470741583139855734,Leonardo,Kreis 12,Saatlen,47.41468,8.56736,Private room,0,1,48,2026-06-13,3.74,1,44,41,
1440489246939212641,Super central & spacious flat in vibrant area,69628407,1466862000384284082,Anja,Kreis 4,Werd,47.3721,8.52627,Entire home/apt,,3,7,2025-10-02,0.56,1,1,6,
1441165402901063373,Kreatives Zimmer nur wenige Minuten vom Zürichsee,569303674,1463884073872133183,Luna,Kreis 2,Wollishofen,47.34941722712037,8.533414248102114,Private room,0,1,0,,,1,176,0,
1441517498349064016,Charming Yogastudio,17580079,1462602945298350776,Joshua,Kreis 11,Seebach,47.42584276570652,8.548380489594757,Entire home/apt,0,2,3,2025-09-17,0.24,2,16,1,
1442865032039361823,Private room in shared flat (host) – Zurich HB,4319618,1462653613627791789,Ivan,Kreis 4,Langstrasse,47.37635,8.52271,Private room,0,3,69,2026-05-04,5.51,2,30,66,
1443322128997244864,Bright&Cozy apartment Wiedikon,54882585,1465898983634738539,Roelof,Kreis 3,Alt-Wiedikon,47.3645889372141,8.519948415344233,Entire home/apt,,1,0,,,1,260,0,
1443397998906032083,"2,5 room in the heart of Zurich",395014379,1469821826260490452,Janus,Kreis 4,Langstrasse,47.3746379306809,8.52960673313677,Entire home/apt,0,7,0,,,1,74,0,
1444690240973901183,B4r - Studio,18715465,1463059615258550802,Joy,Kreis 8,Weinegg,47.36177,8.55934,Entire home/apt,,2,22,2026-06-27,1.83,15,59,22,
1444941643530933692,"Blueground | Hochschulen, balcony, nr Zurich Lake",434204093,1468087162878373469,Blueground,Kreis 7,Hottingen,47.3672184,8.5522957,Entire home/apt,,30,1,2026-05-31,1,185,296,1,
1445496588877135734,"Warm, bright and cosy",701790741,1470745080733884479,Dimche,Kreis 7,Witikon,47.3555602,8.599674,Entire home/apt,,10,1,2025-07-12,0.08,2,71,1,
1445696475268194934,Cozy Stay in Zurich City,98984595,1467190337867282981,Omar,Kreis 3,Alt-Wiedikon,47.36832639744186,8.507490640762288,Private room,,25,2,2025-07-06,0.16,1,365,1,
1445715762929959303,Chalet Bohème - Stylish Cozy Loft & Rooftop,67925068,1466839529991929282,Watseka,Kreis 3,Sihlfeld,47.3702683,8.512756699999999,Entire home/apt,,3,2,2025-07-10,0.16,1,0,2,
1446238244472967101,Artist’s studio Chalet style,3922650,1462642685436368396,Anna,Kreis 1,Rathaus,47.373007362415365,8.546262569725513,Entire home/apt,,1,14,2026-06-24,1.18,3,111,14,
1446262060634104927,Urban City Center Studio w/ washing maschine,652190967,1470640244185428253,VIZUALS GmbH,Kreis 4,Langstrasse,47.380719463527704,8.523253960647628,Entire home/apt,0,1,72,2026-06-23,5.98,1,12,72,
1446333693466033418,"Spacious Zurich Apt, Huge Terrace & Views",585688978,1463891258827574165,Arye,Kreis 3,Sihlfeld,47.3705523,8.514437100000002,Entire home/apt,,2,5,2025-11-16,0.42,12,132,5,
1446371374617936541,"Basic & Cozy Zurich Studio , Central & Walkable",585688978,1463891258827574165,Arye,Kreis 3,Sihlfeld,47.3705523,8.514437100000002,Entire home/apt,0,2,3,2025-09-22,0.25,12,89,3,
1446981117719806548,Central but quiet 1BR apartment - Sun 6,23561865,1465274926504678242,Dimiter,Kreis 6,Unterstrass,47.38199,8.54352,Entire home/apt,0,1,25,2026-06-12,2.10,145,23,25,
1447046955686996562,Charmante 4.5-Wohnung im 8008,166640764,1468615014615854361,Kairbekova,Kreis 8,Weinegg,47.36052,8.5604,Entire home/apt,,1,8,2026-06-13,0.75,2,1,8,
1447075954933337891,Nice 1BR near lake and very central - Hösch 13,23561865,1465274926504678242,Dimiter,Kreis 8,Seefeld,47.35675,8.55277,Entire home/apt,0,1,47,2026-04-26,3.95,145,11,47,
1447620007041570974,Cozy Air Conditioned Apartment,382662760,1469783868230835378,Thomas,Kreis 3,Sihlfeld,47.37082014300083,8.509131553068796,Entire home/apt,0,2,8,2026-06-03,0.68,1,59,8,
1447888893765728477,Apartment neben Sadion,702448142,1470746426376185371,Sinnathurai,Kreis 9,Altstetten,47.38492,8.49431,Entire home/apt,0,1,7,2025-09-15,0.57,1,180,6,
1449843860547670668,"Sunny appartment with a view, ZH Center & Airport",96454357,1467161963704346544,Greta,Kreis 11,Affoltern,47.41428611809915,8.529620810358285,Entire home/apt,,1,0,,,2,8,0,
1449886868380469552,Zentrales Zimmer in Zürich,3682856,1462531305607394615,Tina,Kreis 11,Oerlikon,47.4105643,8.531336999999999,Private room,0,1,21,2026-02-15,1.81,2,77,21,
1450008235416364197,Cozy room in central Zurich,253335516,1469341710932304362,Cheyenne,Kreis 6,Oberstrass,47.37759,8.5469,Private room,,1,41,2026-06-21,3.32,2,0,37,
1450498249890331625,"Blueground | Sihlfeld, balcony, nr Zürich Zoo",434204093,1468087162878373469,Blueground,Kreis 3,Sihlfeld,47.3702802,8.5113336,Entire home/apt,,30,0,,,185,365,0,
1450535972951493201,Zimmer nahe Zürichsee,498028959,1470240360181398960,Alyssa,Kreis 2,Wollishofen,47.35157,8.52706,Private room,1,1,10,2025-11-01,0.91,1,332,10,
1451283208742905750,Stylish apartment in Zurich,28166358,1465415980386266579,Panayotis,Kreis 11,Affoltern,47.41801,8.50556,Entire home/apt,0,4,1,2026-04-13,0.38,1,58,1,
1452125520712724382,Old Town Zurich Penthouse | Rooftop Terrace | AC,520530873,1470342225725989717,Nora,Kreis 1,Lindenhof,47.37079901685891,8.541806425110128,Entire home/apt,0,1,64,2026-06-17,5.38,21,313,64,
1453527386395245064,Cosy and stylish city apartment,704022037,1470749149554946212,Gina,Kreis 6,Unterstrass,47.39537,8.54189,Entire home/apt,,1,0,,,1,0,0,
1453850694130036766,Cozy apartment City Center,204483937,1469066831732275079,Ele,Kreis 3,Sihlfeld,47.3725,8.51505,Entire home/apt,0,3,2,2025-10-12,0.17,1,272,2,
1455741990835302730,"City Lights,  Zurich View Loft",669645270,1470679256611917111,Barry,Kreis 4,Werd,47.3693482,8.5280491,Entire home/apt,,2,21,2025-12-21,1.76,2,0,21,
1455799895871349685,appartement au centre Zürich (lac & gare),27777804,1465410001985491250,Laurent,Kreis 1,Rathaus,47.36859786282559,8.54518263862305,Entire home/apt,0,1,27,2026-06-28,2.31,1,211,27,
1456338942309278444,Azure Suite - Free Parking - Helle 3-BR Wohnung,704502715,1487997851665465551,Carl Christian,Kreis 10,Wipkingen,47.3954873,8.527076,Entire home/apt,1,1,44,2026-06-26,4.06,30,331,44,
1456383877249198804,Perfect Apartment for holidays,106017224,1467285955614623869,Carlota,Kreis 3,Alt-Wiedikon,47.369259818171265,8.514022039908658,Entire home/apt,,4,0,,,1,178,0,
1456447444979033104,"Blueground | Alt-Wiedikon, balcony, nr Uetliberg",434204093,1468087162878373469,Blueground,Kreis 3,Alt-Wiedikon,47.36394,8.51842,Entire home/apt,,30,0,,,185,3,0,
1456980378134428268,Rustic lakeside gem with Panorama,222572545,1469178567367680506,Gergo,Kreis 8,Seefeld,47.3526889,8.5591194,Private room,0,1,0,,,1,363,0,
1457247729959125423,"Blueground | Oerlikon, balcony, nr Zürich Zoo",434204093,1468087162878373469,Blueground,Kreis 11,Oerlikon,47.4092,8.53819,Entire home/apt,,30,0,,,185,145,0,
1457255268594067190,"Blueground | Oerlikon, balcony, nr Zurich Zoo",434204093,1468087162878373469,Blueground,Kreis 11,Oerlikon,47.4091958,8.5381854,Entire home/apt,,30,0,,,185,303,0,
1457270394148803041,"Blueground | Oerlikon, balcony, nr Zurich Zoo",434204093,1468087162878373469,Blueground,Kreis 11,Oerlikon,47.4091958,8.5381854,Entire home/apt,,30,0,,,185,350,0,
1457270745728392903,"Blueground | Oerlikon, balcony, nr Park",434204093,1468087162878373469,Blueground,Kreis 11,Oerlikon,47.4091958,8.5381854,Entire home/apt,,30,1,2025-08-23,0.10,185,311,1,
1457307459785662501,Your upgrade to a private rooftop flat,690511395,1470722217371563902,Naomi,Kreis 1,City,47.37439832875868,8.53838901181202,Entire home/apt,0,1,2,2025-07-08,0.17,2,347,2,
1457765710250341434,Ruhige 2 ½ Z.-Whg. in Zürich 10,39425335,1465589029071550365,Tom,Kreis 10,Wipkingen,47.3949174,8.5325565,Entire home/apt,0,3,8,2026-06-17,0.73,1,21,8,
1457833231317099327,Retro Suite · 2 Kings & Schlafsofa | Zürich Hbf,704502715,1487997851665465551,Carl Christian,Kreis 6,Unterstrass,47.387157644562905,8.53860929325407,Entire home/apt,,1,30,2026-06-26,3.35,30,344,30,
1457846308791253425,Family Suite · Rutsche & Terrasse | Zürich Hbf,704502715,1487997851665465551,Carl Christian,Kreis 6,Unterstrass,47.38816703188644,8.539569350921697,Entire home/apt,,1,37,2026-06-24,4.17,30,336,37,
1457932234106422222,"Blueground | Oerlikon, balcony, nr ETH Zürich",434204093,1468087162878373469,Blueground,Kreis 11,Oerlikon,47.4091958,8.5381854,Entire home/apt,,30,1,2025-08-23,0.10,185,313,1,
1458048351654232087,Quiet Stay Near the Center,299468149,1469538646491566817,Oleksandra,Kreis 6,Unterstrass,47.38236,8.54422,Entire home/apt,0,1,7,2026-02-16,0.60,1,22,7,
1458569891998349279,Studio apartment close to ETH,587962567,1470607471481235633,Anastasia,Kreis 6,Oberstrass,47.39076139657208,8.545307055285138,Entire home/apt,,2,4,2026-06-01,0.37,1,140,4,
1459235906289046972,Huge 4BR Entire Floor · Zurich Center · WiFi,57029086,1462736110664014694,Stefani,Kreis 11,Seebach,47.41450469999999,8.5469274,Entire home/apt,0,2,1,2026-05-30,0.94,30,249,1,
1459379126282435253,Maisonette-Wohnung in Zürich,19756338,1463090342463002284,Elisa,Kreis 4,Langstrasse,47.37772691745508,8.52874032404104,Entire home/apt,,50,0,,,1,118,0,
1459530479751645739,Cozy 2 Bed Ap. in ZH-Oerlikon,445823477,1470008792853142360,Horizon Apartments,Kreis 6,Unterstrass,47.39959916625792,8.542395715869157,Entire home/apt,,2,43,2026-06-21,3.61,2,6,43,
1459633194919094017,"Sunny, Spacious Room Zürich HB - Private bathroom",25488577,1529316613146547332,Fernando,Kreis 4,Langstrasse,47.3789729,8.531623399999999,Private room,0,2,14,2026-06-13,1.21,1,61,14,
1459910682827772322,City studio - Crown 43,1314526,1462542542085520859,Giancarlo,Kreis 6,Unterstrass,47.38822,8.53756,Entire home/apt,0,1,24,2026-06-03,2.06,104,10,24,
1460270021435891560,Autumn’s Paradise,246220272,1463287944278563469,Sarah,Kreis 4,Hard,47.381466137734954,8.503602116559586,Entire home/apt,,7,1,2025-08-08,0.09,1,0,1,
1460682005719730691,B1r - Studio,18715465,1463059615258550802,Joy,Kreis 8,Weinegg,47.362279298137395,8.558290857672137,Entire home/apt,0,5,22,2026-06-12,2.04,15,53,22,
1461549401817631775,Bright City Apartment Next to Main Station Hal 01,123896618,1462925790593676974,Sharedlock,Kreis 6,Oberstrass,47.3809715,8.5495363,Entire home/apt,,1,13,2026-06-11,2.89,8,35,13,
1462140973179243240,Bright Altbau Apartment near Zurich HB,236367188,1469257811290322502,Livio,Kreis 4,Langstrasse,47.377922075448105,8.529745746053287,Entire home/apt,,3,8,2026-06-05,0.80,1,0,8,
1462873765312838928,NEW: Big apartment in a trendy aerea !  (N1),13570663,1462586915939629182,Residence Services Apartments,Kreis 5,Gewerbeschule,47.38461219812182,8.527810103781716,Entire home/apt,,2,8,2026-06-04,0.76,55,339,8,
1463128967485703008,Central & vintage for solo/ duo travelers,67762146,1462775255058163552,Elizaveta,Kreis 6,Unterstrass,47.39122,8.54102,Private room,,1,12,2025-09-24,1.10,1,0,12,
1463881705243162367,Central friendly studio next to ETH/UZH line 9/10,222814543,1463212491051447039,Haoran,Kreis 6,Oberstrass,47.38337,8.54819,Entire home/apt,,7,2,2026-06-07,0.18,14,12,2,
1463991191996958867,One bedroom apartment in Binz area,7718832,1462739422430774922,Patrick,Kreis 3,Alt-Wiedikon,47.3632,8.51903,Entire home/apt,0,2,12,2026-06-25,2.47,1,110,12,
1464393751697114638,Neugasse | City Center Micro Apartment 12,659352799,1470655840351460921,Nicole,Kreis 5,Gewerbeschule,47.3825442,8.5300482,Entire home/apt,0,1,42,2026-06-12,3.75,10,280,42,
1464999365309921657,Neugasse | City Center Micro Apartment 21,659352799,1470655840351460921,Nicole,Kreis 5,Gewerbeschule,47.3825442,8.5300482,Entire home/apt,0,1,63,2026-06-16,5.59,10,249,63,
1465039077169169690,"Blueground | Seebach, balcony, nr Zürich Zoo",434204093,1468087162878373469,Blueground,Kreis 11,Seebach,47.41640719999999,8.5494077,Entire home/apt,,30,0,,,185,273,0,
1465039398864442507,"Blueground | Seebach, view, nr Zurich Zoo",434204093,1468087162878373469,Blueground,Kreis 11,Seebach,47.41640719999999,8.5494077,Entire home/apt,,30,0,,,185,0,0,
1465239712197184573,OldTownRiverside|AC|Balcony|FreeParking|WaterView,520530873,1470342225725989717,Nora,Kreis 1,Rathaus,47.37529830975743,8.54407296142941,Entire home/apt,0,1,52,2026-06-19,4.60,21,305,52,
1465869572865915820,"Blueground | Oerlikon, balcony, nr park",434204093,1468087162878373469,Blueground,Kreis 11,Oerlikon,47.4091958,8.5381854,Entire home/apt,,30,0,,,185,361,0,
1465877131277174466,"Blueground | Oerlikon, balcony, nr ETH Zürich",434204093,1468087162878373469,Blueground,Kreis 11,Oerlikon,47.4091958,8.5381854,Entire home/apt,,30,0,,,185,336,0,
1465895363071551974,Plain & Practical – Zurich Apartment III,1229459,1462516724433258317,Swissstay Apartments,Kreis 9,Albisrieden,47.3728,8.50164,Entire home/apt,,2,3,2026-06-22,2.00,78,57,3,
1465905783306529647,"Blueground | Oerlikon, balcony, nr Zurich Zoo",434204093,1468087162878373469,Blueground,Kreis 11,Oerlikon,47.4091958,8.5381854,Entire home/apt,,30,0,,,185,303,0,
1466227069943518369,Josefstrasse Room 1 Interim Homes Zürich,581481684,1470589690829239402,Interim Homes,Kreis 5,Gewerbeschule,47.38156,8.53403,Private room,,30,1,2025-09-11,0.10,109,26,1,
1466227392928095718,Josefstrasse Room 2 Interim Homes Zürich,581481684,1470589690829239402,Interim Homes,Kreis 5,Gewerbeschule,47.38095,8.53428,Private room,,30,0,,,109,0,0,
1466227654585520843,Josefstrasse Room 3 Interim Homes Zürich,581481684,1470589690829239402,Interim Homes,Kreis 5,Gewerbeschule,47.38218,8.5346,Private room,,30,0,,,109,43,0,
1466227874927051060,Josefstrasse Room 4 Interim Homes Zürich,581481684,1470589690829239402,Interim Homes,Kreis 5,Gewerbeschule,47.38045,8.53424,Private room,,30,0,,,109,0,0,
1466459973513429892,Marco’s guests,503340705,1470262951487185367,Márk,Kreis 8,Seefeld,47.3526889,8.5591194,Private room,,1,2,2025-09-07,0.18,1,365,2,
1466633392493480009,Gentle Retreat Suite with Stunning Views,679556332,1463934762466506427,Jaybee,Kreis 3,Alt-Wiedikon,47.36818,8.51976,Entire home/apt,,1,52,2026-06-27,4.59,17,335,52,
1466840353576347438,Panorama pur! Traumzimmer!,24105008,1468169661311474237,Bonaventura,Kreis 3,Friesenberg,47.3477475,8.4947217,Private room,1,1,30,2026-05-27,2.65,2,364,30,
1467305945492729018,Urban chic room for rent,29999669,1468169673768935790,Jenny,Kreis 2,Enge,47.35242329295452,8.527438486508169,Private room,0,1,21,2026-06-24,1.88,1,229,21,
1467341751890018668,"Blueground | Altstetten, 2 min walk to market",434204093,1468087162878373469,Blueground,Kreis 9,Altstetten,47.38531769999999,8.4938127,Entire home/apt,,30,0,,,185,147,0,
1467371960946489840,"Blueground | Saatlen, balcony, nr Zürich Zoo",434204093,1468087162878373469,Blueground,Kreis 12,Saatlen,47.4147328,8.5685535,Entire home/apt,,30,0,,,185,0,0,
1468087162352243641,"Blueground | Saatlen, balcony, nr Stadtpark",434204093,1468087162878373469,Blueground,Kreis 12,Saatlen,47.4147328,8.5685535,Entire home/apt,,30,0,,,185,303,0,
1469498928448852768,Stylisches Duplex Apartment/Mit Garten/,705887987,1469498929382545437,Tamara Jugovic/Radonjic,Kreis 4,Werd,47.373755739466716,8.52529875934124,Entire home/apt,0,1,133,2026-06-14,11.70,2,289,133,
1470073300540749899,Cozy apartment in city center,16848519,1462996381779268273,Nono,Kreis 4,Langstrasse,47.37781,8.53098,Private room,0,1,6,2025-09-14,0.56,1,195,6,
1470150261836307367,"Blueground | Saatlen, balcony, nr Zurich Zoo",434204093,1468087162878373469,Blueground,Kreis 12,Saatlen,47.4147328,8.5685535,Entire home/apt,,30,0,,,185,365,0,
1470763088671578912,1Z-Whg im Herzen von Kreis 3,294066050,1469519693645208126,Vika,Kreis 3,Sihlfeld,47.37533846412187,8.515111624098841,Entire home/apt,,2,58,2026-06-18,5.09,1,61,58,
1470765740541043484,1.5 Apartment in Wiedikon,30192002,1465444455685661954,Carolina,Kreis 3,Alt-Wiedikon,47.36813094447426,8.522151918816261,Entire home/apt,0,1,4,2026-06-11,0.36,1,5,4,
1470812136903006511,The Ideal 2BR Stay – Just What You Need,1229459,1462516724433258317,Swissstay Apartments,Kreis 11,Seebach,47.42450060793729,8.536895702085983,Entire home/apt,,2,0,,,78,232,0,
1470812835341038208,Comfortable Living in a 3-Bedroom Space,1229459,1462516724433258317,Swissstay Apartments,Kreis 11,Seebach,47.42422,8.53541,Entire home/apt,0,1,1,2025-07-25,0.09,78,222,1,
1470813741153144393,Basic Comforts for Your Stay,1229459,1462516724433258317,Swissstay Apartments,Kreis 11,Seebach,47.425321143381076,8.536090613790158,Entire home/apt,,1,3,2025-08-13,0.27,78,0,3,
1471011903253430592,Comfortable 1BR flat / great location - Baron 24,1314526,1462542542085520859,Giancarlo,Kreis 8,Mühlebach,47.35551,8.55817,Entire home/apt,,2,2,2025-09-08,0.20,104,0,2,
1471305853493289004,1.5-room furnished apartment,189597002,1471305854274412045,Giuseppe,Kreis 11,Oerlikon,47.4125721,8.5447589,Entire home/apt,,20,1,2025-09-07,0.10,1,0,1,
1471774162068616739,Central & quiet oasis in Zurich (1st floor),99528438,1471774162849945285,Marco,Kreis 6,Unterstrass,47.3976,8.54204,Entire home/apt,,2,38,2026-06-11,3.38,2,0,38,
1472315143436534705,Seefeld Living | Grand 1-BR Apartment near Lake,83271512,1467008557890184612,José-Luis,Kreis 8,Mühlebach,47.36246,8.55114,Entire home/apt,,2,10,2026-05-21,1.14,27,0,10,
1472337566868502104,Charming Retreat | 2-BR Serviced Apartment,83271512,1467008557890184612,José-Luis,Kreis 8,Mühlebach,47.35438,8.55967,Entire home/apt,,2,1,2025-10-31,0.12,27,212,1,
1472339626663115380,Jugendstilhaus. Grün. Zentral. 2 Balkon.,709317274,1472339627786182845,Helena,Kreis 9,Albisrieden,47.36739,8.49002,Entire home/apt,0,1,8,2026-06-21,0.74,3,356,8,
1472374195034398259,Welcome to Wollywood | 2-BR Serviced Apartment,83271512,1467008557890184612,José-Luis,Kreis 2,Wollishofen,47.34733,8.53121,Entire home/apt,,30,0,,,27,365,0,
1472496011020087035,Charmant appartement in Zurich,198241210,1472496011792884089,Alexandre,Kreis 3,Sihlfeld,47.37171,8.51613,Entire home/apt,0,1,27,2026-06-25,2.40,1,5,27,
1472619017929763254,"Blueground | Affoltern, balcony, nr Uetliberg",434204093,1468087162878373469,Blueground,Kreis 11,Affoltern,47.41458979999999,8.5125107,Entire home/apt,,30,1,2025-10-14,0.12,185,150,1,
1472649068821428165,Spacious & Central Apartment in Hottingen,142787918,1468409123590757702,Giorgio,Kreis 7,Hottingen,47.3714974,8.562346699999999,Entire home/apt,,3,13,2026-06-07,1.20,2,284,13,
1473022646692381683,Quiet & central 2-room apt in Zurichs 3rd district,428737510,1473022647560698585,Noah,Kreis 3,Sihlfeld,47.37767,8.50847,Entire home/apt,,2,0,,,1,57,0,
1473773919956770229,Central & quiet oasis in Zurich (top floor),99528438,1471774162849945285,Marco,Kreis 6,Unterstrass,47.39873,8.54161,Entire home/apt,,2,30,2026-06-06,2.68,2,0,30,
1474004931689100433,Cozy Studio Fiorellina,371008290,1463547825862567329,Sonia,Kreis 6,Unterstrass,47.395090258592205,8.545027493254098,Entire home/apt,0,1,0,,,14,129,0,
1474034727792503178,Economy Double room Zürich center,544455683,1470438411350107819,Zafer,Kreis 4,Langstrasse,47.37880935410221,8.52694743022461,Private room,0,1,34,2026-06-25,3.18,2,324,34,
1474047483610667019,Central & Spacious Room Zurich,37860442,1465566534270212195,Claudine,Kreis 2,Enge,47.36653620898675,8.532358971166582,Private room,0,7,1,2025-12-27,0.16,1,363,1,
1474607547686965300,Design Oase for 6 pers. (N4),13570663,1462586915939629182,Residence Services Apartments,Kreis 5,Gewerbeschule,47.3837438,8.5267938,Entire home/apt,0,2,5,2026-06-15,0.54,55,325,5,
1474628843249727879,New: 11/2 studio for 4 pers (N6),13570663,1462586915939629182,Residence Services Apartments,Kreis 5,Gewerbeschule,47.38374,8.52679,Entire home/apt,0,2,4,2026-06-16,1.90,55,332,4,
1474634280784077509,Urbaner Style imTrendquartier (N2),13570663,1462586915939629182,Residence Services Apartments,Kreis 5,Gewerbeschule,47.3837438,8.5267938,Entire home/apt,0,2,0,,,55,355,0,
1474642036251541041,Bijou im Universitätsviertel,7009052,1462721171563788806,Markus,Kreis 6,Oberstrass,47.38098,8.54824,Entire home/apt,0,3,4,2026-06-29,0.50,1,11,4,
1475861792727075458,3.5 ZiWohnung+ Wi.garten. Ruhig. Büro. Gartenplatz,709317274,1472339627786182845,Helena,Kreis 9,Albisrieden,47.36737,8.49202,Entire home/apt,0,1,2,2026-06-05,1.33,3,360,2,
1475873485848650030,Affordable Comfort – 3BR Apartment,1229459,1462516724433258317,Swissstay Apartments,Kreis 11,Seebach,47.42450579351992,8.537299176930937,Entire home/apt,,1,5,2025-09-05,0.47,78,0,5,
1475879212421253052,Comfort Meets Simplicity – 2BR Apartment,1229459,1462516724433258317,Swissstay Apartments,Kreis 11,Seebach,47.42360492958651,8.534447608283594,Entire home/apt,,1,3,2025-08-15,0.27,78,0,3,
1476060055728305112,Charming Room Next to Ed Sheeran,584779742,1470599003350220432,Matthew,Kreis 9,Altstetten,47.38363,8.49987,Private room,0,1,0,,,2,364,0,
1476688452932089199,Urban Chic | 3-BR Serviced Apartment,83271512,1467008557890184612,José-Luis,Kreis 10,Wipkingen,47.39373,8.52439,Entire home/apt,,3,0,,,27,355,0,
1476750552806920379,360° Old Town Duplex | Private Rooftop Terrace,520530873,1470342225725989717,Nora,Kreis 1,Lindenhof,47.37295672274966,8.538752095115928,Entire home/apt,0,1,0,,,21,284,0,
1476750672119387230,Old Town Penthouse | 360° Views | Rooftop Terrace,520530873,1470342225725989717,Nora,Kreis 1,Lindenhof,47.37317332547288,8.538216062985203,Entire home/apt,1,1,2,2026-05-30,0.23,21,300,2,
1476750741873404819,Old Town Rose Diamond Penthouse | Rooftop Terrace,520530873,1470342225725989717,Nora,Kreis 1,Lindenhof,47.374489661773616,8.539106755716517,Entire home/apt,0,1,0,,,21,308,0,
1476768667569925039,Dachwohnung mit schönem Stadt- und Zürichbergblick,709317274,1472339627786182845,Helena,Kreis 9,Albisrieden,47.36701,8.49185,Entire home/apt,0,1,5,2026-06-28,3.33,3,339,5,
1476860365767180494,Spacious family apartment in the heart of Zurich,7270445,1462727655861393283,Natália,Kreis 3,Sihlfeld,47.37178633939223,8.522646173903896,Entire home/apt,,7,0,,,1,66,0,
1478160538641763719,"Blueground | Enge, view, nr Zürich Lake",434204093,1468087162878373469,Blueground,Kreis 2,Enge,47.3600338,8.525956299999999,Entire home/apt,,30,0,,,185,0,0,
1478176103961624228,Quiet apartment in Seefeld,175417840,1468700987490007488,Luz,Kreis 8,Mühlebach,47.357116209492816,8.557789362725176,Entire home/apt,0,1,2,2026-06-22,0.18,1,53,2,
1478601650271933358,"Private Room near Zurich Airport, City Centre",86206304,1467037652765860496,Elec,Kreis 11,Seebach,47.4150016,8.542505799999999,Private room,0,1,0,,,1,228,0,
1478753516531369900,Ruhiges Zimmer.,32645938,1465478766379633701,Fabian,Kreis 6,Unterstrass,47.40219,8.53581,Private room,0,1,2,2026-06-06,0.20,1,332,2,
1479072802972767049,Chambre cosy au centre de Zurich,711168273,1479072803651612484,Camille,Kreis 3,Sihlfeld,47.37156,8.51409,Entire home/apt,0,3,4,2026-05-21,0.43,1,259,4,
1479728889293303504,Stylish Loft with Garden Oasis,141296465,1468396287550730566,Natalie,Kreis 4,Langstrasse,47.38093,8.5271,Entire home/apt,,5,2,2025-09-12,0.20,1,0,2,
1480470754490916600,"Blueground | Seebach, view, nr Zurich Zoo",434204093,1468087162878373469,Blueground,Kreis 11,Seebach,47.4177432,8.5459239,Entire home/apt,,30,0,,,185,365,0,
1480485851217599020,"Blueground | Seebach, washer, nr Zürich Zoo",434204093,1468087162878373469,Blueground,Kreis 11,Seebach,47.4177432,8.5459239,Entire home/apt,,30,0,,,185,335,0,
1481163472350355649,2.5 Zimmer Attika-Wohnung,4378131,1462655341844908811,Tania,Kreis 3,Sihlfeld,47.37467,8.51554,Entire home/apt,0,7,1,2026-05-31,1,11,30,1,
1481733214020807220,Duplex Apartment with Rooftop and Sauna,669645270,1470679256611917111,Barry,Kreis 4,Werd,47.3693482,8.5280491,Entire home/apt,,2,5,2026-01-02,0.47,2,0,5,
1481873109230670596,Wohnung am ZürichSee & Bellevue,75700528,1481873110077556560,Raffaele,Kreis 8,Mühlebach,47.36527461405184,8.55062585324049,Entire home/apt,0,5,0,,,1,165,0,
1482351418822603694,Modern 2BR w/Balcony ·10min to Zurich HB · Parking,57029086,1462736110664014694,Stefani,Kreis 11,Seebach,47.41450469999999,8.5469274,Entire home/apt,,1,10,2026-06-10,1.09,30,304,10,
1483271694344048060,"Blueground | Seebach, washer, nr Zurich Zoo",434204093,1468087162878373469,Blueground,Kreis 11,Seebach,47.4177432,8.5459239,Entire home/apt,,30,0,,,185,255,0,
1483301930521107112,"Blueground | Seebach, balcony, nr Katzensee",434204093,1468087162878373469,Blueground,Kreis 11,Seebach,47.4177432,8.5459239,Entire home/apt,,30,0,,,185,0,0,
1483309487069734338,"Blueground | Seebach, washer, nr Zurich Zoo",434204093,1468087162878373469,Blueground,Kreis 11,Seebach,47.4177432,8.5459239,Entire home/apt,,30,0,,,185,92,0,
1483343238481197622,"Practical Zurich Stay 2 Bedrooms, Great Value",1229459,1462516724433258317,Swissstay Apartments,Kreis 11,Seebach,47.425422009815975,8.53717098840153,Entire home/apt,,1,0,,,78,246,0,
1483344019032192387,Relax with Room to Spare 3-Bedroom Zurich Stay,1229459,1462516724433258317,Swissstay Apartments,Kreis 11,Seebach,47.424550345085535,8.53697980437014,Entire home/apt,,2,1,2026-01-02,0.17,78,232,1,
1483346748932989734,Zurich Style. One Bedroom. All Yours,1229459,1462516724433258317,Swissstay Apartments,Kreis 3,Sihlfeld,47.377489135984206,8.509437897006238,Entire home/apt,,1,1,2025-09-20,0.11,78,80,1,
1483347562035652357,Zurich Essentials Simple 1BR Apartment,1229459,1462516724433258317,Swissstay Apartments,Kreis 3,Sihlfeld,47.377794896175274,8.509076000533717,Entire home/apt,,1,32,2026-06-22,3.11,78,79,32,
1483348354903184417,Perfect Short Stay Spot 1BR in Zurich,1229459,1462516724433258317,Swissstay Apartments,Kreis 3,Sihlfeld,47.37660539465359,8.508940079453614,Entire home/apt,,1,15,2026-06-29,1.42,78,73,15,
1483350049298230798,Straightforward Style – Suited for Work or Leisure,1229459,1462516724433258317,Swissstay Apartments,Kreis 9,Albisrieden,47.372757734607376,8.501602864735212,Entire home/apt,,1,13,2026-02-14,1.19,78,0,13,
1483350869668980868,No-Frills 2BR Stay – Great Location,1229459,1462516724433258317,Swissstay Apartments,Kreis 9,Albisrieden,47.373593041836536,8.500735620175671,Entire home/apt,,2,3,2026-04-21,0.28,78,42,3,
1483351672757106365,Cozy 2‑Bedroom Apartment with Balcony in Zurich,1229459,1462516724433258317,Swissstay Apartments,Kreis 9,Albisrieden,47.37362069371261,8.50144315548974,Entire home/apt,,2,42,2026-06-15,3.94,78,55,42,
1483352492583147496,Chic Comfort in a Prime Zurich Location,1229459,1462516724433258317,Swissstay Apartments,Kreis 9,Albisrieden,47.37421,8.50097,Entire home/apt,,2,7,2026-06-08,0.69,78,45,7,
1483353331886916701,Cozy Living in Zurich Made Easy,1229459,1462516724433258317,Swissstay Apartments,Kreis 3,Sihlfeld,47.37292489828782,8.502362141700182,Entire home/apt,,1,8,2026-06-13,0.79,78,37,8,
1483547334790080676,City Center apartment next to main station,222814543,1463212491051447039,Haoran,Kreis 1,Hochschulen,47.3762,8.54552,Entire home/apt,0,1,17,2026-06-05,2.10,14,352,17,
1483976904739576763,Penthouse Retreat • Sunset & Mountain Panorama,6879849,1483976743076731229,Alan,Kreis 2,Enge,47.36242,8.52721,Entire home/apt,0,5,4,2026-01-06,0.39,1,28,4,
1484503079186267352,Rooftop 1BR · Terrace & Balcony · Zurich City,57029086,1462736110664014694,Stefani,Kreis 11,Seebach,47.4143322,8.5468833,Entire home/apt,0,1,7,2026-06-14,0.69,30,359,7,
1484516025758182530,1BR Balcony · Hallenstadion & Messe · Fast WiFi,57029086,1462736110664014694,Stefani,Kreis 11,Seebach,47.41450469999999,8.5469274,Entire home/apt,,1,10,2026-06-01,0.94,30,358,10,
1484524670796456887,3BR Rooftop Terrace · Zurich HB & City · WiFi,57029086,1462736110664014694,Stefani,Kreis 11,Seebach,47.4143322,8.5468833,Entire home/apt,1,1,0,,,30,346,0,
1484747534661367165,Designer Apt ·Top Lage Zürich · ruhig · 2 Balkone,488970923,1484747535437678042,David,Kreis 2,Enge,47.36022315266334,8.52779723806192,Entire home/apt,,2,15,2026-06-05,1.52,1,44,15,
1485244467704007442,one-room 5 minutes away from HB,565292069,1470518777161134658,Xiaoman,Kreis 7,Hirslanden,47.36118997254128,8.570254390677434,Private room,1,1,0,,,1,242,0,
1485286040028546877,Simple 1‑Bedroom Apartment w/ Balcony,1229459,1462516724433258317,Swissstay Apartments,Kreis 9,Albisrieden,47.37253966705624,8.500496029089632,Entire home/apt,,2,21,2026-02-16,1.97,78,0,21,
1486687964597616747,Helle 70 m2 Wohnung in trendigen Kreis 4 mit Kamin,694218969,1486687965235695214,Tinka,Kreis 4,Langstrasse,47.37736297024827,8.520479777537297,Entire home/apt,0,3,5,2026-06-01,0.54,1,82,5,
1486822738542371905,Zentrale Wohnung in Zürich,29629985,1465435979319172673,Ursina,Kreis 3,Sihlfeld,47.37022,8.52164,Entire home/apt,0,1,1,2025-10-12,0.11,1,205,1,
1486834509064619140,Modern studio Flat,145655333,1468431257674597753,Liliane,Kreis 3,Sihlfeld,47.37255,8.51834,Entire home/apt,,2,13,2026-05-01,1.40,2,0,13,
1487715558268325564,wilson luxury studio,13770499,1462587701265442265,Martin,Kreis 7,Fluntern,47.37713,8.56021,Entire home/apt,0,2,2,2025-12-07,0.22,6,17,2,
1491146905537515116,Moderne Wohnung mit Balkon (N5),13570663,1462586915939629182,Residence Services Apartments,Kreis 5,Gewerbeschule,47.3837438,8.5267938,Entire home/apt,0,2,22,2026-06-17,2.21,55,273,22,
1491876230346305362,Sunny Apartment with 2 Terraces in Kreis 2,88012158,1491876231694677465,Camille,Kreis 2,Wollishofen,47.3502,8.52899,Entire home/apt,,5,0,,,1,164,0,
1492021323552060641,Wifi / Smart TV / City Centre / Queen Bed - CR 15,1314526,1462542542085520859,Giancarlo,Kreis 6,Unterstrass,47.38844,8.53907,Entire home/apt,,2,5,2026-05-28,0.50,104,1,5,
1492523713560051476,Flat w. lake view in the Goldküste,45530741,1465676160293360354,Nicolas,Kreis 1,City,47.3772,8.54176,Entire home/apt,,10,0,,,1,358,0,
1492655903623101222,Big Room in the city center!,124542148,1492655904370020541,Carmen,Kreis 4,Langstrasse,47.38114,8.52536,Private room,,3,0,,,1,344,0,
1492932616532679742,Gold Nest @13th floor in Zurich’s down-town.,656549944,1470649749538892141,Dushki,Kreis 4,Hard,47.381870751973686,8.51991051278133,Entire home/apt,,90,0,,,1,365,0,
1493258383236272845,Plain & Practical – Zurich Apartment,1229459,1462516724433258317,Swissstay Apartments,Kreis 9,Albisrieden,47.372286380526276,8.500566532097993,Entire home/apt,,2,1,2025-12-21,0.16,78,57,1,
1494783636753611606,Zurich West @Cloud 21,715262705,1494783637708095195,Michael,Kreis 5,Escher Wyss,47.39068,8.51248,Private room,,1,0,,,1,89,0,
1494914618725008639,Gemütliche Wohnung nahe am Fluss,8023202,1494914619487796097,Lea,Kreis 10,Wipkingen,47.39489,8.53077,Entire home/apt,0,3,0,,,1,201,0,
1495057069889514081,Zentrale 4-Zimmer-Wohnung im Seefeld,22846243,1495057070663548211,Anna,Kreis 8,Seefeld,47.3526889,8.5591194,Entire home/apt,0,1,10,2026-05-31,1.28,1,39,10,
1495796646357607273,Zentral | Modern | HB Zürich | Dachterrasse,47272915,1495796647337201553,Daan,Kreis 5,Gewerbeschule,47.37999,8.53601,Entire home/apt,0,1,18,2026-06-24,2.54,2,297,18,
1496241976136247799,"Stunning 4.5 Room Apt Zürich, Center and quietly",365216813,1469735064442874279,Tower Group Immobilien GmbH,Kreis 3,Friesenberg,47.36083,8.50329,Entire home/apt,,6,0,,,1,0,0,
1497119324378007071,WA - Penthouse 6 Pax City Apartment Zürich,96141538,1467157960330894065,Lukas,Kreis 5,Gewerbeschule,47.3833042,8.526697799999999,Entire home/apt,0,1,23,2026-06-07,2.41,2,317,23,
1497591347613458011,Cozy city Apartment in Zürich.,78820908,1497591348332337457,Henrietta,Kreis 9,Altstetten,47.38683,8.49666,Entire home/apt,0,1,0,,,1,365,0,
1497616529639443747,Zimmer in charmantem Altbau,544057891,1470436622087261874,Julia,Kreis 7,Hirslanden,47.359,8.56771,Private room,0,1,13,2026-06-13,1.36,1,346,13,
1497667810600237396,Bright Zurich City Apt – Special Rate,10064898,1462830716468631462,Silke,Kreis 4,Langstrasse,47.3804687506379,8.527955348138425,Entire home/apt,0,1,29,2026-06-14,4.70,5,26,29,
1498696258862982865,City Center / Wollishofen - 4.5 rooms,1746873,1462577364804295866,Frank,Kreis 2,Wollishofen,47.33502,8.52959,Entire home/apt,,2,19,2026-06-26,2.01,30,165,19,
1499879232818015428,City Center / Wollishofen - 3.5 rooms,1746873,1462577364804295866,Frank,Kreis 2,Wollishofen,47.33468,8.52967,Entire home/apt,,2,18,2026-06-28,1.97,30,156,18,
1499887079552965026,Bright and Modern 2BR with Workspace in Wiedikon,4129744,1462648191043334726,Aaron,Kreis 3,Alt-Wiedikon,47.36702,8.51167,Entire home/apt,,6,5,2026-02-08,0.61,1,0,5,
1500655905291023435,WA - City Apartment Zürich 8 Pax,96141538,1467157960330894065,Lukas,Kreis 5,Gewerbeschule,47.3833042,8.526697799999999,Entire home/apt,0,1,23,2026-05-26,2.64,2,255,23,
1500863003088833966,Stylish Oldtown Stay with stunning view,127723338,1468283664606640423,Leonardo,Kreis 1,Rathaus,47.37480619999999,8.5435541,Entire home/apt,,1,56,2026-06-09,5.94,3,121,56,
1501200384300797878,Studio/ Zuerich /Old Town/ Best Place (54),13570663,1462586915939629182,Residence Services Apartments,Kreis 1,Rathaus,47.3727287,8.5429849,Entire home/apt,0,2,20,2026-06-17,2.43,55,287,20,
1501353396442632668,"Blueground | Enge, terrace, nr Lake Zürich",434204093,1468087162878373469,Blueground,Kreis 2,Enge,47.3537732,8.5272021,Entire home/apt,,30,0,,,185,31,0,
1501462256324578756,Charmantes Altbaujuwel im Herzen von Zürich,707334779,1501462257442834918,Karim,Kreis 6,Oberstrass,47.38212,8.54733,Private room,0,1,0,,,1,359,0,
1501493836844758194,Heartwarming Home with Private Balcony,679556332,1463934762466506427,Jaybee,Kreis 3,Alt-Wiedikon,47.368068869230356,8.519527131686564,Entire home/apt,,1,55,2026-06-25,5.54,17,331,55,
1501995099954762730,"Blueground | Zurich town hall, city view",434204093,1468087162878373469,Blueground,Kreis 1,Rathaus,47.3722941,8.5446192,Entire home/apt,,30,0,,,185,325,0,
1502071174117758361,Top Lage - mitten in Zürich. Naturnah und hell,86524368,1502071174776587132,John,Kreis 3,Sihlfeld,47.37278,8.51829,Entire home/apt,,1,3,2026-05-25,0.95,1,0,3,
1502183839013494393,"Blueground | Hirslanden, balcony, nr Zürich Lake",434204093,1468087162878373469,Blueground,Kreis 7,Hirslanden,47.3637719,8.5592965,Entire home/apt,,30,1,2025-10-20,0.12,185,30,1,
1502863329723495883,"Blueground | Enge, balcony, nr Lake Zurich",434204093,1468087162878373469,Blueground,Kreis 2,Enge,47.3602423,8.527180999999999,Entire home/apt,,30,0,,,185,2,0,
1502934377988167555,Charming Riverside Studio - Stork 41,1314526,1462542542085520859,Giancarlo,Kreis 1,Lindenhof,47.3708912,8.5416358,Entire home/apt,,1,12,2026-04-29,1.29,104,196,12,
1505667143832940726,"Blick auf Züricher See!
Über den Wolken!",24105008,1468169661311474237,Bonaventura,Kreis 3,Friesenberg,47.3477475,8.4947217,Private room,1,1,23,2026-06-23,2.40,2,356,23,
1506331326533443111,Urban Chic | 2 Bedroom Townhouse ServicedApartment,83271512,1467008557890184612,José-Luis,Kreis 8,Seefeld,47.35676,8.55426,Entire home/apt,,1,2,2025-09-19,0.21,27,183,2,
1506348163285928179,Rooftop serviced apartment with terrace & balcony,83271512,1467008557890184612,José-Luis,Kreis 8,Mühlebach,47.36431079308997,8.549444440955687,Entire home/apt,,2,3,2025-09-25,0.31,27,181,3,
1506413222618323487,Traumhafte Dachwohnung mit schönem Dachgarten,249777898,1469324076537309201,Iris,Kreis 7,Hottingen,47.36762,8.55578,Entire home/apt,0,2,1,2026-05-23,0.77,1,131,1,
1506514717864256469,Old Town Gem by Grossmünster | AC | Free Parking,520530873,1470342225725989717,Nora,Kreis 1,Rathaus,47.37019,8.54477,Entire home/apt,0,1,37,2026-06-21,4.89,21,300,37,
1506571534556476860,Modern Comfort 1BR - Oerlikon Zürich,17168273,1463003715277559467,Cityus Ltd,Kreis 11,Oerlikon,47.4108914,8.5464902,Entire home/apt,,7,0,,,5,0,0,
1506582985629556930,Family-Friendly 2BR - in the Heart of Oerlikon,17168273,1463003715277559467,Cityus Ltd,Kreis 11,Oerlikon,47.4108914,8.5464902,Entire home/apt,,5,1,2026-06-05,1,5,0,1,
1507448009702894489,Jungle Suite · 3 Kings & Terrasse | Zürich Hbf,704502715,1487997851665465551,Carl Christian,Kreis 6,Unterstrass,47.3871867,8.5385932,Entire home/apt,1,1,41,2026-06-22,4.59,30,335,41,
1507780925387936733,"Central Hideaway –Garden, Parking, Cinema,4,5rooms",579532123,1470584172648750409,Matthias,Kreis 5,Gewerbeschule,47.3833042,8.526697799999999,Entire home/apt,,1,31,2026-06-27,3.26,2,243,31,
1507865571694848629,Pet-Friendly 2-bedroom in the Heart of Oerlikon,17168273,1463003715277559467,Cityus Ltd,Kreis 11,Oerlikon,47.4108914,8.5464902,Entire home/apt,,7,0,,,5,0,0,
1507871283465763551,Central Oerlikon 2BR | Balcony & Comfort,17168273,1463003715277559467,Cityus Ltd,Kreis 11,Oerlikon,47.4108914,8.5464902,Entire home/apt,,7,0,,,5,0,0,
1507900508011407318,Bright 1-Bedroom Apartment + Sofa-Bed,1229459,1462516724433258317,Swissstay Apartments,Kreis 9,Albisrieden,47.3726525,8.500988099999999,Entire home/apt,,2,9,2026-01-01,0.99,78,61,9,
1508899669126226987,Zurich Friestrasse 2 Bedroom Apartment 302,659352799,1470655840351460921,Nicole,Kreis 11,Seebach,47.41443888747434,8.546469770371914,Entire home/apt,0,1,33,2026-06-08,4.29,10,170,33,
1508923566422070914,Zurich Friesstrasse 3 Bedroom Apt 202,659352799,1470655840351460921,Nicole,Kreis 11,Seebach,47.4144237,8.546462499999999,Entire home/apt,0,1,67,2026-06-10,7.44,10,157,67,
1509167882514531678,Zurich Friestrasse 2 Bedroom Apartment 201,659352799,1470655840351460921,Nicole,Kreis 11,Seebach,47.41486,8.54697,Entire home/apt,0,1,28,2026-05-31,2.97,10,200,28,
1509382980273219118,Charmante Jugendstil-Wohnung,7873017,1509382981230298162,Pia,Kreis 2,Enge,47.35483176394794,8.526839962201572,Entire home/apt,,1,31,2026-06-26,3.30,1,177,31,
1509955634175885057,Family Apt near Zurich main station/old town,222814543,1463212491051447039,Haoran,Kreis 1,Rathaus,47.37532,8.54474,Entire home/apt,0,1,33,2026-06-13,3.94,14,304,33,
1510250522310136609,“Bright Cozy Attic Apartment in Zurich”,360860800,1510250523020800867,Hermes,Kreis 3,Alt-Wiedikon,47.36394,8.51885,Entire home/apt,,3,4,2026-01-02,0.43,1,0,4,
1510626447851297426,Charmante 2½-Zimmer-Wohnung in Zürich Oerlikon,675740676,1510626448542288575,Christian,Kreis 11,Seebach,47.42586,8.55464,Entire home/apt,0,7,1,2025-11-01,0.12,1,24,1,
1510790386653608444,Rigistrasse Apartment Alpha Interim Homes Zürich,581481684,1470589690829239402,Interim Homes,Kreis 6,Oberstrass,47.38705,8.54929,Entire home/apt,,30,0,,,109,236,0,
1510880731803925920,Center Apartment in a new building!,42501442,1465631732116749756,D. Alexander,Kreis 2,Enge,47.367933540674315,8.52942232042551,Entire home/apt,0,2,0,,,1,191,0,
1511580356258425220,Rigistrasse Apartment Beta Interim Homes Zürich,581481684,1470589690829239402,Interim Homes,Kreis 6,Oberstrass,47.38659846653973,8.549139533270216,Entire home/apt,,30,0,,,109,273,0,
1512141952223613760,"Blueground | Seebach, balcony, nr Zürich Zoo",434204093,1468087162878373469,Blueground,Kreis 11,Seebach,47.4177432,8.5459239,Entire home/apt,0,4,0,,,185,344,0,
1512831700885134714,Apartment of category CITY,719599565,1512831702180283466,Guggach Apartments,Kreis 6,Unterstrass,47.3990161,8.5327321,Entire home/apt,,4,0,,,1,0,0,
1512889967043393920,City Studio - Crown 45,1314526,1462542542085520859,Giancarlo,Kreis 6,Unterstrass,47.38882,8.53726,Entire home/apt,0,1,16,2026-06-16,1.71,104,5,16,
1513055420972637963,"Blueground | Seebach, view, nr Uetliberg",434204093,1468087162878373469,Blueground,Kreis 11,Seebach,47.4177432,8.5459239,Entire home/apt,,30,0,,,185,327,0,
1513639870144722794,Exklusive Wohlfühloase im Jugendstil! - Sophia 1,23561865,1465274926504678242,Dimiter,Kreis 7,Hottingen,47.36821,8.55924,Entire home/apt,,2,23,2026-06-12,2.57,145,0,23,
1513740097960065447,Downtown City Apartment near Lake & Opera,586785556,1470604483507835283,MWS Services GmbH,Kreis 8,Seefeld,47.3637319,8.547540699999999,Entire home/apt,0,1,39,2026-06-27,4.21,2,331,39,
1514385804075896874,Trendy Wiedikon Apartment – Zurich’s Coolest Area,667770839,1514385804736008235,Samuel,Kreis 3,Sihlfeld,47.37225922667183,8.519939261246593,Entire home/apt,0,6,3,2026-02-28,0.34,1,66,3,
1515386225428026368,Quiet flat in vibrant neighbourhood (free parking),2894699,1462526894094755764,Andreas,Kreis 3,Sihlfeld,47.37251965096997,8.518798425793648,Entire home/apt,0,2,14,2026-06-14,1.69,1,213,14,
1515760635030664751,Wohnen im Grünen in Zürich,336827675,1463474878222412563,Albergo Diffuso,Kreis 9,Altstetten,47.38251,8.48551,Entire home/apt,,3,0,,,2,365,0,
1515764983863205362,Design Studio - Close to Zurich Hauptbahnhof - 529,273734321,1469444461478406683,Homenhancement,Kreis 5,Gewerbeschule,47.38411,8.52641,Entire home/apt,0,2,6,2026-05-03,0.69,30,11,6,
1515790305712064461,Design Studio - Close to Zurich Hauptbahnhof - 629,273734321,1469444461478406683,Homenhancement,Kreis 4,Langstrasse,47.38263,8.52629,Entire home/apt,0,4,7,2026-01-10,0.85,30,97,7,
1515799072094777006,Nice 3 bedrooms - Close to Zurich Hauptbahnhof 729,273734321,1469444461478406683,Homenhancement,Kreis 5,Gewerbeschule,47.38360809451594,8.52581771050314,Entire home/apt,,2,2,2026-03-22,0.31,30,0,2,
1515800896618119362,Nice 3 bedrooms - Close to Zurich Hauptbahnhof 829,273734321,1469444461478406683,Homenhancement,Kreis 5,Gewerbeschule,47.38392,8.52572,Entire home/apt,,2,3,2026-04-03,0.35,30,0,3,
1515802340548200711,Nice 3 bedrooms - Close to Zurich Hauptbahnhof 929,273734321,1469444461478406683,Homenhancement,Kreis 5,Gewerbeschule,47.38262,8.52792,Entire home/apt,,2,5,2026-01-17,0.60,30,0,5,
1515804164111018175,Nice 2 bedrooms - Close to Zurich Hauptbahnhof 329,273734321,1469444461478406683,Homenhancement,Kreis 5,Gewerbeschule,47.38306,8.52636,Entire home/apt,0,2,3,2026-01-21,0.35,30,41,3,
1516651554573889565,Nice 2 bedrooms - Close to Zurich Hauptbahnhof 600,273734321,1469444461478406683,Homenhancement,Kreis 5,Gewerbeschule,47.38413,8.52559,Entire home/apt,,2,4,2026-05-09,0.57,30,0,4,
1516652035590661761,Musiker Zimmer,21714165,1462618309645739256,Katie,Kreis 1,Rathaus,47.37115,8.54463,Private room,1,1,88,2026-06-30,9.64,4,217,88,
1516653403331810840,Nice 2 bedrooms - Close to Zurich Hauptbahnhof 700,273734321,1469444461478406683,Homenhancement,Kreis 4,Langstrasse,47.38247,8.52594,Entire home/apt,,2,6,2026-05-28,0.76,30,0,6,
1516654791228062511,Nice 2 bedrooms - Close to Zurich Hauptbahnhof 500,273734321,1469444461478406683,Homenhancement,Kreis 5,Gewerbeschule,47.38408,8.52733,Entire home/apt,,2,4,2025-12-29,0.52,30,0,4,
1517187889386158189,Cozy central Zurich stay,242622284,1517187890252519868,Tamara,Kreis 3,Sihlfeld,47.37122776573383,8.517500261164876,Private room,0,1,5,2026-01-01,0.58,2,38,5,
1517416407143862563,B2r - Studio apartment,18715465,1463059615258550802,Joy,Kreis 7,Hirslanden,47.36332101608392,8.557787628966354,Entire home/apt,0,5,10,2026-06-24,1.26,15,57,10,
1518611889643721546,Charming studio near lake - Flower 42,1314526,1462542542085520859,Giancarlo,Kreis 8,Seefeld,47.36183,8.54964,Entire home/apt,0,2,18,2026-05-01,2.03,104,20,18,
1518787608734536996,B3r - Studio apartment,18715465,1463059615258550802,Joy,Kreis 8,Weinegg,47.36256339442722,8.557578993225343,Entire home/apt,0,5,9,2026-06-23,1.32,15,63,9,
1519370197133832298,Modernes 51/2 Zimmer City Apartment-Top Lage (N3),13570663,1462586915939629182,Residence Services Apartments,Kreis 5,Gewerbeschule,47.3837438,8.5267938,Entire home/apt,0,2,4,2026-05-27,0.63,55,334,4,
1519452308852551611,"Quiet, Family-Friendly, Close to Nature & City",255590738,1519452309522990808,Diana,Kreis 12,Schwamendingen-Mitte,47.40144,8.55608,Entire home/apt,0,2,0,,,1,238,0,
1520100551693339094,Familienfreundliche Wohnung in der Stadt Zürich,88998895,1467079502530835332,Shiriff,Kreis 2,Leimbach,47.33275915104993,8.516726106067505,Entire home/apt,0,90,2,2026-05-30,0.33,1,336,2,
1520834562607211761,Modern City apt w/ breathtaking SwissAlps view,21009947,1520834563238484680,Chi,Kreis 9,Altstetten,47.38831058172494,8.493843153119087,Entire home/apt,,3,0,,,1,365,0,
1520892051948505234,"Blueground | Gewerbeschule, balcony, nr ETH",434204093,1468087162878373469,Blueground,Kreis 5,Gewerbeschule,47.3808602,8.5362528,Entire home/apt,,30,0,,,185,150,0,
1520998879927089255,Duplex Garden Apartment in Zurich,721450512,1520998880854493129,Severin,Kreis 10,Höngg,47.40386139210318,8.487644304637643,Entire home/apt,,30,0,,,1,2,0,
1521187538258133285,Family flat with cat in green surroundings,15298049,1462958943818970141,Julie,Kreis 11,Oerlikon,47.41205722761573,8.549880769002623,Entire home/apt,,3,0,,,1,0,0,
1521578291405302587,Grosse 51/2 Zimmer Wohnung mit Lift und Balkon N7,13570663,1462586915939629182,Residence Services Apartments,Kreis 5,Gewerbeschule,47.3837438,8.5267938,Entire home/apt,0,1,21,2026-06-18,2.36,55,167,21,
1521592216149827369,Modern & renovated studio in Zurich West district!,96382021,1467161042201902957,Melina,Kreis 5,Gewerbeschule,47.3853410716173,8.531148938231086,Entire home/apt,,7,0,,,1,177,0,
1521819535582341559,Stylish Historic Duplex – Zurich Old Town,160325415,1521819536243174556,Fran,Kreis 1,Rathaus,47.37190712613705,8.541882885736818,Entire home/apt,,1,5,2026-01-03,0.59,1,0,5,
1522377156160724776,Delta City Hotels Family Quad Room,721783588,1522377156776838568,Delta City Hotels,Kreis 10,Wipkingen,47.3909141,8.5280004,Entire home/apt,0,1,22,2026-05-28,2.45,3,334,22,
1522417654442100154,Delta City Hotels Family Triple Room,721783588,1522377156776838568,Delta City Hotels,Kreis 10,Wipkingen,47.3909141,8.5280004,Entire home/apt,0,1,2,2025-12-07,0.22,3,354,2,
1522420300822710265,Delta City Hotels Standard Double Room,721783588,1522377156776838568,Delta City Hotels,Kreis 10,Wipkingen,47.3909141,8.5280004,Entire home/apt,0,1,9,2026-05-27,1.00,3,363,9,
1522519095634719919,Gemütliche 1 Zimmer Wohnung/Nähe Universität ZH,553368601,1470472442281160285,Stefano,Kreis 7,Fluntern,47.376718226697406,8.565148623591902,Entire home/apt,0,7,7,2026-06-10,0.92,1,292,7,
1522600714215220473,Intimate Hideaway with Private Balcony View,679556332,1463934762466506427,Jaybee,Kreis 3,Alt-Wiedikon,47.36769,8.51933,Entire home/apt,,1,42,2026-06-19,4.67,17,336,42,
1523048304605985065,2 Zimmer-Wohnung / 2025 saniert / 5min vom HB,86859989,1523048305239065517,Tobias,Kreis 5,Gewerbeschule,47.38259,8.53122,Entire home/apt,,45,0,,,1,358,0,
1523274480420916755,STAYY Nº7 Suites & Studios -Self Check-in Superior,38886244,1465581013407015882,Patrick,Kreis 3,Alt-Wiedikon,47.36625360000001,8.5200486,Entire home/apt,,2,14,2026-02-01,1.67,5,364,14,
1523739823121862641,"Relax in the nature, walk to the Hospital & Center",39326744,1465587167826717849,Alexandra,Kreis 8,Weinegg,47.3525672,8.5706309,Private room,0,1,19,2026-06-27,2.29,5,119,19,
1523814705606031422,Traumaussicht in Höngg,21962249,1523814706236306982,Francielly,Kreis 10,Höngg,47.39821,8.50524,Entire home/apt,0,2,0,,,1,88,0,
1524027302407453564,Cozy apartment in Zurich,163190332,1468588058542477763,Haniesadat,Kreis 11,Oerlikon,47.4045788,8.5470311,Private room,0,1,1,2025-10-17,0.12,1,177,1,
1524508798363088205,Luxury Lakeside Apartment in the Heart of Zürich,575164113,1524508799303334591,Emelie,Kreis 8,Mühlebach,47.36513,8.54912,Entire home/apt,0,2,4,2026-06-14,0.50,1,52,4,
1524796091747303939,Velvet Suite · 3 Kings & Terrasse | Zürich Hbf,704502715,1487997851665465551,Carl Christian,Kreis 6,Unterstrass,47.3871867,8.5385932,Entire home/apt,,1,20,2026-06-14,2.29,30,346,20,
1524831445048494061,Vertical Suite · 3 Kings & Stadtblick | Zürich Hbf,704502715,1487997851665465551,Carl Christian,Kreis 6,Unterstrass,47.3871867,8.5385932,Entire home/apt,,1,41,2026-06-14,4.71,30,344,41,
1526662674682724110,Beautiful apartment in the heart of Wiedikon,50848754,1465783893693766248,Leidy Stefany,Kreis 3,Sihlfeld,47.36959,8.52128,Entire home/apt,0,3,0,,,1,141,0,
1526669655316049843,Urban Premium Living Zürich with garage option,722775264,1526669655930876532,Barnabas,Kreis 11,Oerlikon,47.4091958,8.5381854,Entire home/apt,0,1,26,2026-06-19,3.58,2,289,26,
1526677741667263062,Urban Premium Comfort Zürich with garage option,722775264,1526669655930876532,Barnabas,Kreis 11,Oerlikon,47.4091958,8.5381854,Entire home/apt,,1,16,2026-06-28,2.32,2,330,16,
1527486021539064071,Comfort 4-Bedroom Stay Zürich,1229459,1462516724433258317,Swissstay Apartments,Kreis 11,Seebach,47.4246879,8.5366871,Entire home/apt,,1,4,2026-05-25,0.56,78,234,4,
1527489295020522458,Coastal Breeze | 2-BR Serviced Apartment,83271512,1467008557890184612,José-Luis,Kreis 8,Mühlebach,47.35429,8.55893,Entire home/apt,,2,0,,,27,365,0,
1527538640500381579,Wohnung im Herzen von Zürich,236836963,1469260367748527452,Mudi,Kreis 1,Hochschulen,47.37592,8.54505,Entire home/apt,,1,59,2026-06-28,6.76,1,37,59,
1527540470672540454,Coastal Breeze | 2-BR Serviced Apartment,83271512,1467008557890184612,José-Luis,Kreis 8,Mühlebach,47.35565,8.5583,Entire home/apt,,2,0,,,27,180,0,
1527986023262214387,Josefstrasse 30 Room 1 Interim Homes Zürich,581481684,1470589690829239402,Interim Homes,Kreis 4,Langstrasse,47.38075,8.53281,Private room,,30,0,,,109,40,0,
1527992704254654103,Josefstrasse 30 Room 2 Interim Homes Zürich,581481684,1470589690829239402,Interim Homes,Kreis 5,Gewerbeschule,47.38197,8.53425,Private room,,30,0,,,109,0,0,
1528071683954607796,1BR in the trendiest district of the city - Wst 14,23561865,1465274926504678242,Dimiter,Kreis 3,Sihlfeld,47.37307,8.52056,Entire home/apt,0,2,32,2026-06-09,4.10,145,12,32,
1528364795811033718,Cozy central apartment with view of the Alps,48496031,1465734799918840854,Natasha,Kreis 10,Höngg,47.39937159999999,8.501131599999999,Entire home/apt,,7,0,,,1,0,0,
1528409211407185454,City center / Brunau - Duplex 3.5 rooms,1746873,1462577364804295866,Frank,Kreis 3,Alt-Wiedikon,47.35797,8.51818,Entire home/apt,,2,22,2026-06-26,2.67,30,101,22,
1529719605738736716,Centrally located and charming Zurich flat,56484481,1465924353601591537,Gabriele,Kreis 2,Enge,47.36288,8.52455,Entire home/apt,,5,1,2025-12-21,0.16,1,178,1,
1531213926217264513,Zürichberg Wohnung,132759928,1531213927031568149,Amaya,Kreis 7,Hottingen,47.37126,8.56973,Entire home/apt,0,1,79,2026-06-28,9.40,1,11,79,
1531311793742083738,"Cozzy apartment ""Espera""",371008290,1463547825862567329,Sonia,Kreis 6,Unterstrass,47.39607,8.54594,Entire home/apt,0,1,0,,,14,113,0,
1531838560482888412,Modern central cozy flat,242622284,1517187890252519868,Tamara,Kreis 3,Alt-Wiedikon,47.37051,8.51694,Entire home/apt,0,1,1,2025-11-02,0.12,2,212,1,
1531875833960648909,The Heart of Zurich 1 BR Apartment,1229459,1462516724433258317,Swissstay Apartments,Kreis 9,Albisrieden,47.3726525,8.500988099999999,Entire home/apt,,2,3,2025-10-28,0.36,78,55,3,
1531889031230209234,Urban Stay in Zurich,1229459,1462516724433258317,Swissstay Apartments,Kreis 9,Albisrieden,47.37342959999999,8.5013382,Entire home/apt,,2,5,2026-06-18,0.59,78,55,5,
1531891163509767965,Cozy Zurich City Escape,1229459,1462516724433258317,Swissstay Apartments,Kreis 11,Seebach,47.4242326,8.537804,Entire home/apt,,1,7,2026-01-09,0.81,78,0,7,
1531893303873825037,Minimalist City Retreat in Zurich,1229459,1462516724433258317,Swissstay Apartments,Kreis 11,Seebach,47.4248638,8.537197299999999,Entire home/apt,,1,8,2026-06-24,0.96,78,234,8,
1531899915338066410,A Peaceful Stay near Seebach,1229459,1462516724433258317,Swissstay Apartments,Kreis 11,Seebach,47.4244765,8.5370846,Entire home/apt,,1,9,2026-02-01,1.07,78,0,9,
1531901794503815442,The Little Zurich Retreat,1229459,1462516724433258317,Swissstay Apartments,Kreis 11,Seebach,47.42406889999999,8.537057299999999,Entire home/apt,,1,3,2026-02-16,0.43,78,0,3,
1531907872701477185,Departamento acojedor,723988952,1531907873465065232,José Luis,Kreis 9,Altstetten,47.39356,8.472,Entire home/apt,0,1,0,,,1,363,0,
1532006512553166002,Apartment Zürich,724017846,1531998264018647717,Nina,Kreis 12,Schwamendingen-Mitte,47.40313144722405,8.55939231812954,Entire home/apt,0,1,9,2026-05-31,1.15,1,286,9,
1532186857921895676,"Central Hide Away 6floor, Cinema, free Parking",579532123,1470584172648750409,Matthias,Kreis 5,Gewerbeschule,47.38358,8.52583,Entire home/apt,0,1,40,2026-06-15,4.72,2,269,40,
1532510108703030823,The Urban 2 BR Hideaway,1229459,1462516724433258317,Swissstay Apartments,Kreis 9,Albisrieden,47.37342959999999,8.5013382,Entire home/apt,,2,8,2026-06-25,1.17,78,55,8,
1532512416824134542,City Comfort 2 BR Apartment,1229459,1462516724433258317,Swissstay Apartments,Kreis 9,Albisrieden,47.3730434,8.5011513,Entire home/apt,,1,25,2026-05-03,3.16,78,0,25,
1532673538926818185,Schwandenwiesen 1BR Apartment,1229459,1462516724433258317,Swissstay Apartments,Kreis 11,Seebach,47.4239747,8.5355585,Entire home/apt,,1,10,2026-02-22,1.16,78,0,10,
1532676289775574861,Comfortable 1 BR Apartment in Zurich,1229459,1462516724433258317,Swissstay Apartments,Kreis 11,Seebach,47.4239747,8.5355585,Entire home/apt,,1,8,2026-03-09,0.97,78,0,8,
1533148657736524643,NEU: 4 1/2 Zimmer mit Traumaussicht,13570663,1462586915939629182,Residence Services Apartments,Kreis 5,Gewerbeschule,47.3837438,8.5267938,Entire home/apt,,2,2,2026-01-01,0.25,55,337,2,
1533297170263472190,Oasis in Zürich,40292274,1465600734428575970,Arieli,Kreis 3,Sihlfeld,47.36984,8.52207,Private room,0,1,18,2026-06-22,2.25,1,348,18,
1533347179992736929,Neugasse | City Centre Micro Apartment 19,659352799,1470655840351460921,Nicole,Kreis 5,Gewerbeschule,47.38289,8.53111,Entire home/apt,1,1,56,2026-06-15,7.18,10,220,56,
1534338506475464221,The City Nest | Near Sihlcity | Free parking!,25075726,1534338507105994900,Andrea,Kreis 3,Alt-Wiedikon,47.36042761542363,8.52134719491005,Entire home/apt,0,2,20,2026-06-28,3.13,1,64,20,
1534637305754015729,Departamento céntrico,440840714,1534637306424310167,Luz Maria,Kreis 10,Höngg,47.4029681,8.492998799999999,Entire home/apt,0,1,0,,,1,364,0,
1535476390621213186,Wohnung in der Zürcher-Altstadt.,454469233,1535476391420727522,Fallou,Kreis 1,Rathaus,47.374088924766205,8.544063502715165,Entire home/apt,0,2,4,2026-06-20,0.66,1,343,4,
1536197935564780332,1BR flat near lake and city center (Mainau 18.2),1314526,1462542542085520859,Giancarlo,Kreis 8,Seefeld,47.36031819999999,8.549612,Entire home/apt,,2,1,2025-11-05,0.12,104,146,1,
1536360759886464336,Bright City Hideaway,127306659,1462933341172570743,Michael,Kreis 6,Unterstrass,47.39741,8.54041,Entire home/apt,0,1,16,2026-06-22,2.11,8,159,16,
1536887634736203501,The Penthouse - Exceptional 360° attic apartment,544112278,1536887636269005648,Nick,Kreis 4,Langstrasse,47.3795,8.5298,Entire home/apt,0,1,19,2026-06-25,3.17,1,4,19,
1537119640515815868,Nice room in Zurich,552161476,1470468235156737650,Yuri,Kreis 12,Hirzenbach,47.40517,8.5846,Private room,0,14,0,,,1,89,0,
1537145864992749850,Ruhige Design-Wohnung nahe Zürich City,64090375,1462765529645591883,Ilaria Laneve,Kreis 11,Seebach,47.43047,8.54266,Entire home/apt,0,14,0,,,1,339,0,
1537694270838046752,Basic Studio in Witikon district,1229459,1462516724433258317,Swissstay Apartments,Kreis 7,Witikon,47.361431,8.601128700000002,Entire home/apt,,2,5,2026-06-26,0.66,78,258,5,
1538376012522354830,"Spacious Enge Gem - Sihlcity, balcony, in-laundry",6829151,1462716327544058641,Alisa,Kreis 3,Alt-Wiedikon,47.359081437612,8.520406362059276,Entire home/apt,0,7,1,2026-04-04,0.34,3,364,1,
1538415015004741238,"Blueground | Hirslanden, view, nr Zürich Zoo",434204093,1468087162878373469,Blueground,Kreis 8,Weinegg,47.3531753,8.5776158,Entire home/apt,,30,0,,,185,0,0,
1538931937691010786,Cozy 2BR Apartment with Balcony in Zurich II,1229459,1462516724433258317,Swissstay Apartments,Kreis 9,Albisrieden,47.3726525,8.500988099999999,Entire home/apt,,2,3,2026-06-21,1.48,78,55,3,
1538936136760867115,Cozy 2BR Apartment with Balcony in Zurich III,1229459,1462516724433258317,Swissstay Apartments,Kreis 9,Albisrieden,47.3726525,8.500988099999999,Entire home/apt,,2,0,,,78,55,0,
1538938432348031314,Cozy 2BR Apartment with Balcony IV,1229459,1462516724433258317,Swissstay Apartments,Kreis 9,Albisrieden,47.3726525,8.500988099999999,Entire home/apt,0,2,0,,,78,55,0,
1539129718155020961,Perfect Short Stay Spot 1BR in Zurich II,1229459,1462516724433258317,Swissstay Apartments,Kreis 3,Sihlfeld,47.3772396,8.5094101,Entire home/apt,,2,33,2026-06-21,4.42,78,73,33,
1539129750879290081,Comfortable 1BR flat / great location - Baron 44,1314526,1462542542085520859,Giancarlo,Kreis 8,Seefeld,47.35436259999999,8.5575353,Entire home/apt,,2,1,2026-03-23,0.29,104,146,1,
1539277919645783247,Cozy BohoChalet in Central Zurich,39036904,1539277849011973826,Shelby,Kreis 3,Sihlfeld,47.37133,8.51962,Entire home/apt,,1,2,2025-12-28,0.29,1,0,2,
1539526491158175764,Döltschihalde Apartment Alpha Interim Homes Zürich,581481684,1470589690829239402,Interim Homes,Kreis 3,Friesenberg,47.36411,8.49661,Entire home/apt,,30,0,,,109,50,0,
1540256432277328485,Döltschihalde Beta Room 1 Interim Homes Zürich,581481684,1470589690829239402,Interim Homes,Kreis 3,Friesenberg,47.36356,8.49667,Private room,,30,2,2026-06-23,0.57,109,71,2,
1540271805471852519,Döltschihalde Beta Room 2 Interim Homes Zürich,581481684,1470589690829239402,Interim Homes,Kreis 3,Friesenberg,47.3648,8.49786,Private room,,30,0,,,109,20,0,
1540278949004690000,Döltschihalde Beta Room 3 Interim Homes Zürich,581481684,1470589690829239402,Interim Homes,Kreis 3,Friesenberg,47.36493,8.49769,Private room,,30,0,,,109,1,0,
1540282641668434624,Döltschihalde Beta Room 4 Interim Homes Zürich,581481684,1470589690829239402,Interim Homes,Kreis 3,Friesenberg,47.36412,8.49836,Private room,,30,0,,,109,19,0,
1540340503162772049,2 Zimmer Wohnung in Zürich City Wiedikon,257305956,1540340504018279249,Caroline,Kreis 3,Alt-Wiedikon,47.3653832,8.5161152,Entire home/apt,0,2,47,2026-06-11,5.85,1,10,47,
1540553325623354820,Penthouse Seefeld,51011722,1465791278760344639,Chiron,Kreis 8,Mühlebach,47.361909008684556,8.550932830189863,Entire home/apt,0,3,0,,,1,89,0,
1541032945974586929,Döltschihalde Beta Room 5 Interim Homes Zürich,581481684,1470589690829239402,Interim Homes,Kreis 3,Friesenberg,47.36429,8.49784,Private room,,30,0,,,109,90,0,
1541036242275804024,Döltschihalde Beta Room 6 Interim Homes Zürich,581481684,1470589690829239402,Interim Homes,Kreis 3,Friesenberg,47.36288,8.49624,Private room,,30,0,,,109,5,0,
1541170780863639548,"Neu: Schöne 2,5 Zimmer 5 Min Paradeplatz zu Fuss",13570663,1462586915939629182,Residence Services Apartments,Kreis 2,Enge,47.3672407,8.532866199999999,Entire home/apt,,2,1,2026-03-01,0.25,55,346,1,
1541200851099740209,"Prime Stay for Google, UBS & City",699342955,1470740518766925871,Aurther,Kreis 3,Alt-Wiedikon,47.3688,8.51836,Entire home/apt,,28,3,2026-03-04,0.41,1,0,3,
1541999572149487296,Pop Up - Stay3 Apartment 3min to Zurich HB,14673586,1462944194452055862,Raphael,Kreis 4,Langstrasse,47.37734971307105,8.533123173974445,Entire home/apt,0,3,0,,,4,19,0,
1542572165084392245,Rigistrasse Apartment Gamma Interim Homes Zürich,581481684,1470589690829239402,Interim Homes,Kreis 6,Oberstrass,47.38503,8.55002,Entire home/apt,0,2,1,2026-05-01,0.49,109,296,1,
1542655059976596527,"Blueground | Enge, terrace, nr Lake Zurich",434204093,1468087162878373469,Blueground,Kreis 2,Enge,47.3565822,8.524958,Entire home/apt,,30,0,,,185,274,0,
1542892372809035062,Stylish City Apartment in Zürich mit Sitzplatz,120590759,1462918754902892310,Smartroom.Ch GmbH,Kreis 6,Unterstrass,47.3880195,8.5381087,Entire home/apt,,5,0,,,2,289,0,
1544169479026160555,"Blueground | Sihlfeld, view, nr Lake Zurich",434204093,1468087162878373469,Blueground,Kreis 3,Sihlfeld,47.3755529,8.5142188,Entire home/apt,,30,0,,,185,178,0,
1544356289349935498,Center Studio 5-min from main station,222814543,1463212491051447039,Haoran,Kreis 1,Rathaus,47.3751,8.54536,Entire home/apt,0,1,31,2026-05-14,3.92,14,246,31,
1545545966289903090,1 room Appartement on „Golden Kuste“,220191292,1545114070165183466,Olesia,Kreis 8,Weinegg,47.35027,8.57679,Entire home/apt,0,3,0,,,1,365,0,
1545684774899601526,Cozy apartment 15 min from main Railway Station,92490786,1467118084484016181,Kristina,Kreis 3,Alt-Wiedikon,47.3659504,8.511711199999999,Entire home/apt,,2,6,2026-05-31,0.91,1,18,6,
1545833047166205068,"Modern Living, Luxe Studio Zurich-garage option",514094775,1545833047835921160,Tetiana,Kreis 11,Oerlikon,47.4091959,8.5381863,Entire home/apt,,1,14,2026-05-30,1.82,3,314,14,
1545943374950203164,"Modern Living, Luxe Apartment Zürich-garage option",514094775,1545833047835921160,Tetiana,Kreis 11,Oerlikon,47.40854153580852,8.538411379275027,Entire home/apt,,1,6,2026-05-23,1.00,3,312,6,
1546335537513183123,Level Suite / Gaming / Cinema / free parking,704502715,1487997851665465551,Carl Christian,Kreis 11,Seebach,47.4221713,8.545854,Entire home/apt,,1,45,2026-06-27,6.19,30,336,45,
1546479050174726067,Business Apartment 1 – Ideal für Longstay,727315309,1546479051009765279,Sarah,Kreis 4,Hard,47.38105,8.50718,Entire home/apt,0,2,0,,,4,343,0,
1546599217618770899,Spacious and bright flat,33850427,1546599218380155407,Benjamin,Kreis 9,Albisrieden,47.3823422,8.496338999999999,Entire home/apt,,3,0,,,1,0,0,
1547646887425783469,Zürich Home,8832547,1462788145267389089,Pankaj,Kreis 2,Enge,47.35650346523574,8.524566759208602,Entire home/apt,,30,0,,,1,0,0,
1547893296644297857,Bird Suite · Gemütliche Dachwohnung in Wipkingen,704502715,1487997851665465551,Carl Christian,Kreis 10,Wipkingen,47.3954873,8.527076,Entire home/apt,,1,32,2026-06-07,4.23,30,345,32,
1548540711679031132,Altstadt Penthouse mit privater Dachterrasse,50351131,1510754451834341130,Laura,Kreis 1,Hochschulen,47.37414,8.54781,Entire home/apt,,2,28,2026-06-24,3.82,1,180,28,
1550224790686204751,"4,5 Zimmer Stadtwohnung mitten drin und doch ruhig",328012568,1550224791356587465,Stefan,Kreis 4,Langstrasse,47.37399,8.52956,Entire home/apt,,1,1,2026-01-04,0.17,1,0,1,
1550760674988010101,Monat Zimmer Zürich Center,544455683,1470438411350107819,Zafer,Kreis 4,Langstrasse,47.37882621622313,8.528243245513183,Private room,0,1,1,2026-01-01,0.17,2,341,1,
1550922635604719241,Smart and quiet apartment in downtown Zurich,222433346,1469177491765289690,Thomas,Kreis 1,Hochschulen,47.37555,8.54555,Entire home/apt,0,2,22,2026-06-28,2.97,6,233,22,
1550926162077327983,Loft in downtown Zurich,222433346,1469177491765289690,Thomas,Kreis 1,Hochschulen,47.37579,8.54594,Entire home/apt,0,2,5,2026-06-28,3.26,6,291,5,
1551194155180011332,Döltschihalde Delta Room 1 &2 Interim Homes Zürich,581481684,1470589690829239402,Interim Homes,Kreis 3,Friesenberg,47.36242,8.49722,Private room,,30,0,,,109,5,0,
1551239533051536109,Döltschihalde Gamma Room 1 Interim Homes Zürich,581481684,1470589690829239402,Interim Homes,Kreis 3,Friesenberg,47.3633,8.4962,Private room,,30,0,,,109,10,0,
1551243002879967634,Döltschihalde Gamma Room 2 Interim Homes Zürich,581481684,1470589690829239402,Interim Homes,Kreis 3,Friesenberg,47.36282,8.49736,Private room,,30,0,,,109,10,0,
1551246627515586224,Döltschihalde Gamma Room 3 Interim Homes Zürich,581481684,1470589690829239402,Interim Homes,Kreis 3,Friesenberg,47.36322,8.49674,Private room,,30,0,,,109,19,0,
1551249523098767506,Döltschihalde Gamma Room 4 Interim Homes Zürich,581481684,1470589690829239402,Interim Homes,Kreis 3,Friesenberg,47.363187981318355,8.4991514712851,Private room,,30,0,,,109,129,0,
1552067909365964576,Hideaway Zurich North,724367594,1533463138160279636,Maria,Kreis 11,Oerlikon,47.4094768,8.545752499999999,Entire home/apt,0,1,49,2026-06-28,6.50,1,281,49,
1552191745479955220,Bright & Cozy 4.5-Apartment in Zurich Altstetten,86772365,1467044593297727486,Joao,Kreis 9,Altstetten,47.38846874459609,8.488145598135539,Private room,0,2,2,2026-06-28,1.54,1,87,2,
1554115872872033538,2-Zimmer Design-Apartment am Helvetiaplatz,247998142,1533491171722000561,Natália,Kreis 4,Langstrasse,47.37515,8.52405,Entire home/apt,,4,0,,,1,25,0,
1554881405248428703,Comfy Flat in Zurich,274968004,1469450647259055668,Nathalie,Kreis 5,Gewerbeschule,47.3859,8.5262,Entire home/apt,,3,0,,,1,39,0,
1555045963251926847,Helle Wohnung in Zürich Wipkingen,46639154,1465698590483637169,Serafine,Kreis 10,Wipkingen,47.39518868656001,8.532540776163106,Private room,,20,0,,,1,213,0,
1555216970598090255,Bright loft on the 19th floor,16948822,1555216971340187540,Nicolò,Kreis 11,Oerlikon,47.4109977,8.543925999999999,Entire home/apt,0,13,0,,,1,343,0,
1555478201008971582,Rigistrasse Apartment Delta Interim Homes Zürich,581481684,1470589690829239402,Interim Homes,Kreis 6,Oberstrass,47.3862,8.5507,Entire home/apt,,30,0,,,109,177,0,
1557136516135841072,Modern 2BR near lake - Flower 13,1314526,1462542542085520859,Giancarlo,Kreis 8,Seefeld,47.36033,8.55091,Entire home/apt,0,1,13,2026-06-14,1.96,104,16,13,
1557210267954900732,Exklusive 3-Zimmer-Altbauwohnung am Zürichberg,271466792,1469433298851087640,Artel,Kreis 7,Hottingen,47.37381846805871,8.566617674674093,Entire home/apt,,90,0,,,10,363,0,
1557330257449934777,Spacious and bright Loft in downtown Zurich,222433346,1469177491765289690,Thomas,Kreis 1,Hochschulen,47.37572,8.5455,Entire home/apt,0,1,14,2026-06-22,2.32,6,225,14,
1557338594991880486,Golden Harmony Apartment in Zurich Oerlikon,728268173,1557338595706703116,HomeFlax,Kreis 11,Oerlikon,47.4108914,8.5464902,Entire home/apt,0,3,5,2026-06-03,0.73,6,27,5,
1557858138419935265,Pulp Fiction Suite,704502715,1487997851665465551,Carl Christian,Kreis 11,Seebach,47.4222853,8.545639999999999,Entire home/apt,0,1,5,2026-05-05,1.23,30,355,5,
1557863591162572037,Stilvolle 3-Zimmer-Wohnung mit Seeblick und Balkon,271466792,1469433298851087640,Artel,Kreis 7,Hottingen,47.3723,8.56792,Entire home/apt,,30,0,,,10,363,0,
1558460969937954732,City Centre / Wifi / Queen Bed / Smart TV - CR 22,1314526,1462542542085520859,Giancarlo,Kreis 6,Unterstrass,47.3877601,8.538239899999999,Entire home/apt,0,2,11,2026-06-07,2.64,104,24,11,
1558494543553712306,vacation,722031999,1558494544159303140,Yuqi,Kreis 12,Hirzenbach,47.40249,8.57987,Private room,,7,0,,,1,0,0,
1558642032815790158,Business Apartment 2 – Ideal für Longstay,727315309,1546479051009765279,Sarah,Kreis 4,Hard,47.38081,8.50678,Entire home/apt,0,2,1,2026-06-17,1,4,341,1,
1558654400352680337,Business Apartment 4 – Ideal für Longstay,727315309,1546479051009765279,Sarah,Kreis 4,Hard,47.37966,8.50801,Entire home/apt,0,1,0,,,4,335,0,
1559510039135964499,Best Location in Zurich – Langstrasse Nightlife,728387451,1559510039781581705,Cristian,Kreis 4,Langstrasse,47.3800534,8.527756499999999,Private room,0,2,7,2026-06-16,1.16,1,299,7,
1561618121756819878,Bright Loft by Irchel Park,282325362,1529328320546746372,Carlos Mario,Kreis 6,Unterstrass,47.4011,8.54223,Entire home/apt,0,12,0,,,1,211,0,
1562190523636334225,Helles Loft-City-Zimmer mit Alpenblick -Altstetten,57977961,1483339227394604599,Matt,Kreis 9,Altstetten,47.39043,8.49203,Private room,0,5,2,2026-06-20,0.33,1,59,2,
1562314858864235358,•Urban•Rooftop•Lux•Chalet•TopLocation,705887987,1469498929382545437,Tamara Jugovic/Radonjic,Kreis 4,Langstrasse,47.37432405099987,8.521937616169453,Entire home/apt,0,1,60,2026-06-17,9.38,2,43,60,
1562382615928455753,STAYY Nº7 Suites & Studios workation -accessible,38886244,1465581013407015882,Patrick,Kreis 3,Alt-Wiedikon,47.36625360000001,8.5200486,Entire home/apt,0,2,4,2026-05-24,0.60,5,342,4,
1562419982948384154,STAYY Nº7 Suites & Studios - Family Apartment,38886244,1465581013407015882,Patrick,Kreis 3,Alt-Wiedikon,47.36625360000001,8.5200486,Entire home/apt,,3,9,2026-06-13,1.39,5,348,9,
1562952545122820259,The line Apartment in Zurich Oerlikon,728268173,1557338595706703116,HomeFlax,Kreis 11,Oerlikon,47.4108914,8.5464902,Entire home/apt,,3,1,2026-03-16,0.28,6,2,1,
1562955531269950320,Leaf Apartment in Zurich Oerlikon,728268173,1557338595706703116,HomeFlax,Kreis 11,Oerlikon,47.41177,8.54548,Entire home/apt,0,3,0,,,6,25,0,
1562957882059294811,Pure living Apartment in Zürich Oerlikon,728268173,1557338595706703116,HomeFlax,Kreis 11,Oerlikon,47.4108914,8.5464902,Entire home/apt,0,3,2,2026-05-17,0.80,6,24,2,
1562980237912167081,Zurich Premium Stay the gran pierce apartment,13770499,1462587701265442265,Martin,Kreis 7,Fluntern,47.37876,8.55991,Entire home/apt,0,2,0,,,6,144,0,
1562988382233870792,Cozy 1BR in city center - Color 31,1314526,1462542542085520859,Giancarlo,Kreis 6,Unterstrass,47.3796998,8.543797,Entire home/apt,,2,17,2026-06-11,2.39,104,0,17,
1563098677460078537,STAYY Nº7 Suites & Studios -Self Check-in Solo,38886244,1465581013407015882,Patrick,Kreis 3,Alt-Wiedikon,47.36625360000001,8.5200486,Entire home/apt,,2,11,2026-06-19,2.82,5,362,11,
1563857127929564295,flat near the lake of Zürich & opera-golden coast,51595193,1465807826135407347,Habi,Kreis 8,Mühlebach,47.35601,8.55761,Entire home/apt,0,3,0,,,2,179,0,
1563888289039526379,Room near the lake of Zürich / Opera,51595193,1465807826135407347,Habi,Kreis 8,Mühlebach,47.35735947005095,8.557531550507504,Private room,0,3,0,,,2,179,0,
1564341673678082238,Exklusive 160 m2 Panorama-Wohnung an Toplage!,157532043,1564341674396119092,Sandro,Kreis 5,Escher Wyss,47.3912199,8.519733300000002,Entire home/apt,,2,0,,,1,0,0,
1564404215223218288,Premium studio in city center - Color 3,1314526,1462542542085520859,Giancarlo,Kreis 6,Unterstrass,47.3796998,8.543797,Entire home/apt,0,2,20,2026-05-27,2.90,104,19,20,
1564452957290374313,Exclusive studio near city center - Color 4,1314526,1462542542085520859,Giancarlo,Kreis 6,Unterstrass,47.3796998,8.543797,Entire home/apt,0,2,8,2026-06-05,1.18,104,22,8,
1564588899815033737,Jolly Haven Zurich Studio,679556332,1463934762466506427,Jaybee,Kreis 3,Alt-Wiedikon,47.36632,8.51974,Entire home/apt,,1,35,2026-06-21,5.07,17,334,35,
1564732847327016893,Cozy apartment in the heart of Zürich,35530050,1564732848011072324,Alexandru,Kreis 3,Friesenberg,47.36680567673162,8.507027070006567,Entire home/apt,,20,1,2026-01-02,0.17,1,102,1,
1564761898835430249,"Blueground | Seefeld, balcony, nr Lake Zurich",434204093,1468087162878373469,Blueground,Kreis 8,Seefeld,47.3548503,8.5560499,Entire home/apt,,30,0,,,185,245,0,
1565966801152240762,Appartement moderne avec vue imprenable,540168358,1470421176726319898,Salim,Kreis 11,Oerlikon,47.41062,8.54439,Entire home/apt,,3,0,,,1,0,0,
1566707225756263285,Plain & Practical – Zurich Apartment II,1229459,1462516724433258317,Swissstay Apartments,Kreis 9,Albisrieden,47.3728016,8.5016436,Entire home/apt,0,2,0,,,78,51,0,
1567299274227450336,Fine studio apartment in Zurich,28099090,1465415221672905876,Kaltrina,Kreis 8,Mühlebach,47.35849,8.55396,Entire home/apt,0,1,2,2026-05-24,1.28,1,319,2,
1567360981422273349,cozy & creative villa above Zurich,725345652,1567360982197234566,Ariane,Kreis 7,Fluntern,47.3825401,8.5635769,Private room,,2,0,,,1,180,0,
1567375051040232054,Keep Calm & Stay Cozy Studio,679556332,1463934762466506427,Jaybee,Kreis 3,Alt-Wiedikon,47.3676,8.51992,Entire home/apt,,1,27,2026-06-22,3.91,17,331,27,
1567407636762053934,Zurich Essentials Simple 1BR Apartment II,1229459,1462516724433258317,Swissstay Apartments,Kreis 3,Sihlfeld,47.37723750000001,8.5093439,Entire home/apt,,1,1,2026-03-01,0.25,78,79,1,
1567823332299074290,Klosbachstrasse Beta Room 5 Interim Homes Zürich,581481684,1470589690829239402,Interim Homes,Kreis 7,Hottingen,47.36491,8.55643,Private room,,30,1,2026-03-29,0.32,109,88,1,
1567829131623934094,Klosbachstrasse Beta Room 6 Interim Homes Zürich,581481684,1470589690829239402,Interim Homes,Kreis 7,Hottingen,47.36477,8.55623,Private room,,30,0,,,109,31,0,
1567936135336042199,Klosbachstrasse Beta Room 7 Interim Homes Zürich,581481684,1470589690829239402,Interim Homes,Kreis 7,Hottingen,47.3649,8.55478,Private room,,30,0,,,109,25,0,
1567940410890787024,Klosbachstrasse Beta Room 8 Interim Homes Zürich,581481684,1470589690829239402,Interim Homes,Kreis 8,Weinegg,47.36444,8.55486,Private room,,30,0,,,109,117,0,
1568174820020847955,"New City Center Apt, with Private Entry & Parking",585688978,1463891258827574165,Arye,Kreis 3,Sihlfeld,47.370508275409165,8.515822063142048,Entire home/apt,,2,12,2026-06-02,1.82,12,62,12,
1568299179431343419,Nest Suite · 1 King-Bett | Nähe Zürich Hbf,704502715,1487997851665465551,Carl Christian,Kreis 6,Unterstrass,47.3871867,8.5385932,Entire home/apt,,1,33,2026-06-21,5.21,30,355,33,
1569390461622735452,Luxury 1BR in the city center - Color 5,1314526,1462542542085520859,Giancarlo,Kreis 6,Unterstrass,47.3796998,8.543797,Entire home/apt,0,1,21,2026-06-16,3.07,104,13,21,
1569451687113487961,Zurich Style. One Bedroom. All Yours II,1229459,1462516724433258317,Swissstay Apartments,Kreis 3,Sihlfeld,47.3773148,8.5094379,Entire home/apt,,1,6,2026-05-26,1.82,78,75,6,
1569527622634723041,Business Apartment 3 – Ideal für Longstay,727315309,1546479051009765279,Sarah,Kreis 4,Hard,47.38004,8.50707,Entire home/apt,0,2,0,,,4,361,0,
1569581454327237879,"Blueground | Enge, terrace, nr Lake Zurich",434204093,1468087162878373469,Blueground,Kreis 2,Enge,47.3537732,8.5272021,Entire home/apt,,30,0,,,185,350,0,
1570300688394254145,Old Town Diamond Penthouse | AC | Private Rooftop,520530873,1470342225725989717,Nora,Kreis 1,Rathaus,47.37246622419651,8.541951820342927,Entire home/apt,0,1,36,2026-06-20,5.68,21,283,36,
1570344070793850387,helles Zimmer (zentral + Nähe Natur),7244300,1462727004847075315,Claudia,Kreis 3,Alt-Wiedikon,47.36857431455339,8.50875603572214,Private room,0,4,10,2026-06-01,2.91,1,15,10,
1570416084807024210,Appartement centre Zurich,543424229,1570416085376150742,Timothée,Kreis 3,Alt-Wiedikon,47.37028,8.5182,Entire home/apt,0,2,0,,,1,264,0,
1571196642949628391,Wohnen mit Seeblick,732939378,1571196643614104224,Jasmine,Kreis 7,Fluntern,47.38182767081048,8.557806662565607,Entire home/apt,,30,0,,,1,148,0,
1571545246277499976,Stilvolles Apartment im Zürcher Trendquartier,481508453,1463804539742695110,Dragesa,Kreis 3,Sihlfeld,47.3710181,8.5162696,Entire home/apt,,2,17,2026-06-17,2.59,5,245,17,
1571697133107659952,Modern Apartment in Zürich with a Great View!,47372633,1462706440872653006,Jakub,Kreis 9,Altstetten,47.3972189,8.4836237,Entire home/apt,,2,7,2026-06-30,1.15,1,1,7,
1572409658088822449,No-Frills 2BR Stay – Great Location II,1229459,1462516724433258317,Swissstay Apartments,Kreis 9,Albisrieden,47.37251490000001,8.5013667,Entire home/apt,,2,2,2026-06-01,1.67,78,42,2,
1572479532721425082,"Blueground | Sihlfeld, washer/dryer, nr Zürich HB",434204093,1468087162878373469,Blueground,Kreis 3,Sihlfeld,47.3732729,8.5145304,Entire home/apt,,30,0,,,185,365,0,
1572517366107666791,"Quiet, central, clean room, non-smoker, no pets",733246032,1572517366830446930,Ali,Kreis 10,Höngg,47.4032523,8.4982432,Private room,,1,0,,,1,362,0,
1572734535791835179,"Blueground | Enge, view, nr Lake Zürich",434204093,1468087162878373469,Blueground,Kreis 2,Enge,47.3547337,8.5254019,Entire home/apt,0,4,0,,,185,114,0,
1573089697749977115,Zimmer im Dachgeschoss an ruhiger Lage,733373704,1573089698476027760,Marcel,Kreis 9,Albisrieden,47.37918,8.48213,Private room,0,1,1,2026-06-16,1,2,365,1,
1573089820517957410,Zimmer im Dachgeschoss an ruhiger Lage,733373704,1573089698476027760,Marcel,Kreis 9,Albisrieden,47.3791838,8.4821309,Private room,1,1,3,2026-05-31,2.00,2,364,3,
1574039251357004133,Cute and functional apartment in Zurich,144052805,1468418657199422646,Lisa,Kreis 3,Alt-Wiedikon,47.36014581786437,8.517279355169332,Entire home/apt,,5,0,,,1,0,0,
1574082238742177875,Plain & Practical – Zurich Apartment II,1229459,1462516724433258317,Swissstay Apartments,Kreis 9,Albisrieden,47.37379,8.50049,Entire home/apt,,2,1,2026-06-27,1,78,57,1,
1575252112013848513,Xmas and New year Jewel in the heart of Zurich.,84146735,1467017176273502058,Pierre,Kreis 7,Hottingen,47.37062993554971,8.552235728246512,Entire home/apt,,2,0,,,1,364,0,
1575310896154516643,Zentrale Wohnung in Zürich-West mit Dachterrasse,138692629,1575310897369283444,Igor,Kreis 5,Escher Wyss,47.39374919999999,8.5123229,Entire home/apt,0,2,3,2026-05-26,1.05,1,364,3,
1576904299401063358,Charming Zürich Höngg Flat -Perfectly Located,15786495,1462970662980051209,Angelina,Kreis 10,Höngg,47.40282,8.49545,Entire home/apt,0,2,0,,,1,329,0,
1577515525030825042,Top-Floor City Flat | Sunrise & Sunset Views,15902723,1462973446151462835,Sylwina,Kreis 9,Albisrieden,47.38016234767221,8.493653755590316,Entire home/apt,0,3,5,2026-05-29,1.49,1,264,5,
1578881029191236214,City Centre / Queen Bed / Wifi / Smart TV - CR 11,1314526,1462542542085520859,Giancarlo,Kreis 6,Unterstrass,47.3877601,8.538239899999999,Entire home/apt,0,2,11,2026-05-31,2.00,104,55,11,
1578885305644457758,Smart TV / Wifi / Queen Bed / City Centre - CR 16,1314526,1462542542085520859,Giancarlo,Kreis 6,Unterstrass,47.3877601,8.538239899999999,Entire home/apt,0,2,15,2026-06-03,2.63,104,11,15,
1578887325227717634,Queen Bed / City Centre / Smart TV / Wifi - CR 21,1314526,1462542542085520859,Giancarlo,Kreis 6,Unterstrass,47.388633477746566,8.539016454591103,Entire home/apt,0,2,16,2026-06-14,3.33,104,24,16,
1578890948696526142,Wifi / Queen Bed / City Centre / Smart TV - CR 23,1314526,1462542542085520859,Giancarlo,Kreis 6,Unterstrass,47.3877601,8.538239899999999,Entire home/apt,0,2,11,2026-06-20,2.08,104,13,11,
1578893915139431131,City Centre / Smart TV / Queen Bed / Wifi - CR 31,1314526,1462542542085520859,Giancarlo,Kreis 6,Unterstrass,47.3877601,8.538239899999999,Entire home/apt,0,2,17,2026-05-24,3.02,104,24,17,
1578895491149801934,Smart TV / City Centre / Wifi / Queen Bed - CR 32,1314526,1462542542085520859,Giancarlo,Kreis 6,Unterstrass,47.3877601,8.538239899999999,Entire home/apt,0,2,8,2026-06-13,1.67,104,21,8,
1578896859516681182,Wifi / Smart TV / City Centre / Queen Bed - CR 33,1314526,1462542542085520859,Giancarlo,Kreis 6,Unterstrass,47.3877601,8.538239899999999,Entire home/apt,0,2,33,2026-06-16,5.96,104,18,33,
1578898127565020354,Queen Bed / Smart TV / City Centre / Wifi - CR 41,1314526,1462542542085520859,Giancarlo,Kreis 6,Unterstrass,47.3877601,8.538239899999999,Entire home/apt,0,2,15,2026-04-22,3.02,104,18,15,
1578899492645933962,City Centre / Wifi / Smart TV / Queen Bed - CR 46,1314526,1462542542085520859,Giancarlo,Kreis 6,Unterstrass,47.3877601,8.538239899999999,Entire home/apt,0,2,3,2026-06-14,0.60,104,11,3,
1578914403498392416,Spacious City Apartment | Sihlcity | Free Parking,585688978,1463891258827574165,Arye,Kreis 3,Alt-Wiedikon,47.35926289293834,8.520650196476058,Entire home/apt,0,2,11,2026-05-31,1.83,12,73,11,
1578990097013733111,Cozy Old Town Flat,24576088,1465306966105068131,Phil,Kreis 1,Rathaus,47.37600034990856,8.544405475258827,Entire home/apt,0,1,74,2026-06-26,11.68,1,64,74,
1579168447635823369,4 Room Apartment with Pool in Zurich Oerlikon,734758776,1579168448368563137,Valeria,Kreis 12,Saatlen,47.4076,8.56129,Entire home/apt,0,2,0,,,1,365,0,
1579573888544193706,Spacious Central Studio with kitchen - quick reply,67629791,1466835599874305571,Wail,Kreis 3,Sihlfeld,47.368043667853414,8.522592846679217,Entire home/apt,0,2,17,2026-06-28,2.83,1,27,17,
1579671234159360065,"Stielvolle 3,5 Zi Wohnung im Kreis 3 für 1 Monat",312511555,1579671234842755831,Adrian,Kreis 3,Alt-Wiedikon,47.36943,8.51197,Entire home/apt,0,20,0,,,1,358,0,
1579715074173993100,Zurich Style. One Bedroom. All Yours III,1229459,1462516724433258317,Swissstay Apartments,Kreis 3,Sihlfeld,47.3773148,8.5094379,Entire home/apt,0,1,0,,,78,80,0,
1579832828846752000,"Studio Apartment Superior, Zeughausstrasse",17484617,1463011174324430050,Cristiana,Kreis 4,Langstrasse,47.3747706,8.5316226,Entire home/apt,0,3,0,,,23,111,0,
1579837193654099245,"Studio Apartment Suite, Zeughausstrasse",17484617,1463011174324430050,Cristiana,Kreis 4,Langstrasse,47.37597,8.53128,Entire home/apt,,3,1,2026-06-01,1,23,87,1,
1579840489287241476,"2-Zimmer Apartment, Zeughausstrasse",17484617,1463011174324430050,Cristiana,Kreis 4,Langstrasse,47.3747706,8.5316226,Entire home/apt,0,3,0,,,23,113,0,
1579844118984126397,"2-Zimmer Apartment Suite, Zeughausstrasse",17484617,1463011174324430050,Cristiana,Kreis 4,Langstrasse,47.3747706,8.5316226,Entire home/apt,0,2,0,,,23,23,0,
1579846778752100597,"2-Zimmer Penthouse Apartment, Zeughausstrasse",17484617,1463011174324430050,Cristiana,Kreis 4,Langstrasse,47.3747706,8.5316226,Entire home/apt,0,3,0,,,23,20,0,
1580324370908787286,Sunny furnished apartment in prime Zürich location,4819737,1462666092534209022,Tyler,Kreis 6,Oberstrass,47.38177,8.54884,Entire home/apt,,58,0,,,1,183,0,
1580668821455797863,Beautiful room in city centre,731432119,1564471568258455141,Hamza,Kreis 4,Langstrasse,47.38272,8.52565,Private room,1,1,16,2026-06-10,3.06,4,155,16,
1581405173009924651,Charming 2.5 room apartment in the Zurich center,148654401,1462980855905190932,Toni,Kreis 7,Hottingen,47.36578,8.5651,Entire home/apt,,4,0,,,1,0,0,
1581747911045415775,Studio “Uetliberg”,172789653,1550912274809534976,Anna,Kreis 3,Alt-Wiedikon,47.36331,8.51732,Entire home/apt,,2,0,,,1,0,0,
1581770035328139371,Central City Flat,12817281,1581770036002587097,Miro,Kreis 10,Wipkingen,47.3968696,8.519495,Entire home/apt,,3,0,,,1,362,0,
1581987706636557480,"Bright, cozy & central home",21750,1462506952670320129,Leila,Kreis 3,Sihlfeld,47.37109,8.50343,Entire home/apt,0,3,5,2026-05-03,0.83,3,11,5,
1582566072447523668,Luxury Stylish Penthouse Above Lake Zurich,2770598,1462526196790886106,Moriya Rockman,Kreis 2,Wollishofen,47.336628836729496,8.539554323141392,Entire home/apt,0,7,0,,,1,365,0,
1583210484519642938,Zentrale Altbau Wohnung an ruhiger Lage,322986389,1469612691032953936,Urban,Kreis 7,Fluntern,47.37403,8.5563,Entire home/apt,,14,1,2026-03-28,0.32,1,136,1,
1586954233330322499,Luxus Duplex in a good green area near the center.,39326744,1465587167826717849,Alexandra,Kreis 8,Weinegg,47.35182,8.56898,Entire home/apt,,4,0,,,5,21,0,
1587099734583815398,Kleine Oase Nähe Zentrum,736739111,1587099735345294278,Werner,Kreis 6,Oberstrass,47.39029,8.54713,Private room,0,2,13,2026-06-20,5.20,1,125,13,
1588261958779967051,Cozy 1BR Apartment with Balcony in Zurich V,1229459,1462516724433258317,Swissstay Apartments,Kreis 9,Albisrieden,47.3726525,8.500988099999999,Entire home/apt,,2,2,2026-05-25,0.65,78,61,2,
1588954588621998996,Light filled apartment with Zurich views Lim 12,123896618,1462925790593676974,Sharedlock,Kreis 10,Höngg,47.4034413,8.4853386,Entire home/apt,,1,0,,,8,207,0,
1590690338292147038,Cosy apartment in the heart of Zurich,66763260,1466824812240976005,Michele,Kreis 3,Sihlfeld,47.36933,8.52223,Entire home/apt,0,2,0,,,1,38,0,
1591308609859473382,Spacious & Bright Apartment in Trendy Neighborhood,65105448,1591308610774257614,Tess,Kreis 3,Sihlfeld,47.37184,8.51921,Entire home/apt,0,1,2,2026-05-25,0.73,1,37,2,
1592121947065774656,Neu adaptierte Luxus Wohnung in Top Lage,518698980,1470333887240093048,Peter,Kreis 6,Unterstrass,47.3893785,8.5376858,Entire home/apt,,7,2,2026-06-20,0.59,1,318,2,
1592315350433821340,Sehr Zentral in Zürich Kreis 6,738271319,1592315351195170562,John,Kreis 6,Unterstrass,47.395948580491485,8.54221410090853,Private room,1,1,0,,,1,180,0,
1592649297734303278,Cozy Living in Zurich Made Easy II,1229459,1462516724433258317,Swissstay Apartments,Kreis 9,Albisrieden,47.37342959999999,8.5013382,Entire home/apt,,2,0,,,78,55,0,
1592661074345936929,Plain & Practical – Zurich Apartment IV,1229459,1462516724433258317,Swissstay Apartments,Kreis 9,Albisrieden,47.3728016,8.5016436,Entire home/apt,,2,2,2026-06-25,2,78,43,2,
1592678371876637979,Design apartment in the heart of Zurich,137079901,1462955456771062894,Michelle Sara,Kreis 4,Langstrasse,47.37715,8.51969,Entire home/apt,,2,1,2026-06-01,1,1,364,1,
1592804000210206956,Schöne 5 Zimmerwohnung in Zürich-Oerlikon,99319516,1467194053591965843,Cécile,Kreis 11,Oerlikon,47.40488,8.55216,Entire home/apt,,14,0,,,1,0,0,
1593067907618187205,Cozy flat in the center of Zurich,166171643,1593060635010881742,Pascal,Kreis 5,Gewerbeschule,47.382691782184,8.532014390381004,Entire home/apt,0,12,0,,,1,167,0,
1593515263731627238,Cozy 4-Room Apartment (2BR) Close to HB & River,13482803,1585471940764965624,Oisin,Kreis 6,Unterstrass,47.39023,8.5382,Entire home/apt,,60,1,2026-05-02,0.48,1,177,1,
1593762202151357362,Lively Zürich Studio Haven,679556332,1463934762466506427,Jaybee,Kreis 3,Alt-Wiedikon,47.36811,8.51939,Entire home/apt,,1,12,2026-06-26,2.31,17,322,12,
1594856920650329447,"Blueground | Unterstrass, balcony, nr ETH Zurich",434204093,1468087162878373469,Blueground,Kreis 6,Unterstrass,47.391157,8.5383009,Entire home/apt,,30,0,,,185,147,0,
1595561813147837016,Beautiful room in city centre Zürich,731432119,1564471568258455141,Hamza,Kreis 5,Gewerbeschule,47.38485,8.527,Private room,0,1,33,2026-06-25,5.93,4,155,33,
1595571107078079424,Room Center city Zurich,731432119,1564471568258455141,Hamza,Kreis 5,Gewerbeschule,47.38433,8.52568,Private room,1,1,36,2026-06-28,6.35,4,127,36,
1595694518269262048,Modern and stylish central Zurich flat,575796494,1595694518948313941,Zachary Eli,Kreis 2,Enge,47.36136,8.52688,Entire home/apt,,1,0,,,1,0,0,
1596431186192859102,Bright Minimalist Getaway,160182551,1468558282137366314,Rosi,Kreis 11,Seebach,47.43087,8.54317,Entire home/apt,,2,1,2026-05-09,0.57,2,0,1,
1596569664253791813,Comfortable 2 room apartment,559827840,1596569664991187770,Olena,Kreis 10,Höngg,47.40624092505409,8.489321283996105,Entire home/apt,0,20,0,,,1,268,0,
1596978403974550588,Airy Apartment Near Uetliberg Nature,585688978,1463891258827574165,Arye,Kreis 2,Enge,47.36492099555802,8.523376562261028,Entire home/apt,,2,3,2026-05-24,1.36,12,289,3,
1597030946641601695,"Helles, gemütliches Studio in zentraler Lage",739685642,1597030947323459559,Tina,Kreis 4,Langstrasse,47.3795,8.53633,Entire home/apt,,10,0,,,1,26,0,
1597099565807355782,Wifi / Smart TV / City Centre / Queen Bed - CR 18,1314526,1462542542085520859,Giancarlo,Kreis 6,Unterstrass,47.38776,8.53824,Entire home/apt,0,2,22,2026-06-16,4.49,104,40,22,
1597142201242981460,Big studio with balcony - Sun 14,23561865,1465274926504678242,Dimiter,Kreis 6,Unterstrass,47.382547,8.5442462,Entire home/apt,0,2,13,2026-06-17,3.02,145,17,13,
1597849196127733479,Modern Comfort Studio Hub with Balcony Bliss,679556332,1463934762466506427,Jaybee,Kreis 3,Alt-Wiedikon,47.36785,8.51979,Entire home/apt,,1,25,2026-06-23,4.78,17,327,25,
1598383794738376603,"Loft im Herzen von Zürich! Balkon, hell, top Lage",25859197,1598383795412512148,Karenin,Kreis 4,Langstrasse,47.3807241,8.5267139,Entire home/apt,0,3,3,2026-04-22,0.66,1,282,3,
1600538793438501435,Wohnung direkt an der Limmat,9742297,1600538794035722007,Alice,Kreis 10,Wipkingen,47.39061,8.527,Entire home/apt,0,3,1,2026-04-16,0.39,1,77,1,
1600547893222787471,Single Room with Private Bathroom,42184262,1465627470545063243,Kosta,Kreis 10,Höngg,47.40177,8.49955,Private room,0,7,8,2026-06-25,1.69,1,21,8,
1601523723212996484,2-bed apt • Balcony + grill • 3min to Oerlikon,741014533,1601523723849098652,Rosangela,Kreis 11,Seebach,47.42057,8.55149,Entire home/apt,0,2,0,,,3,364,0,
1601613438196886596,Cozy apartment in Zürich Wiedikon,524897069,1470361199598171073,Hanna Izabella,Kreis 3,Alt-Wiedikon,47.36834,8.50906,Entire home/apt,0,2,7,2026-06-22,1.52,1,6,7,
1602303668943894995,Stylish and Cozy Studio in Zurich - central,855001,1462531406306372998,Eduardo,Kreis 9,Albisrieden,47.38058,8.49561,Entire home/apt,0,1,11,2026-06-13,2.31,1,31,11,
1602789484612661989,Erika's apartment,689661549,1602789485171002271,Erika,Kreis 11,Oerlikon,47.41115,8.52837,Entire home/apt,,3,2,2026-06-21,1.25,1,1,2,
1602802630062379652,City Comfort 2 BR Apartment II,1229459,1462516724433258317,Swissstay Apartments,Kreis 9,Albisrieden,47.3730434,8.5011513,Entire home/apt,,1,4,2026-03-29,0.75,78,0,4,
1602949439864712803,3 Zimmer Wohnung in der Stadt Zürich,402065193,1602949440622725830,Alyssa,Kreis 11,Oerlikon,47.411314697532944,8.54544885456562,Entire home/apt,1,1,0,,,1,100,0,
1602959869684504563,Apartment in Zürich,38244330,1602959870447487133,Ayelén,Kreis 11,Seebach,47.42292781915441,8.535762045660947,Entire home/apt,,1,0,,,1,174,0,
1603042062442949927,Bijoux Maisonettewohnung im Seefeld - sehr zentral,23556610,1603042063229320113,Gianni,Kreis 8,Seefeld,47.35319136580094,8.558524623513222,Entire home/apt,0,1,0,,,1,354,0,
1603479607559744670,Studio in Oerlikon,111978454,1603478661620602649,João Pedro,Kreis 12,Saatlen,47.4101,8.5692,Entire home/apt,,6,2,2026-05-31,1.28,1,0,2,
1603646800267113506,Super Central · Quiet & Cozy Flat Hal 12,123896618,1462925790593676974,Sharedlock,Kreis 6,Oberstrass,47.3809715,8.5495363,Entire home/apt,,1,12,2026-06-06,2.93,8,46,12,
1604905605443091772,TheJewelleryBoxOldTownGemWithWaterViewBalcony,520530873,1470342225725989717,Nora,Kreis 1,Rathaus,47.37606,8.54292,Entire home/apt,0,1,38,2026-06-22,8.03,21,237,38,
1604963096906994436,TheJewelleryBoxOldTownRetreatByTheRiver,520530873,1470342225725989717,Nora,Kreis 1,Rathaus,47.37571585424355,8.542837614936053,Entire home/apt,0,1,48,2026-06-27,10.00,21,282,48,
1605030392464140887,TheJewelleryBoxOldTownCentralHideawayByTheRiver,520530873,1470342225725989717,Nora,Kreis 1,Rathaus,47.375982260279535,8.543039518893556,Entire home/apt,0,1,26,2026-06-24,5.31,21,339,26,
1605086832678967516,"Blueground | Wollishofen, terrace, nr Lake Zürich",434204093,1468087162878373469,Blueground,Kreis 2,Wollishofen,47.3383398,8.520264899999999,Entire home/apt,,30,0,,,185,334,0,
1605110029898332985,Cozy 2 Bedroom Apartment on Brahmstrasse in Zürich,1229459,1462516724433258317,Swissstay Apartments,Kreis 3,Sihlfeld,47.3785581,8.508257799999999,Entire home/apt,,1,4,2026-05-28,1.35,78,224,4,
1605303319407485160,Das Viktoria Hostel Zürich,293156053,1463399556080231137,Lena,Kreis 10,Höngg,47.3998552,8.5012558,Private room,0,1,1,2026-05-25,0.81,3,365,1,
1605723466753486857,Viktoria Hostel Bett,293156053,1463399556080231137,Lena,Kreis 10,Höngg,47.4000440145547,8.50145964788513,Shared room,1,1,5,2026-04-06,1.05,3,365,5,
1608001338040401152,Room in city Zurich,731432119,1564471568258455141,Hamza,Kreis 5,Gewerbeschule,47.38342,8.52709,Private room,,2,0,,,4,0,0,
1608883738187722814,Room in Alstetten,388282279,1463586963135657435,Wi,Kreis 9,Altstetten,47.39507,8.48718,Private room,,1,0,,,2,0,0,
1608889870419576994,"Detached house - central, 4 bdrs, garden, parking",1746873,1462577364804295866,Frank,Kreis 9,Albisrieden,47.37286,8.48715,Entire home/apt,,2,7,2026-06-15,1.76,30,86,7,
1608891216982480062,City Center / Brunau - cozy studio apartment,1746873,1462577364804295866,Frank,Kreis 3,Alt-Wiedikon,47.35806,8.51963,Entire home/apt,,2,11,2026-06-23,2.54,30,124,11,
1609444489489443459,"Mi Casa, Su Casa - Oase in Höngg",499341204,1609444490224638947,Luiza,Kreis 10,Höngg,47.4077664,8.4854473,Private room,0,2,2,2026-04-26,0.64,1,347,2,
1610845155755829806,penthouse beautiful view over zurich,43420353,1462693726637392520,Kilian,Kreis 7,Witikon,47.35937943429627,8.59993337522245,Entire home/apt,,1,0,,,2,365,0,
1610957917317428485,"Bright flat near Uetliberg paths, easy train to HB",10484699,1462841884573960365,Andrew,Kreis 3,Friesenberg,47.36404,8.49716,Entire home/apt,,15,0,,,2,365,0,
1611025690612112277,Double room • 1.4km to Oerlikon • Pet-friendly,741014533,1601523723849098652,Rosangela,Kreis 11,Seebach,47.41964,8.55238,Private room,,1,0,,,3,318,0,
1611046034711798975,Single room • 1.4km to Oerlikon • Fast Wi-Fi,741014533,1601523723849098652,Rosangela,Kreis 11,Seebach,47.42007,8.55244,Private room,,1,1,2026-05-31,1,3,318,1,
1612110143594329714,City + Nature: Large 4BR+ Home w/ Rooftop Terrace,268841251,1612110144267212452,Jan,Kreis 9,Albisrieden,47.36994129588931,8.484818645093686,Entire home/apt,0,2,6,2026-06-27,2.47,1,55,6,
1612121956948003901,Josefstrasse Room 8 Interim Homes Zürich,581481684,1470589690829239402,Interim Homes,Kreis 4,Langstrasse,47.38048,8.53269,Private room,,30,0,,,109,0,0,
1612149894078690935,Doppel Bett Studio mit Küche,743891660,1612149894826636197,Dhurba Prasad,Kreis 4,Langstrasse,47.37783036505569,8.52683634465793,Private room,0,10,0,,,4,88,0,
1612175621187217657,Dreibett Studio mit Küche,743891660,1612149894826636197,Dhurba Prasad,Kreis 4,Langstrasse,47.377928278454256,8.527120205360124,Private room,0,10,0,,,4,362,0,
1612218165749499755,Budget Double Room with Shared Bathroom,743391754,1610215083495644644,Sigma Self Check In Hostel,Kreis 7,Hottingen,47.3731155,8.5626959,Private room,0,1,7,2026-06-24,2.10,3,62,7,
1612219280148635324,Spacious Double Room with Shared Bathroom,743391754,1610215083495644644,Sigma Self Check In Hostel,Kreis 7,Hottingen,47.37312,8.5627,Private room,0,1,18,2026-06-25,4.95,3,61,18,
1612219647687615245,Vierbett Studio mit Küche,743891660,1612149894826636197,Dhurba Prasad,Kreis 4,Langstrasse,47.37783524688477,8.52696680468139,Private room,0,10,0,,,4,149,0,
1612226661846296935,Einzelzimmer Studio mit Küche,743891660,1612149894826636197,Dhurba Prasad,Kreis 4,Langstrasse,47.37664860933896,8.528566711649525,Private room,0,10,0,,,4,363,0,
1612251540896884764,"Blueground | Oerlikon, balcony, nr Zurich Park",434204093,1468087162878373469,Blueground,Kreis 11,Oerlikon,47.4093947,8.530245899999999,Entire home/apt,,30,0,,,185,364,0,
1612732730763975236,Josefstrasse Room 9 Interim Homes Zürich,581481684,1470589690829239402,Interim Homes,Kreis 5,Gewerbeschule,47.38089,8.53341,Private room,0,2,0,,,109,14,0,
1612739262929112693,Josefstrasse Room 10 Interim Homes Zürich,581481684,1470589690829239402,Interim Homes,Kreis 4,Langstrasse,47.3802,8.5347,Private room,0,2,0,,,109,5,0,
1612743571421664969,Josefstrasse Room 11 Interim Homes Zürich,581481684,1470589690829239402,Interim Homes,Kreis 4,Langstrasse,47.38,8.53439,Private room,0,2,0,,,109,10,0,
1612746563174902316,Josefstrasse Room 12 Interim Homes Zürich,581481684,1470589690829239402,Interim Homes,Kreis 5,Gewerbeschule,47.38199,8.53454,Private room,0,2,0,,,109,31,0,
1613110741012651561,Nestled Zürich Studio Bliss with a View,679556332,1463934762466506427,Jaybee,Kreis 3,Alt-Wiedikon,47.36775,8.51934,Entire home/apt,,1,22,2026-06-24,4.62,17,331,22,
1613712092167732383,Big apartment In walking distance to Paradeplatz,13570663,1462586915939629182,Residence Services Apartments,Kreis 2,Enge,47.36662659689315,8.533055068272507,Entire home/apt,0,2,1,2026-05-02,0.50,55,292,1,
1613792819221100520,Basic 2 BR Apartment in Witikon district,1229459,1462516724433258317,Swissstay Apartments,Kreis 7,Witikon,47.361431,8.601128700000002,Entire home/apt,,2,9,2026-06-07,2.16,78,238,9,
1615270615359656551,2BR for an unforgettable stay (Vineyard 72),1314526,1462542542085520859,Giancarlo,Kreis 6,Unterstrass,47.38221,8.54338,Entire home/apt,0,1,9,2026-06-04,1.93,104,7,9,
1615419487867486788,Quiet & Stylish Studio with Balcony | Near Limmat,126878757,1468276571992567780,Michał,Kreis 10,Wipkingen,47.3929798,8.5248668,Entire home/apt,,1,30,2026-06-26,6.67,2,69,30,
1616392658985473616,Josefstrasse Room 13 Interim Homes Zürich,581481684,1470589690829239402,Interim Homes,Kreis 5,Gewerbeschule,47.3806,8.53448,Private room,0,2,0,,,109,5,0,
1616398470213694079,Josefstrasse Room 14 Interim Homes Zürich,581481684,1470589690829239402,Interim Homes,Kreis 4,Langstrasse,47.38018,8.53437,Private room,0,2,0,,,109,50,0,
1616412755124551007,Josefstrasse Room 15 Interim Homes Zürich,581481684,1470589690829239402,Interim Homes,Kreis 4,Langstrasse,47.38017,8.53324,Private room,,2,0,,,109,0,0,
1616420342839194988,Josefstrasse Room 16 Interim Homes Zürich,581481684,1470589690829239402,Interim Homes,Kreis 5,Gewerbeschule,47.3805,8.5341,Private room,,30,0,,,109,31,0,
1616423531595254928,Josefstrasse Room 17 Interim Homes Zürich,581481684,1470589690829239402,Interim Homes,Kreis 5,Gewerbeschule,47.38183,8.53405,Private room,0,2,0,,,109,5,0,
1616802255053637589,Apartamento aconchegante com varanda em Zurique,724623486,1534753727657977333,Laudicea,Kreis 11,Seebach,47.42148212617614,8.552347613010735,Entire home/apt,,2,0,,,1,364,0,
1617268830595638199,Spacious Zurich flat with game room & pool table,585688978,1463891258827574165,Arye,Kreis 3,Sihlfeld,47.370271361257004,8.514649203116612,Entire home/apt,,2,8,2026-06-26,2.38,12,0,8,
1617352493390467787,Chic central studio | modern - Crown 27,1314526,1462542542085520859,Giancarlo,Kreis 6,Unterstrass,47.38866,8.5373,Entire home/apt,0,1,8,2026-05-26,2.09,104,23,8,
1617376453913367089,Modern City Studio | Walk Everywhere - Crown 47,1314526,1462542542085520859,Giancarlo,Kreis 6,Unterstrass,47.3877601,8.538239899999999,Entire home/apt,0,2,11,2026-06-13,3.06,104,18,11,
1618055516616046031,"Ferien, wo das Herz von Wiedikon schlägt. 3,5 Zi.",9607874,1462818556574405557,Vinzenz,Kreis 3,Sihlfeld,47.3710922,8.5153275,Entire home/apt,0,7,0,,,1,13,0,
1618771708979463654,Modern Apartment in Zurich City Center,345260789,1618771709595280330,Fina,Kreis 7,Hottingen,47.36534319343902,8.563427366316319,Entire home/apt,,1,4,2026-05-14,0.91,1,0,4,
1618854418114566304,"Gemütliche Wohnung, 15min vom ZH HB & ZH Airport",19235782,1463072463640929488,Alexandra,Kreis 11,Seebach,47.41949571144438,8.544896023386706,Entire home/apt,0,2,10,2026-06-21,2.31,1,17,10,
1618994470810709642,Premium Pop-Up Camper · 4 Guests · Zurich,300689799,1469543144750220740,Ricardo,Kreis 11,Oerlikon,47.4028374,8.5550625,Entire home/apt,0,1,0,,,1,365,0,
1619484199926460492,"Blueground | Oberstrass, balcony, nr Zürich Zoo",434204093,1468087162878373469,Blueground,Kreis 7,Fluntern,47.3817341,8.555490299999999,Entire home/apt,,30,0,,,185,362,0,
1620294465922647307,Cozy Studio in Witikon District,1229459,1462516724433258317,Swissstay Apartments,Kreis 7,Witikon,47.3619455,8.600858299999999,Entire home/apt,,1,9,2026-06-01,2.35,78,247,9,
1621761187483289509,Budget Bright Zurich Studio with Balcony & Parking,127306659,1462933341172570743,Michael,Kreis 6,Unterstrass,47.3963,8.53936,Entire home/apt,0,2,13,2026-06-24,3.22,8,145,13,
1621848816898998899,Cityscape Zurich Residence,461413048,1470078331559859361,Mohammed,Kreis 11,Affoltern,47.42348,8.49532,Entire home/apt,0,3,0,,,1,58,0,
1622224241517018510,Buchholzstrasse Room 1 Alpha Interim Homes Zürich,581481684,1470589690829239402,Interim Homes,Kreis 7,Witikon,47.36191,8.58875,Private room,,30,0,,,109,184,0,
1622257892357029568,Buchholzstrasse Room 2 Alpha Interim Homes Zürich,581481684,1470589690829239402,Interim Homes,Kreis 7,Witikon,47.36041,8.59,Private room,,30,0,,,109,192,0,
1622275105945379849,Buchholzstrasse Room 3 Alpha Interim Homes Zürich,581481684,1470589690829239402,Interim Homes,Kreis 7,Witikon,47.36126,8.58786,Private room,,30,0,,,109,13,0,
1622281438607813753,Room in a beautiful apartment in vibrant district,34251012,1465502093462615306,Mark,Kreis 4,Werd,47.37377626893997,8.523128269045033,Private room,,15,0,,,1,83,0,
1622558052202572587,Elegant Seefeld Apartment · Walk to Lake & Center,207112350,1469080561140212168,Lukas,Kreis 8,Seefeld,47.35385736002605,8.557529674819355,Entire home/apt,0,2,4,2026-06-14,2.26,1,248,4,
1622623492389603336,Cozy centric studio,110832635,1467340012350387715,Hector,Kreis 11,Oerlikon,47.40349,8.54557,Entire home/apt,0,5,1,2026-03-08,0.26,1,127,1,
1623040438263240297,Premium One Bedroom - Alto-Tower - 0203 - 970,273734321,1469444461478406683,Homenhancement,Kreis 9,Altstetten,47.38431,8.50169,Entire home/apt,0,2,1,2026-06-15,1,30,6,1,
1623049580575598261,Premium One Bedroom - Alto-Tower - 0204 - 180,273734321,1469444461478406683,Homenhancement,Kreis 9,Altstetten,47.38557,8.50007,Entire home/apt,0,2,0,,,30,38,0,
1623050419828298125,Premium One Bedroom - Alto-Tower - 0303 - 770,273734321,1469444461478406683,Homenhancement,Kreis 9,Altstetten,47.38499,8.50074,Entire home/apt,0,2,2,2026-06-05,1.20,30,27,2,
1623051250689014024,Premium One Bedroom - Alto-Tower - 0304 - 670,273734321,1469444461478406683,Homenhancement,Kreis 9,Altstetten,47.38423,8.50171,Entire home/apt,0,2,2,2026-05-26,1.46,30,27,2,
1623052748083796830,Premium One Bedroom - Alto-Tower - 0503 - 470,273734321,1469444461478406683,Homenhancement,Kreis 9,Altstetten,47.38374,8.50217,Entire home/apt,,2,0,,,30,0,0,
1623053941210428715,Deluxe One Bedroom - Alto-Tower - 1507 - 370,273734321,1469444461478406683,Homenhancement,Kreis 9,Altstetten,47.38486,8.5007,Entire home/apt,0,2,7,2026-05-25,2.76,30,4,7,
1623055322184766235,Deluxe One Bedroom - Alto-Tower - 1607 - 270,273734321,1469444461478406683,Homenhancement,Kreis 9,Altstetten,47.38414,8.50059,Entire home/apt,,2,0,,,30,0,0,
1623056744880055085,Deluxe One Bedroom - Alto-Tower - 1807 - 080,273734321,1469444461478406683,Homenhancement,Kreis 9,Altstetten,47.38519,8.50211,Entire home/apt,0,2,0,,,30,23,0,
1623057428325639507,Deluxe One Bedroom - Alto-Tower - 1907 - 170,273734321,1469444461478406683,Homenhancement,Kreis 9,Altstetten,47.38347,8.5015,Entire home/apt,0,2,2,2026-05-10,0.73,30,24,2,
1623058257534460011,Deluxe One Bedroom - Alto-Tower - 2107 - 870,273734321,1469444461478406683,Homenhancement,Kreis 9,Altstetten,47.38522,8.50217,Entire home/apt,0,2,1,2026-04-20,0.42,30,5,1,
1623246225578172752,Stilvolle 200 m² Loft-Wohnung mit Dachterrasse,746732277,1623246226191965187,Lara,Kreis 2,Enge,47.3590452,8.524162,Entire home/apt,1,1,5,2026-06-01,1.88,1,350,5,
1623741920941590527,"1BR - Modern, stylish, centrally located / Baron26",1314526,1462542542085520859,Giancarlo,Kreis 8,Seefeld,47.35392,8.55679,Entire home/apt,0,1,1,2026-03-10,0.27,104,3,1,
1624046041164011146,Smartroom Apartment in Zürich,120590759,1462918754902892310,Smartroom.Ch GmbH,Kreis 6,Unterstrass,47.38713,8.53917,Entire home/apt,,28,1,2026-06-20,1,2,199,1,
1624621122585181526,King,521357736,1470345971487185018,Cagdas,Kreis 1,Rathaus,47.37175,8.54339,Entire home/apt,0,1,0,,,5,364,0,
1624621238739690665,Queen,521357736,1470345971487185018,Cagdas,Kreis 1,Rathaus,47.373782093389465,8.544305744472544,Entire home/apt,0,1,0,,,5,361,0,
1624621349526520353,Executive Studio Balcony,521357736,1470345971487185018,Cagdas,Kreis 1,Rathaus,47.371757385310836,8.543017900964323,Entire home/apt,0,1,0,,,5,336,0,
1624621452864311836,Superior,521357736,1470345971487185018,Cagdas,Kreis 1,Rathaus,47.373657751729226,8.542531322090273,Entire home/apt,0,1,1,2026-05-09,0.57,5,346,1,
1624636585960699586,Central Gem | Modern 2.5 Room Apartment,83271512,1467008557890184612,José-Luis,Kreis 3,Sihlfeld,47.3714793,8.5196088,Entire home/apt,,30,0,,,27,364,0,
1624669522978025928,Riverside Unit | Charming Senior 1-BR Apartment,83271512,1467008557890184612,José-Luis,Kreis 10,Wipkingen,47.3924457,8.5246412,Entire home/apt,,30,0,,,27,364,0,
1624695559308451039,Modern Retreat | Spacious 2-BR-Apartment,83271512,1467008557890184612,José-Luis,Kreis 2,Wollishofen,47.3465769,8.530689599999999,Entire home/apt,,30,0,,,27,364,0,
1625244394195144614,Bright Zurich Studio • Balcony • Upper Level,127306659,1462933341172570743,Michael,Kreis 6,Unterstrass,47.3960171280069,8.540503955151127,Entire home/apt,0,2,6,2026-06-16,2.47,8,156,6,
1625259430238970577,Cozy room in the heart of Zurich - Stork 32,1314526,1462542542085520859,Giancarlo,Kreis 1,Lindenhof,47.3708912,8.5416358,Entire home/apt,,1,15,2026-06-07,3.63,104,15,15,
1625396701226611113,Modern 2-bedroom apartment with balcony,12886487,1462897903332723581,Stephanies,Kreis 3,Alt-Wiedikon,47.3691424250384,8.517591229704282,Entire home/apt,,1,12,2026-06-21,3.05,99,318,12,
1625631109754319641,Maisonette apartment with a private workspace,171389132,1479925928317613289,Alisha,Kreis 10,Höngg,47.40355,8.49627,Entire home/apt,0,30,1,2026-05-23,0.77,1,202,1,
1626515409849221588,"Josefstrasse Room 3, Delta, Interim Homes Zürich",581481684,1470589690829239402,Interim Homes,Kreis 4,Langstrasse,47.38041,8.53418,Private room,0,2,0,,,109,5,0,
1626526333877429523,"Josefstrasse Room 4, Delta, Interim Homes Zürich",581481684,1470589690829239402,Interim Homes,Kreis 5,Gewerbeschule,47.38229,8.53293,Private room,,30,0,,,109,8,0,
1626530182406141145,"Josefstrasse Room 5, Delta, Interim Homes Zürich",581481684,1470589690829239402,Interim Homes,Kreis 5,Gewerbeschule,47.38036,8.5346,Private room,,30,0,,,109,48,0,
1626537280036915642,"Josefstrasse Room 6, Delta, Interim Homes Zürich",581481684,1470589690829239402,Interim Homes,Kreis 5,Gewerbeschule,47.38152,8.53362,Private room,,30,0,,,109,0,0,
1626935785424464552,Hübsche Altbauwohnung im Herzen von Zürich,294239900,1626935786269065229,Lara,Kreis 4,Langstrasse,47.37922,8.5245,Entire home/apt,0,13,0,,,1,129,0,
1627600413626533393,Spacious 17m² Room + 3m² Private Balcony @ Triemli,139925194,1468385692544219261,Patricia,Kreis 3,Friesenberg,47.36758,8.49819,Private room,,14,0,,,1,363,0,
1627627707869466312,Central 1 bedroom Apartment - close to lake,10808242,1462850104452609915,Pierre-Louis,Kreis 2,Enge,47.36046,8.53155,Entire home/apt,0,4,1,2026-04-07,0.35,1,10,1,
1627782220394304557,"Convenient 3.5 rooms apt, train station close by",1746873,1462577364804295866,Frank,Kreis 11,Oerlikon,47.4118,8.54651,Entire home/apt,,2,10,2026-06-22,3.30,30,239,10,
1627791214954270204,"Convenient 2.5 rooms apt, train station close by",1746873,1462577364804295866,Frank,Kreis 11,Oerlikon,47.4107,8.54578,Entire home/apt,,2,9,2026-06-20,2.76,30,258,9,
1628135854066896907,Gemütliche Wohnung am Letzigrund Stadion,445073232,1628135797263136155,Klaus,Kreis 4,Hard,47.38087251068237,8.50567102432251,Private room,0,1,2,2026-06-18,1.76,1,254,2,
1628885491789788413,Jupiter Junior Suite,521357736,1470345971487185018,Cagdas,Kreis 1,Rathaus,47.371637950209504,8.544395673581093,Private room,0,1,0,,,5,350,0,
1628931417594673568,1 Zimmer,166640764,1468615014615854361,Kairbekova,Kreis 8,Weinegg,47.3597101,8.5610616,Private room,0,1,0,,,2,180,0,
1629009926715181156,Apartment Triemli,41343548,1629009927556389301,Dario,Kreis 9,Albisrieden,47.37168868746305,8.493004788728829,Private room,,2,2,2026-03-31,0.58,1,0,2,
1631218875076218823,Lake view villa - 8 bdrms - prime location Zurich,1746873,1462577364804295866,Frank,Kreis 7,Fluntern,47.38509,8.55935,Entire home/apt,,3,4,2026-06-19,1.79,30,101,4,
1632438953146744520,Basic Studio in Witikon district II,1229459,1462516724433258317,Swissstay Apartments,Kreis 7,Witikon,47.361431,8.601128700000002,Entire home/apt,,2,2,2026-05-26,0.55,78,257,2,
1632548151427008084,Gesamte 2-Zimmer Wohnung Zürich / Full apartment,465769908,1632548152165389454,Ebru,Kreis 9,Altstetten,47.39026,8.49043,Entire home/apt,0,2,3,2026-05-28,1.64,1,263,3,
1632799640711386615,OldTown Penthouse Maisonette | AC | PrivateRooftop,520530873,1470342225725989717,Nora,Kreis 1,Rathaus,47.36897649471511,8.545460263790794,Entire home/apt,1,1,8,2026-06-07,3.64,21,314,8,
1632829273249641969,Sunny Rooftop Apartment | 10min to Zürich HB,16089660,1462978014461529586,Lia,Kreis 4,Langstrasse,47.38019,8.52459,Entire home/apt,0,3,1,2026-03-21,0.29,2,174,1,
1632834109427808705,Helle Wohnung im Herzen von Zürich 5. OG Selfcheck,51219698,1465796289796023772,Edelweiss Hosting,Kreis 4,Hard,47.37708,8.51568,Entire home/apt,0,1,0,,,2,291,0,
1633203863016081935,Zentrales Studio mit Blick über Zürich,3682856,1462531305607394615,Tina,Kreis 10,Höngg,47.401375876198664,8.504577057672122,Entire home/apt,0,1,0,,,2,66,0,
1633302807607796874,Home in the heart of vibrant Wiedikon,749325190,1633302808272788073,Milena,Kreis 4,Hard,47.37649,8.51497,Entire home/apt,,3,0,,,1,0,0,
1633327172869532968,Central City Keller Mini single room!,485532230,1470185681842826021,Zengbao,Kreis 6,Unterstrass,47.3848293,8.5427876,Private room,1,1,18,2026-06-23,6.75,2,202,18,
1633329566955428930,Stadtwohnung im Seefeld,548356728,1470453285358046920,Alexa,Kreis 8,Mühlebach,47.36353,8.55024,Entire home/apt,,1,7,2026-06-06,2.56,4,189,7,
1633461810464659470,2.5 rooms apartment in Kreis 4,732883962,1633461811095724496,Nora,Kreis 4,Langstrasse,47.37463,8.52249,Entire home/apt,0,2,1,2026-05-13,0.61,1,236,1,
1634764675965796212,Micro Loft Zurich - central - self check-in -WIFI,9626045,1634764676838681597,Stay With Us - Homes,Kreis 2,Enge,47.3639006,8.527798299999999,Entire home/apt,,1,8,2026-06-28,3.33,1,334,8,
1635491498219679750,Modern 1BR in the city center - Flower 41,1314526,1462542542085520859,Giancarlo,Kreis 8,Seefeld,47.36213164358265,8.549569602283219,Entire home/apt,,2,8,2026-06-12,2.22,104,0,8,
1635551568268172649,"Tolle Aussicht, ruhig",5316851,1462677928686965281,Jeannette,Kreis 2,Wollishofen,47.3361907,8.5247136,Entire home/apt,0,5,0,,,1,171,0,
1636474791331420609,City Center Apartment-5min to HB,222814543,1463212491051447039,Haoran,Kreis 1,Hochschulen,47.37659,8.5451,Entire home/apt,0,1,6,2026-06-15,1.88,14,359,6,
1637907010910334724,Brandneu | Terrasse | Zürichsee | Seefeld,47272915,1495796647337201553,Daan,Kreis 8,Mühlebach,47.36095,8.55204,Entire home/apt,0,1,11,2026-06-29,3.51,2,172,11,
1637936495861622022,Huge Family Apt | 3 Bedroom & Porch,127306659,1462933341172570743,Michael,Kreis 6,Unterstrass,47.39746397512889,8.539327454036128,Entire home/apt,,3,6,2026-06-27,3.27,8,71,6,
1638409977848937618,Cosy 1.5-Room Studio in Kreis 4,704502715,1487997851665465551,Carl Christian,Kreis 4,Hard,47.3775234,8.512602099999999,Entire home/apt,,1,3,2026-06-26,3,30,358,3,
1638414990108088117,Oak Suite,704502715,1487997851665465551,Carl Christian,Kreis 4,Hard,47.37752,8.5126,Entire home/apt,,1,8,2026-06-20,5.00,30,355,8,
1638415478515176008,Emerald Suite,704502715,1487997851665465551,Carl Christian,Kreis 4,Hard,47.3775234,8.512602099999999,Entire home/apt,0,1,0,,,30,153,0,
1638415479207059655,Bamboo Suite,704502715,1487997851665465551,Carl Christian,Kreis 4,Hard,47.3775234,8.512602099999999,Entire home/apt,,1,12,2026-06-18,6.00,30,352,12,
1639121738082612015,Kitchenette Studio @ Boutique Hotel Josef,726650191,1603968530390870725,Boutique Hotel Josef,Kreis 4,Langstrasse,47.379415783360926,8.533859714738956,Private room,,7,0,,,1,343,0,
1639155894872159649,North Suite · Bright 3-BR Flat + Free Parking,704502715,1487997851665465551,Carl Christian,Kreis 10,Wipkingen,47.3941684,8.5279082,Entire home/apt,,1,18,2026-06-28,5.00,30,230,18,
1639981482478841707,Cozy City Apartment near Lake & Opera,586785556,1470604483507835283,MWS Services GmbH,Kreis 8,Seefeld,47.36410753671254,8.547827854502088,Entire home/apt,0,1,19,2026-06-21,6.00,2,299,19,
1640112485147478365,Urban Oasis | Green attic @ Iconic Langstrasse,99087434,1618707226498790053,Pierluca,Kreis 4,Langstrasse,47.37909,8.52692,Entire home/apt,0,1,3,2026-05-28,1.61,1,237,3,
1642637191870222771,Cozy hideaway in cenral Zurich,751726623,1642637192628445393,Tiffany,Kreis 2,Enge,47.3567853,8.5259856,Entire home/apt,0,4,3,2026-06-01,2.25,1,76,3,
1642713448055164509,Beautiful rooftop apartment in Zürich (601),457545327,1470059721076605871,Housing,Kreis 9,Altstetten,47.38593529450306,8.488732059243977,Entire home/apt,,25,1,2026-04-30,0.46,1,0,1,
1642996684408853837,Villetta Hilda Rosi - Ein Bijou mit Bergsicht,28589917,1642996685324121002,Seraina,Kreis 2,Leimbach,47.32374526135218,8.514618782482263,Private room,0,3,0,,,1,27,0,
1643561207286048382,Oasis for Perfect Getaways,679556332,1463934762466506427,Jaybee,Kreis 3,Alt-Wiedikon,47.36754794639047,8.521342884774251,Entire home/apt,,1,17,2026-06-28,6.30,17,358,17,
1644020765328883799,Chic Sunlit Rooftop Apartment Near City Center,752100969,1644020766090498793,Samuel,Kreis 3,Sihlfeld,47.37087,8.51036,Entire home/apt,0,2,0,,,1,204,0,
1647186182817588130,La casa gomez - a mid-century nest in trendy K4,1628347,1462563505693075770,Stephanie,Kreis 4,Hard,47.37818,8.51549,Entire home/apt,0,1,0,,,1,28,0,
1647626533062411314,Wunderschönes Bijoux in ruhigem Quartier kreis 3,12325351,1462885133455005047,Karin,Kreis 3,Alt-Wiedikon,47.3664265,8.5211065,Entire home/apt,,1,0,,,1,0,0,
1647732545126066310,Zurich's Best,290110554,1469507945791342955,Gitta,Kreis 2,Enge,47.35453,8.53135,Entire home/apt,0,5,0,,,1,340,0,
1647741906442102334,Süsse Konditorei Wohnung,40534810,1647741907195754554,Zaniyar,Kreis 5,Gewerbeschule,47.38322,8.53016,Private room,0,3,4,2026-05-30,2.35,1,337,4,
1647960906950739630,Central Room | 5 min to Main Station | Local Host,20769818,1463138059812413184,Marc,Kreis 6,Unterstrass,47.387750127804566,8.539339873813532,Private room,0,2,2,2026-06-07,1.54,1,86,2,
1648405574623108996,Studio mit Traumaussicht auf die Limmat (33),13570663,1462586915939629182,Residence Services Apartments,Kreis 1,Lindenhof,47.372153842082405,8.541786285940706,Entire home/apt,,2,0,,,55,295,0,
1648629776810913739,Spacious Room Zurich | Terrace Access | Tram at Do,753235199,1648629777619646587,Zurich Budget Rooms,Kreis 11,Seebach,47.41966,8.55512,Private room,0,1,17,2026-06-15,5.93,4,362,17,
1649255484749247587,"Buchholzstrasse 115, Beta",581481684,1470589690829239402,Interim Homes,Kreis 7,Witikon,47.36255,8.58786,Private room,,30,0,,,109,146,0,
1649272840542074285,Buchholzstrasse Omega Room 4,581481684,1470589690829239402,Interim Homes,Kreis 7,Witikon,47.36227,8.58826,Private room,,30,0,,,109,169,0,
1649282044661547630,"Buchholzstrasse 119, Gamma",581481684,1470589690829239402,Interim Homes,Kreis 7,Witikon,47.36051,8.58816,Private room,,30,0,,,109,266,0,
1649321341838849842,Spacious Room Zurich | Tram Access | Near Airport,753235199,1648629777619646587,Zurich Budget Rooms,Kreis 11,Seebach,47.41927284566073,8.556096076910473,Private room,1,1,11,2026-06-13,3.63,4,354,11,
1649428462577252573,Compact Room Zurich | Balcony | Easy Access,753235199,1648629777619646587,Zurich Budget Rooms,Kreis 11,Seebach,47.418544311457836,8.556196994244724,Private room,1,1,5,2026-06-11,3.75,4,362,5,
1649430163068326798,Compact room zurich with easy access | near center,753235199,1648629777619646587,Zurich Budget Rooms,Kreis 11,Seebach,47.41941,8.55562,Private room,1,1,1,2026-06-11,1,4,364,1,
1649953241251365357,"Buchholzstrasse 115, Beta",581481684,1470589690829239402,Interim Homes,Kreis 7,Witikon,47.36259,8.58998,Private room,,30,0,,,109,177,0,
1649959809403248734,"Buchholzstrasse 115, Beta",581481684,1470589690829239402,Interim Homes,Kreis 7,Witikon,47.36078,8.5901,Private room,,30,0,,,109,176,0,
1649964627428111775,Buchholzstrasse Omega Room 6,581481684,1470589690829239402,Interim Homes,Kreis 7,Witikon,47.36272,8.58931,Private room,,30,0,,,109,75,0,
1649969919799441036,Buchholzstrasse Omega Room 5,581481684,1470589690829239402,Interim Homes,Kreis 7,Witikon,47.36271,8.5882,Private room,,30,0,,,109,251,0,
1649974783372902674,"Buchholzstrasse 119, Gamma",581481684,1470589690829239402,Interim Homes,Kreis 7,Witikon,47.36114,8.58954,Private room,,30,0,,,109,204,0,
1649982255296525628,"Buchholzstrasse 119, Gamma",581481684,1470589690829239402,Interim Homes,Kreis 7,Witikon,47.36269,8.58997,Private room,,30,0,,,109,243,0,
1649986405537090622,"Buchholzstrasse 119, Gamma",581481684,1470589690829239402,Interim Homes,Kreis 7,Witikon,47.36196,8.58846,Private room,,30,0,,,109,269,0,
1651379999693876919,"Döltschihalde 35, Omega, Room 1",581481684,1470589690829239402,Interim Homes,Kreis 3,Friesenberg,47.36313,8.49883,Private room,,30,0,,,109,157,0,
1651587877337933861,Central apartment (45sqm) with private parking,749312184,1633245084633415897,Charles,Kreis 6,Unterstrass,47.39089,8.54119,Entire home/apt,0,1,5,2026-06-15,1.85,1,167,5,
1652174425641138049,Zimmer in Zürich Seefeld,106888812,1652174426391055766,Arne,Kreis 8,Mühlebach,47.35276123195149,8.560660096734567,Private room,0,2,2,2026-05-25,1.33,1,10,2,
1652378068695619962,Befristet 3 -Zimmer-Wohnung in Stadt Zürich,255783643,1633525978320640781,Chantal,Kreis 12,Schwamendingen-Mitte,47.4055595,8.5729899,Entire home/apt,,1,0,,,1,171,0,
1652393348590569465,Luxe Studio Zürich Oerlikon,514094775,1545833047835921160,Tetiana,Kreis 11,Oerlikon,47.41036,8.53883,Entire home/apt,,14,0,,,3,337,0,
1653554089124663542,Cozy apartment,726145838,1541384448506858679,Kingshuk,Kreis 11,Affoltern,47.41891,8.50358,Entire home/apt,,2,16,2026-06-21,5.52,1,36,16,
1653632611182223907,Top Lage in Zürich 5 Zimmer Wohnung zu vermieten,201499099,1653627885317027661,Shala,Kreis 8,Weinegg,47.34776,8.5737,Entire home/apt,,7,0,,,1,0,0,
1653678937083830287,Your home away from Home - Zurich N•1,38669185,1465578171265527038,Amelie,Kreis 7,Witikon,47.36556923358588,8.595371983987611,Entire home/apt,0,1,0,,,3,365,0,
1654295323894711979,1 Zimmer Wohnung mitten in Zürich,518677653,1611539802950714585,Kelly,Kreis 6,Unterstrass,47.38611,8.54393,Entire home/apt,0,1,18,2026-06-28,8.44,1,272,18,
1654679777058218565,Spacious Room Sleeps 2 in the heart of Mattengasse,581481684,1470589690829239402,Interim Homes,Kreis 5,Gewerbeschule,47.38327,8.53024,Private room,,30,0,,,109,196,0,
1654729419451803164,Cozi Room in the heart of Mattengasse,581481684,1470589690829239402,Interim Homes,Kreis 5,Gewerbeschule,47.38176,8.53184,Private room,,30,1,2026-05-27,0.86,109,301,1,
1654927623663800453,Seeblick Wohnung in Wollishofen,548356728,1470453285358046920,Alexa,Kreis 2,Wollishofen,47.34267864850412,8.535962551832199,Entire home/apt,1,1,2,2026-04-30,0.75,4,340,2,
1655900182230091994,Peaceful Studio Hideaway,679556332,1463934762466506427,Jaybee,Kreis 3,Alt-Wiedikon,47.367568736890576,8.519755327863836,Entire home/apt,,1,17,2026-06-29,5.93,17,363,17,
1656754195792440454,Room with private bathroom N•1,38669185,1465578171265527038,Amelie,Kreis 7,Witikon,47.36415,8.59627,Private room,,1,1,2026-06-15,1,3,355,1,
1656758373334803719,Apartment in the center of Zurich.,1656600043001113659,1656742485414705373,Pablo,Kreis 1,Rathaus,47.3746653,8.5435809,Private room,,1,0,,,1,315,0,
1657122605752556679,"Döltschihalde 33, Vita, Room 2",581481684,1470589690829239402,Interim Homes,Kreis 3,Friesenberg,47.36249,8.49805,Private room,,30,0,,,109,108,0,
1657130185781794666,"Döltschihalde 33, Vita, Room 3",581481684,1470589690829239402,Interim Homes,Kreis 3,Friesenberg,47.36303,8.49819,Private room,,30,0,,,109,148,0,
1657145110969586168,"Döltschihalde 45, lota, Room 1",581481684,1470589690829239402,Interim Homes,Kreis 3,Friesenberg,47.36362,8.49725,Private room,,30,0,,,109,85,0,
1657156418530200750,"Döltschihalde 45, lota, Room 2",581481684,1470589690829239402,Interim Homes,Kreis 3,Friesenberg,47.36309,8.49725,Private room,,30,0,,,109,239,0,
1657161062164371148,"Döltschihalde 45, lota, Room 3",581481684,1470589690829239402,Interim Homes,Kreis 3,Friesenberg,47.36291,8.49642,Private room,,30,1,2026-06-12,1,109,219,1,
1657169975809922238,"Döltschihalde 45, lota, Room 4",581481684,1470589690829239402,Interim Homes,Kreis 3,Friesenberg,47.36355,8.4964,Private room,,30,0,,,109,178,0,
1657836055564106273,Double room & balcony in a green residential area,39326744,1465587167826717849,Alexandra,Kreis 8,Weinegg,47.35187,8.5682,Private room,0,3,0,,,5,88,0,
1658001659799413974,Cozy private apartment in the heart of Zurich,244167907,1463282597091167097,Cécile,Kreis 6,Oberstrass,47.38339,8.5458,Entire home/apt,0,1,0,,,1,58,0,
1660448445982564365,Apartment in the heart of Zurich,244611043,1469297997109448529,Vlada,Kreis 1,Rathaus,47.36887961258039,8.546686984778427,Entire home/apt,0,1,6,2026-05-24,2.54,1,7,6,
1660574062771798428,"Toblerstrasse, Alpha, Room 1, Interim Homes Zürich",581481684,1470589690829239402,Interim Homes,Kreis 7,Fluntern,47.38076,8.55429,Private room,,30,0,,,109,180,0,
1660580670746928783,"Toblerstrasse, Alpha, Room 2, Interim Homes Zürich",581481684,1470589690829239402,Interim Homes,Kreis 7,Fluntern,47.38195238025636,8.555882687325655,Private room,,30,0,,,109,238,0,
1660584804760171819,"Toblerstrasse, Alpha, Room 3, Interim Homes Zürich",581481684,1470589690829239402,Interim Homes,Kreis 7,Fluntern,47.381986782301325,8.55611835176981,Private room,,1,1,2026-06-15,1,109,178,1,
1660750596384361175,Zürich Wollishofen Seenähe - Privatzimmer -,756255631,1660750597171770961,Seven,Kreis 2,Wollishofen,47.35152,8.53256,Private room,0,2,3,2026-06-29,2.20,1,342,3,
1660765732419340622,Copper Suite - Free Parking,704502715,1487997851665465551,Carl Christian,Kreis 11,Seebach,47.4221713,8.545854,Entire home/apt,,1,18,2026-06-25,6.92,30,332,18,
1660944852805870005,Loft Penthouse inmitten von Zürich,535327973,1470402136877211947,Tim,Kreis 5,Gewerbeschule,47.383216353569,8.530196994643175,Entire home/apt,,1,0,,,1,365,0,
1662050778518699798,"Toblerstrasse, Beta, Room 4, Interim Homes Zürich",581481684,1470589690829239402,Interim Homes,Kreis 7,Fluntern,47.3805255943816,8.555209865208468,Private room,,30,1,2026-06-15,1,109,70,1,
1662056240162936580,"Toblerstrasse, Beta, Room 5, Interim Homes Zürich",581481684,1470589690829239402,Interim Homes,Kreis 7,Fluntern,47.38177717119317,8.554019169491939,Private room,,30,1,2026-06-24,1,109,138,1,
1662060527284550174,"Toblerstrasse, Beta, Room 6, Interim Homes Zürich",581481684,1470589690829239402,Interim Homes,Kreis 7,Fluntern,47.38092483917781,8.555450802696267,Private room,,30,0,,,109,203,0,
1662965786012103466,Udochi,33125383,1465485042303900754,Brister,Kreis 3,Sihlfeld,47.37743851485259,8.511091993200006,Private room,0,1,10,2026-06-12,4.84,1,348,10,
1663629741595171989,City Center / Seefeld - Charming top floor apt,1746873,1462577364804295866,Frank,Kreis 8,Seefeld,47.35551,8.55644,Entire home/apt,,2,5,2026-06-28,3.00,30,11,5,
1663631201025521468,City Center / Brunau - cozy studio apartment,1746873,1462577364804295866,Frank,Kreis 3,Alt-Wiedikon,47.35835901265016,8.519710554127437,Entire home/apt,,2,8,2026-06-29,5.22,30,132,8,
1663645276665600743,City Center / Brunau - cozy studio apartment,1746873,1462577364804295866,Frank,Kreis 3,Friesenberg,47.35653,8.51837,Entire home/apt,,2,10,2026-06-21,5.26,30,131,10,
1663704690364111308,City Center / Seefeld - Cozy Apartment,1746873,1462577364804295866,Frank,Kreis 8,Mühlebach,47.35497,8.5573,Entire home/apt,0,2,11,2026-06-30,4.85,30,6,11,
1663717532383501290,City Center / Brunau - 3.5 rooms,1746873,1462577364804295866,Frank,Kreis 3,Alt-Wiedikon,47.357776493896836,8.519775972463421,Entire home/apt,,2,6,2026-06-26,3.46,30,128,6,
1664476379586654463,Central 2BR with Superbe Transit Access - Tilia 21,23561865,1465274926504678242,Dimiter,Kreis 6,Unterstrass,47.38939,8.53928,Entire home/apt,0,2,4,2026-05-22,1.88,145,20,4,
1665017525092829788,Schönes Zimmer in Wiedikon,3619028,1462634447419175589,Janina,Kreis 3,Sihlfeld,47.3723319351182,8.517905521665522,Private room,0,1,0,,,1,305,0,
1665081681105036659,Stylish 2BR with Stunning Zurich Views - Tilia 41,23561865,1465274926504678242,Dimiter,Kreis 6,Unterstrass,47.38933,8.5401,Entire home/apt,0,2,7,2026-06-16,4.29,145,18,7,
1665087316288800078,"Bright 2-Room Apartment, Balcony Central Zurich",93102812,1467124635520779360,Reensky,Kreis 3,Alt-Wiedikon,47.36601,8.51992,Entire home/apt,0,2,0,,,1,22,0,
1665918022895167616,"Całe 2,5-pokojowe mieszkanie, 5 minut do jeziora",152364000,1468494884235760280,Magdalena,Kreis 2,Wollishofen,47.33801623346292,8.535151802426192,Entire home/apt,0,3,0,,,1,350,0,
1666002608283835874,Studio im Herzen Zürichs,458184209,1666002609112282394,Luca,Kreis 4,Langstrasse,47.37642226431197,8.530033462060079,Entire home/apt,,1,20,2026-06-26,8.22,1,131,20,
1667441893894499906,Modern and spacious apartment in Zurich,158389788,1468542946692632520,Maud,Kreis 3,Sihlfeld,47.37152915934216,8.51745917937452,Entire home/apt,0,1,2,2026-05-09,0.97,2,2,2,
1668160528986975356,Light-Filled Loft Apartment with Terrace & Balcony,3032638,1462615463939295600,Tofi,Kreis 7,Hottingen,47.36531,8.55662,Entire home/apt,0,7,1,2026-05-22,0.75,1,238,1,
1668335261282957890,Calm Luminous Spacious Residence 105m2 in Zurich,113280917,1668335261922688450,Prashant,Kreis 11,Affoltern,47.4189,8.50482,Entire home/apt,1,1,2,2026-06-15,1.71,1,361,2,
1668704822557368201,"IKON Old Town Penthouse | AC, Lake & Mountain View",520530873,1470342225725989717,Nora,Kreis 1,City,47.3678297434156,8.538650274706997,Entire home/apt,0,1,0,,,21,332,0,
1668891852102365573,"Buchholzstr, Room 4, Delta, Interim Homes Zürich",581481684,1470589690829239402,Interim Homes,Kreis 7,Witikon,47.36065,8.58803,Private room,,30,0,,,109,269,0,
1668899927070683524,"Buchholzstr, Room 5, Delta, Interim Homes Zürich",581481684,1470589690829239402,Interim Homes,Kreis 7,Witikon,47.362092416993946,8.588286606063688,Private room,,30,0,,,109,191,0,
1668903681372843667,"Buchholzstr, Room 6, Delta, Interim Homes Zürich",581481684,1470589690829239402,Interim Homes,Kreis 7,Witikon,47.360411238918,8.590243545222535,Private room,,30,0,,,109,238,0,
1669065587143473530,Elegant & Quiet Apartment | Balcony | Central,1669065531484877060,1669065587857249613,Alex,Kreis 9,Altstetten,47.3844,8.49318,Entire home/apt,,3,0,,,1,0,0,
1669553786100643038,Home next to nature and still in the City,912371,1462533118830080028,Marius,Kreis 9,Albisrieden,47.36744,8.49408,Entire home/apt,0,3,0,,,1,48,0,
1669726581535504181,Central and cozy 2.5 room apartment with 2 loggias,146155681,1468435203121525575,Jan,Kreis 11,Oerlikon,47.41187,8.53963,Entire home/apt,0,12,0,,,1,363,0,
1670027162549943551,Bedroom in shared flat with private bathroom,158389788,1468542946692632520,Maud,Kreis 3,Alt-Wiedikon,47.37018,8.51805,Private room,0,1,7,2026-06-07,4.38,2,27,7,
1670270642727214199,Panoramic View of Zurich with Terrace,10250756,1462835569758493480,Julie,Kreis 10,Höngg,47.40013,8.51298,Entire home/apt,,5,0,,,1,2,0,
1672374486234403990,"Brandew studio in the ""Beverly Hills"" of Zürich",13570663,1462586915939629182,Residence Services Apartments,Kreis 7,Fluntern,47.37586,8.55906,Entire home/apt,0,4,0,,,55,334,0,
1672614891640444059,Helles 3-Zimmer Apartment an der Limmat,654122626,1470644364204786844,Andreas,Kreis 5,Escher Wyss,47.39125,8.52414,Entire home/apt,,2,3,2026-06-21,3,1,11,3,
1672928352209802184,Amazing views in top area with parking,13570663,1462586915939629182,Residence Services Apartments,Kreis 7,Fluntern,47.37400963473816,8.558738220704088,Entire home/apt,0,4,3,2026-06-19,3,55,335,3,
1673013314165587626,Honey Suite · Stylish 2.5-Room Apartment in Zurich,704502715,1487997851665465551,Carl Christian,Kreis 4,Hard,47.37833,8.51374,Entire home/apt,0,1,0,,,30,121,0,
1673232169144910939,Luxury Villa with Pool & Garden near Klusplatz,47018418,1465705055448362741,Antonio,Kreis 7,Hirslanden,47.36373,8.57155,Entire home/apt,,2,0,,,1,355,0,
1674486657510967607,Bright 2BR Apartment with Balcony Zürich,1229459,1462516724433258317,Swissstay Apartments,Kreis 10,Wipkingen,47.3954022,8.5255127,Entire home/apt,,2,2,2026-05-31,1.15,78,136,2,
1674489674780409128,Cozy Flat Near Zürich Center,1229459,1462516724433258317,Swissstay Apartments,Kreis 10,Wipkingen,47.3954022,8.5255127,Entire home/apt,,2,2,2026-06-29,1.30,78,135,2,
1674493440281922011,Sunny Wipkingen Stay with Balcony,1229459,1462516724433258317,Swissstay Apartments,Kreis 10,Wipkingen,47.3954022,8.5255127,Entire home/apt,,2,3,2026-06-22,2.09,78,136,3,
1674495498893114068,Quiet 2BR Apartment Near City,1229459,1462516724433258317,Swissstay Apartments,Kreis 10,Wipkingen,47.3954022,8.5255127,Entire home/apt,,2,3,2026-06-17,2.73,78,127,3,
1674498747586785909,Spacious Zürich Flat in Wipkingen,1229459,1462516724433258317,Swissstay Apartments,Kreis 10,Wipkingen,47.3954022,8.5255127,Entire home/apt,,2,2,2026-05-31,1.58,78,136,2,
1674501382717724149,Bright Flat Near Zürich HB (Main Station),1229459,1462516724433258317,Swissstay Apartments,Kreis 10,Wipkingen,47.3954022,8.5255127,Entire home/apt,,2,1,2026-06-22,1,78,129,1,
1674510121887008225,Charming 1BR Apartment Zürich,1229459,1462516724433258317,Swissstay Apartments,Kreis 10,Wipkingen,47.3954022,8.5255127,Entire home/apt,,2,3,2026-06-10,3,78,113,3,
1674512333415420135,Sunny Wipkingen Flat with Balcony,1229459,1462516724433258317,Swissstay Apartments,Kreis 10,Wipkingen,47.3954022,8.5255127,Entire home/apt,,1,5,2026-06-24,2.54,78,75,5,
1674517505265286220,Charming 2BR Apartment Zürich,1229459,1462516724433258317,Swissstay Apartments,Kreis 10,Wipkingen,47.3954022,8.5255127,Entire home/apt,,2,1,2026-05-31,1,78,116,1,
1674664357957625065,Cozy 2BR Apartment Near Zürich Center,1229459,1462516724433258317,Swissstay Apartments,Kreis 10,Wipkingen,47.3954022,8.5255127,Entire home/apt,,2,2,2026-06-17,1.62,78,134,2,
1674691576760326420,Waterfront Penthouse | AC | Rooftop | Free Parking,520530873,1470342225725989717,Nora,Kreis 2,Enge,47.367889813436804,8.537559433752456,Entire home/apt,1,1,2,2026-06-27,2,21,330,2,
1674974908512724708,Duplex Penthouse with private 360 Rooftop near HB,10718102,1674974909251230903,Andressa,Kreis 4,Langstrasse,47.3762209,8.533890099999999,Entire home/apt,0,3,4,2026-06-03,2.03,1,15,4,
1675255239852320455,Modern City Centre Flat w/ Balcony,585688978,1463891258827574165,Arye,Kreis 3,Alt-Wiedikon,47.36966,8.51642,Entire home/apt,0,2,2,2026-05-30,1.33,12,93,2,
1676041005096304909,Central Studio in Zurich,444712876,1470004700163039199,Jusi,Kreis 1,Hochschulen,47.37118,8.54815,Shared room,0,1,0,,,1,364,0,
1677408540150963431,Unterkunft in ZH Höngg,152792079,1677408540987083246,Bruno,Kreis 10,Höngg,47.40284557925454,8.497346159333791,Entire home/apt,0,20,0,,,1,358,0,
1677667135507332136,Cozy Apartment in Zurich,26492077,1465367634846971582,Jacqueline,Kreis 2,Wollishofen,47.34157988759543,8.527422463471163,Entire home/apt,0,2,0,,,1,364,0,
1678291067391082956,Beautiful room in the cental city,1678290723327779700,1678290942672907585,Gonzalo,Kreis 8,Weinegg,47.36019,8.55777,Private room,,1,1,2026-05-25,0.81,2,364,1,
1678889072543134719,Spacious Apartment with Balcony & Great Location,520530873,1470342225725989717,Nora,Kreis 4,Langstrasse,47.37485,8.52732,Entire home/apt,0,1,6,2026-06-25,5.62,21,349,6,
1678951124198805016,"Cozy & central 3 bedroom apt., up to 6 guests!",445823477,1470008792853142360,Horizon Apartments,Kreis 6,Unterstrass,47.39949,8.54237,Entire home/apt,0,2,2,2026-06-14,2,2,8,2,
1679562930692260028,"One Bedroom Senior, Kitchenette",1679535870657568245,1679540458488938891,VISIONAPARTMENTS Zurich,Kreis 3,Alt-Wiedikon,47.3628828404824,8.52153834976372,Entire home/apt,,2,2,2026-06-12,1.67,9,154,2,
1679566747500286231,"Two Bedroom Mini, Kitchenette",1679535870657568245,1679540458488938891,VISIONAPARTMENTS Zurich,Kreis 3,Alt-Wiedikon,47.36227,8.5222,Entire home/apt,0,2,0,,,9,82,0,
1679580069230055068,"Two Bedroom Senior, Kitchenette",1679535870657568245,1679540458488938891,VISIONAPARTMENTS Zurich,Kreis 3,Alt-Wiedikon,47.36224,8.5218,Entire home/apt,,2,1,2026-06-04,1,9,149,1,
1679581372713769215,"Studio Senior, Kitchenette",1679535870657568245,1679540458488938891,VISIONAPARTMENTS Zurich,Kreis 3,Alt-Wiedikon,47.36227,8.5222,Entire home/apt,,2,1,2026-05-24,0.79,9,154,1,
1679581684976656309,"Studio Mini, Kitchenette",1679535870657568245,1679540458488938891,VISIONAPARTMENTS Zurich,Kreis 3,Alt-Wiedikon,47.36227,8.5222,Entire home/apt,,2,0,,,9,135,0,
1679582882427163991,"Grand Apartment, Kitchenette - Posh Living",1679535870657568245,1679540458488938891,VISIONAPARTMENTS Zurich,Kreis 3,Alt-Wiedikon,47.36227,8.5222,Entire home/apt,0,2,0,,,9,153,0,
1679583208597326430,"Duplex Senior, Kitchenette - Loft Living",1679535870657568245,1679540458488938891,VISIONAPARTMENTS Zurich,Kreis 3,Alt-Wiedikon,47.36227,8.5222,Entire home/apt,,2,0,,,9,154,0,
1679584635688962023,"Duplex Mini, Kitchenette - Loft Living",1679535870657568245,1679540458488938891,VISIONAPARTMENTS Zurich,Kreis 3,Alt-Wiedikon,47.36227,8.5222,Entire home/apt,,2,0,,,9,128,0,
1679585716854279983,"Studio Junior, Kitchenette",1679535870657568245,1679540458488938891,VISIONAPARTMENTS Zurich,Kreis 3,Alt-Wiedikon,47.36227,8.5222,Entire home/apt,,2,0,,,9,152,0,
1679596627506649959,"Cosy Oasis,  Prime Location near Google",585688978,1463891258827574165,Arye,Kreis 3,Alt-Wiedikon,47.367270317920195,8.522013116181395,Entire home/apt,,2,2,2026-06-12,1.62,12,130,2,
1679677443971437828,Bright Boho Penthouse with Sunny Terrace,264246906,1469397787437351850,Cristina,Kreis 3,Alt-Wiedikon,47.36068752167271,8.522147082592276,Entire home/apt,0,4,0,,,1,105,0,
1679700732354429010,"Central city, quiet area, relaxing stay, parking",1678290723327779700,1678290942672907585,Gonzalo,Kreis 8,Mühlebach,47.35986423557383,8.556539583786423,Shared room,1,1,0,,,2,361,0,
1679726423653562884,"Newly furnished, centrally located apartment.",187503076,1679726424433168920,Jessica,Kreis 8,Seefeld,47.35953920861512,8.548282678481984,Entire home/apt,0,2,3,2026-06-17,3,1,316,3,
1679798165910909759,"Creative Living Space – Rooftop, Art & Flow",96162759,1467158259373002484,Teresa,Kreis 4,Langstrasse,47.37976,8.52486,Private room,0,1,9,2026-06-26,6.14,2,92,9,
1679835252961794060,Apartment with rooftop 7min walk from Zurich HB,408355652,1679835254239176513,Thibault,Kreis 4,Werd,47.37291,8.53182,Private room,0,1,0,,,1,311,0,
1680408925297622452,Penthouse Löwenstrasse/Bahnhofstrasse,1680408172628337216,1680408926237797581,Fiorenzo,Kreis 1,City,47.37276,8.53589,Entire home/apt,,3,0,,,2,334,0,
1680461855640565113,Maisonette Penthouse Apartment,1680408172628337216,1680408926237797581,Fiorenzo,Kreis 1,City,47.3751302,8.5367719,Entire home/apt,,3,0,,,2,346,0,
1681009247609987187,Großes Apartment für 12 mit Außenbereich in Zürich,733766859,1655827437358225722,Ahmad,Kreis 9,Albisrieden,47.36673160000001,8.4925452,Entire home/apt,1,1,6,2026-06-15,3.53,1,340,6,
1681288819305256803,Goethe House in Old Town Zürich,144959892,1468425673239432264,Anna Victoria,Kreis 1,Lindenhof,47.3719257,8.540398699999999,Entire home/apt,0,2,0,,,4,322,0,
1682507362850240029,Boho-Style Two-Room Apartment,24693152,1465312960238551556,Monika,Kreis 11,Seebach,47.41444495695075,8.547497004156805,Entire home/apt,0,2,1,2026-05-29,0.91,1,269,1,
1683085146794427482,Helle 3-Zimmer-Wohnung in Zürich-Affoltern,1683072410254984879,1683085147499894652,Flamur,Kreis 11,Affoltern,47.4177324,8.5096701,Entire home/apt,0,1,0,,,1,324,0,
1683381691736437844,Bright Loft-Style Penthouse  in Zurich,25296336,1629545314030649656,Mégane,Kreis 4,Langstrasse,47.38016,8.52372,Entire home/apt,0,2,0,,,1,7,0,
1683506793629001981,LoVas APART,512819252,1681987965059008031,Ludo,Kreis 9,Altstetten,47.3890274,8.492114400000002,Entire home/apt,,1,0,,,1,18,0,
1687569164189465545,Peaceful Zurich home in vibrant Kreis 3,20941670,1463142527311903312,Julia,Kreis 3,Sihlfeld,47.3787618,8.5086063,Entire home/apt,,7,0,,,1,0,0,
1687724005205472538,Wohnung in Zürich Wollishofen 8038,452987711,1605016719704054460,Zoe,Kreis 2,Wollishofen,47.3375722159367,8.532783740215228,Entire home/apt,0,1,1,2026-05-25,0.81,1,311,1,
1687927955031181907,Ruhiges Zimmer mit Frühstück • Zentral,1687927859211004208,1687927955753685536,Vivienne,Kreis 4,Hard,47.3771242,8.515786,Private room,,2,0,,,1,89,0,
1688266189527178277,Cozy garden-apartment close to the city center,507181518,1470279863346593335,Dorottya,Kreis 8,Weinegg,47.34807,8.56726,Entire home/apt,0,2,1,2026-05-26,0.83,1,213,1,
1689106422103582030,Grosses WG Zimmer im Herzen der Stadt!,29492006,1615229683648525047,Raquel,Kreis 4,Langstrasse,47.37829,8.53009,Private room,0,3,1,2026-06-26,1,1,24,1,
1689814838620507901,Zimmer mit Doppelbett im Zentrum von Zürich,95704808,1467153014654433962,Diogenes,Kreis 9,Altstetten,47.38361,8.49644,Private room,,1,1,2026-05-28,0.88,1,365,1,
1689988210808399661,Cozy flat in the heart of Zürich old town,47576223,1689988211707412195,Kiki,Kreis 1,Rathaus,47.37293613230764,8.544359397477356,Entire home/apt,0,1,3,2026-06-15,2.37,1,11,3,
1690474268152043716,Studio mit Balkon an zentraler Lage,4378131,1462655341844908811,Tania,Kreis 3,Alt-Wiedikon,47.36954498787487,8.515360176214509,Entire home/apt,0,7,1,2026-06-03,1,11,213,1,
1691128458011990760,Budget Double Room-Shared Bathroom-Rooftop Access,743391754,1610215083495644644,Sigma Self Check In Hostel,Kreis 7,Hottingen,47.3729865,8.5632649,Private room,0,7,0,,,3,45,0,
1691215563025227951,Studio-Wohnung,434072470,1689350517246769063,Ziu,Kreis 11,Oerlikon,47.41056164335187,8.53134211152792,Entire home/apt,0,2,1,2026-06-22,1,1,30,1,
1691371481764258789,2.5 apartment in the heart of Wiedikon,100319627,1467204625974991198,Andreea,Kreis 3,Alt-Wiedikon,47.36479082147136,8.520633291251421,Entire home/apt,0,3,0,,,1,71,0,
1691922706478865889,Rigistrasse Apartment Omega Interim Homes Zürich,581481684,1470589690829239402,Interim Homes,Kreis 6,Oberstrass,47.38569404652394,8.550102435539031,Entire home/apt,,30,0,,,109,266,0,
1691929574597239758,Rigistrasse Apartment Pi Interim Homes Zürich,581481684,1470589690829239402,Interim Homes,Kreis 6,Oberstrass,47.38526885981051,8.551362848463516,Entire home/apt,,30,0,,,109,297,0,
1691937945657343508,Döltschihalde Apartment Kappa Interim Homes Zürich,581481684,1470589690829239402,Interim Homes,Kreis 3,Friesenberg,47.3637612,8.4974321,Entire home/apt,,30,0,,,109,273,0,
1691950388399061738,Döltschihalde Apart. Lambda Interim Homes Zürich,581481684,1470589690829239402,Interim Homes,Kreis 3,Friesenberg,47.36449,8.49768,Entire home/apt,,30,0,,,109,273,0,
1692763616266013133,"Buchholzstraße, Room 7, Zeta, Interim Home Zürich",581481684,1470589690829239402,Interim Homes,Kreis 7,Witikon,47.36045,8.58999,Private room,,30,0,,,109,177,0,
1692770654345773340,"Buchholzstraße, Room 8, Zeta, Interim Home Zürich",581481684,1470589690829239402,Interim Homes,Kreis 7,Witikon,47.362516726423884,8.590001877766559,Private room,,30,0,,,109,153,0,
1692775821183006452,"Buchholzstraße, Room 9, Zeta, Interim Home Zürich",581481684,1470589690829239402,Interim Homes,Kreis 7,Witikon,47.36237,8.58968,Private room,,30,0,,,109,146,0,
1692780684515895809,"Buchholzstraße, Room 5, Eta, Interim Home Zürich",581481684,1470589690829239402,Interim Homes,Kreis 7,Witikon,47.36248,8.58858,Private room,,30,0,,,109,192,0,
1692788038814788707,"Buchholzstraße, Room 6, Eta, Interim Home Zürich",581481684,1470589690829239402,Interim Homes,Kreis 7,Witikon,47.3607302609955,8.589084254540923,Private room,,30,0,,,109,177,0,
1692793459304155144,"Buchholzstraße, Room 7, Eta, Interim Home Zürich",581481684,1470589690829239402,Interim Homes,Kreis 7,Witikon,47.36276253857345,8.589979256673155,Private room,,30,0,,,109,168,0,
1692798679274332628,"Buchholzstraße, Room 8, Eta, Interim Home Zürich",581481684,1470589690829239402,Interim Homes,Kreis 7,Witikon,47.36139247144539,8.587786536380094,Private room,,30,0,,,109,116,0,
1693166984590055698,"Döltschihalde, Room 8, Ny, Interim Homes Zürich",581481684,1470589690829239402,Interim Homes,Kreis 3,Friesenberg,47.3641,8.49818,Entire home/apt,,30,0,,,109,62,0,
1693170275469459285,"Döltschihalde, Room 10, Ny, Interim Homes Zürich",581481684,1470589690829239402,Interim Homes,Kreis 3,Friesenberg,47.3630716010494,8.496599118534972,Private room,,30,0,,,109,363,0,
1693499228464086208,"Döltschihalde, Room 5, Theta, Interim Homes Zürich",581481684,1470589690829239402,Interim Homes,Kreis 3,Friesenberg,47.3638284,8.4969701,Private room,,30,0,,,109,304,0,
1693503591852280268,"Döltschihalde, Room 6, Theta, Interim Homes Zürich",581481684,1470589690829239402,Interim Homes,Kreis 3,Friesenberg,47.364774270428974,8.495956053205074,Private room,,30,0,,,109,239,0,
1693506982644076612,"Döltschihalde, Room 7, Theta, Interim Homes Zürich",581481684,1470589690829239402,Interim Homes,Kreis 3,Friesenberg,47.362718173380706,8.49741556103703,Private room,,30,0,,,109,251,0,
1693511985893404054,"Döltschihalde Room 7 Epsilon, Interim Homes Zürich",581481684,1470589690829239402,Interim Homes,Kreis 3,Friesenberg,47.3637612,8.4974321,Private room,,30,0,,,109,334,0,
1693522613832886401,"Döltschihalde Room 9 Epsilon, Interim Homes Zürich",581481684,1470589690829239402,Interim Homes,Kreis 3,Friesenberg,47.36486049704084,8.496248305423519,Private room,,30,0,,,109,335,0,
1693575133360091029,Keep smiling it confuses people!,77433591,1466948522859847467,Jasmine,Kreis 11,Oerlikon,47.412397901352804,8.547586832217467,Private room,,1,4,2026-06-25,4,1,90,4,
1693732131164104275,130m² Apartment with Balcony & Parking near Zürich,361128930,1693732131867476676,Idan,Kreis 9,Altstetten,47.38891691372542,8.484598983024565,Entire home/apt,,14,0,,,1,362,0,
1694144958147343224,2-Room Apartment in Zurich,191374559,1694144958893711979,Vlada,Kreis 8,Weinegg,47.3555932,8.5745281,Entire home/apt,0,2,4,2026-06-27,4,1,299,4,
1694203849994923464,Döltschihalde Room 10 Epsilon Interim Homes Zürich,581481684,1470589690829239402,Interim Homes,Kreis 3,Friesenberg,47.364897424305504,8.497214478264882,Private room,,30,0,,,109,363,0,
1694206006748720354,Modern & Bright 1 BR Apartment in Altstetten,1229459,1462516724433258317,Swissstay Apartments,Kreis 9,Altstetten,47.38373,8.49893,Entire home/apt,,2,0,,,78,291,0,
1694208086472048996,"Döltschihalde, Room 1, Eta, Interim Homes Zürich",581481684,1470589690829239402,Interim Homes,Kreis 3,Friesenberg,47.3632968,8.4980729,Private room,,30,0,,,109,296,0,
1694212512531031601,"Döltschihalde, Room 2, Eta, Interim Homes Zürich",581481684,1470589690829239402,Interim Homes,Kreis 3,Friesenberg,47.3625818344269,8.497179194595967,Private room,,30,0,,,109,293,0,
1694217302926328762,"Döltschihalde, Room 3, Eta, Interim Homes Zürich",581481684,1470589690829239402,Interim Homes,Kreis 3,Friesenberg,47.364438836492724,8.49919787161493,Private room,,30,0,,,109,355,0,
1694272580740382163,"Charming, Bright, Spacious Furnished Room",3536005,1462631954952884142,Sophie,Kreis 12,Schwamendingen-Mitte,47.40343839706808,8.560447979420173,Private room,0,3,0,,,1,30,0,
1694786146961562566,Charming Studio in the Perfect Spot - Stork 34,1314526,1462542542085520859,Giancarlo,Kreis 1,Lindenhof,47.3708912,8.5416358,Entire home/apt,0,2,2,2026-06-12,2,104,39,2,
1696566352356227215,Old-Town Studio Zürich,1696565952245360105,1696566353258833885,Arijana,Kreis 1,Rathaus,47.371804160957936,8.54322052544514,Entire home/apt,0,1,3,2026-06-21,3,3,260,3,
1696579895629299393,High-End 3-Story Penthouse | 85m High | Great View,664409109,1470667345713895109,Tony,Kreis 11,Oerlikon,47.41169,8.54496,Entire home/apt,1,1,0,,,1,331,0,
1697793461171312452,Well-located apt. in Zurich,164721182,1697793462188833175,Camila,Kreis 6,Unterstrass,47.39606,8.53978,Entire home/apt,0,6,0,,,1,51,0,
1698473257519994315,Zurich Oerlikon 1 Bedroom Apartment 301,659352799,1470655840351460921,Nicole,Kreis 11,Seebach,47.4144237,8.546462499999999,Entire home/apt,0,1,0,,,10,210,0,
1699228442405214517,lincoln Apartment Premium 3BR in Zurich,13770499,1462587701265442265,Martin,Kreis 7,Fluntern,47.37916245628586,8.55877887049046,Entire home/apt,0,3,0,,,6,318,0,
1700021941006272065,Zimmer in 3-Zimmerwohnung im Kreis 3,8341900,1462766035702891897,Nicole,Kreis 3,Sihlfeld,47.3780292,8.501185,Private room,0,5,0,,,1,185,0,
1700416581067234016,Rigistrasse Apartment Theta Interim Homes Zürich,581481684,1470589690829239402,Interim Homes,Kreis 6,Oberstrass,47.38527210086942,8.55124474901612,Entire home/apt,,30,0,,,109,346,0,
1700424951251764760,Rigistrasse Apartment Zeta Interim Homes Zürich,581481684,1470589690829239402,Interim Homes,Kreis 6,Oberstrass,47.3859314,8.5504166,Entire home/apt,,30,0,,,109,346,0,
1700719828503857036,Bright & Designer Flat | Lake Zurich Steps Away,34889463,1465514846358948420,Katarzyna,Kreis 2,Wollishofen,47.34714,8.53124,Entire home/apt,0,2,1,2026-06-23,1,1,53,1,
1700941219755140443,Chambre luxueuse dans un bel appartement avec vue,51414366,1465803120038285457,Rose,Kreis 2,Wollishofen,47.34287,8.51955,Private room,0,1,0,,,2,338,0,
1701345273647738332,Zimmer mit Terrasse direkt am Bahnhof Oerlikon,436896908,1469975378322708881,Fernando,Kreis 11,Seebach,47.41406,8.54649,Private room,0,2,1,2026-06-19,1,2,359,1,
1702170812812111322,Wohnung mit Balkon und guter Anbindung nach Zürich,753926894,1651377790192612435,Janine,Kreis 12,Hirzenbach,47.4035327,8.5889256,Entire home/apt,0,1,3,2026-06-23,3,1,144,3,
1702239012113645026,Sleep · Explore · Work · Relax | The Apartment,22513551,1463181589806066941,Optimum Apartment,Kreis 4,Langstrasse,47.37525,8.52857,Entire home/apt,0,2,0,,,4,359,0,
1702593384102377169,"Mattengasse 16, 8005 Zürich, Alpha",581481684,1470589690829239402,Interim Homes,Kreis 5,Gewerbeschule,47.3824593,8.5307342,Private room,,30,0,,,109,362,0,
1702750622130505268,City-Wohnung mit Terrasse im Herzen von Zürich,563207179,1702750623053131019,Natalja,Kreis 4,Langstrasse,47.38175,8.52774,Entire home/apt,0,1,0,,,1,363,0,
1702965736560539377,Gemütliches Zimmer am Rande von Zürich,161314619,1468569775297646027,Raffaela,Kreis 2,Leimbach,47.32413146469132,8.514844849705696,Private room,0,2,0,,,2,200,0,
1703511079286030989,Spacious 1BR Apartment Near Zürich City Center,1229459,1462516724433258317,Swissstay Apartments,Kreis 9,Altstetten,47.3837311,8.4989338,Entire home/apt,0,2,1,2026-06-16,1,78,291,1,
1703514058522778163,Spacious 1BR Apartment Near Zürich City Center,1229459,1462516724433258317,Swissstay Apartments,Kreis 9,Altstetten,47.3837311,8.4989338,Entire home/apt,0,2,0,,,78,287,0,
1703523584655053960,Private Bedroom in Modern Shared Flat,37755878,1465565135757216390,Federico,Kreis 12,Schwamendingen-Mitte,47.40235302712863,8.557883571744888,Private room,1,1,0,,,2,365,0,
1703653550120640687,"Hell, zentral 1-Zimmerpreis für 2 in Zürich",1699490852686266400,1703653551295188153,Tim,Kreis 4,Hard,47.3788916,8.5093353,Private room,1,1,0,,,1,287,0,
1703801755667530537,Cozy Central Room in Beautiful Zurich Home,205369534,1469071207771858542,Meli,Kreis 4,Langstrasse,47.37737087166236,8.527222148840284,Private room,1,1,0,,,1,50,0,
1703829095312341746,Quick Relax Studio near City Center,679556332,1463934762466506427,Jaybee,Kreis 3,Alt-Wiedikon,47.3673089,8.520463699999999,Entire home/apt,0,1,5,2026-06-28,5,17,363,5,
1703855929873956366,Helles Studio im Zentrum von Zürich,1703855530303955078,1703855930667638911,Rebecca,Kreis 6,Unterstrass,47.39044,8.54064,Entire home/apt,0,3,1,2026-06-25,1,1,5,1,
1704512312610002267,Moderne 1-Zimmer-Wohnung im Seefeld mit Seeblick,16756617,1704512313402499636,Kaye,Kreis 8,Mühlebach,47.353287416327646,8.560485813020792,Entire home/apt,,30,0,,,1,320,0,
1704894966456551857,Charmantes Zimmer im Zentrum von Zürich,245043107,1704894967227767235,Kheira,Kreis 3,Alt-Wiedikon,47.3643025,8.5220985,Private room,1,1,0,,,1,235,0,
1705857433853837157,Rare Zurich Gem: 3BR + AC + Walk to Old Town,20341018,1705857434626607052,Mian,Kreis 2,Enge,47.367076,8.5268829,Entire home/apt,0,2,0,,,1,79,0,
1705862556939001814,Zurich District 6 | Family-Friendly 2BR (ZH),17168273,1463003715277559467,Cityus Ltd,Kreis 6,Unterstrass,47.3890185,8.5372188,Entire home/apt,0,7,0,,,5,20,0,
1705891624387586652,The Crystal Apartment,728268173,1557338595706703116,HomeFlax,Kreis 4,Langstrasse,47.37924260048305,8.524165989998055,Entire home/apt,,3,0,,,6,55,0,
1705932953874986128,Super Lage,52774763,1465854990397684063,Bryar,Kreis 3,Sihlfeld,47.3722102,8.5127521,Entire home/apt,0,10,0,,,1,270,0,
1706429229829566539,"City Apt with Free Parking & AC, Tram to Center",585688978,1463891258827574165,Arye,Kreis 3,Alt-Wiedikon,47.3688,8.51829,Entire home/apt,0,2,1,2026-06-28,1,12,77,1,
1707213107238744360,Old -Town Studios Zürich,1696565952245360105,1696566353258833885,Arijana,Kreis 1,Rathaus,47.371901913728856,8.542937798594181,Entire home/apt,0,1,2,2026-06-22,2,3,261,2,
1707310422105069821,Europaallee Residence | Luxury Living at Zurich HB,408120871,1707310422804990807,Kire,Kreis 4,Langstrasse,47.379,8.53125,Entire home/apt,0,2,0,,,1,50,0,
1707368659497247056,Gemütliches Zuhause in Zürich,700231513,1547153111628181926,Nemanja,Kreis 3,Alt-Wiedikon,47.3645816,8.522037599999999,Private room,,1,0,,,1,359,0,
1708374085099854237,"Döltschihalde Room 11, Terra, Interim Homes Zürich",581481684,1470589690829239402,Interim Homes,Kreis 3,Friesenberg,47.36405787534483,8.496483140978516,Private room,,30,0,,,109,351,0,
1708380061896235767,"Döltschihalde Room 12, Terra, Interim Homes Zürich",581481684,1470589690829239402,Interim Homes,Kreis 3,Friesenberg,47.362891993521096,8.496176507320596,Private room,,30,0,,,109,351,0,
1708384600813209085,"Döltschihalde Room 13, Terra, Interim Homes Zürich",581481684,1470589690829239402,Interim Homes,Kreis 3,Friesenberg,47.36273570370465,8.497679048818553,Private room,,30,0,,,109,295,0,
1708387784190009052,"Döltschihalde Room 14, Sigma, Interim Homes Zürich",581481684,1470589690829239402,Interim Homes,Kreis 3,Friesenberg,47.36496146579205,8.495812821777244,Private room,,30,0,,,109,320,0,
1708391284719024745,"Döltschihalde Room 15, Sigma, Interim Homes Zürich",581481684,1470589690829239402,Interim Homes,Kreis 3,Friesenberg,47.36486951801807,8.498072464231601,Private room,,30,0,,,109,320,0,
1708394461013429058,"Döltschihalde Room 16, Sigma, Interim Homes Zürich",581481684,1470589690829239402,Interim Homes,Kreis 3,Friesenberg,47.36431405756944,8.497774405063655,Private room,,30,0,,,109,320,0,
1708518495811236383,Elegantes Apartment See & City vor der Tür,206393805,1463153979401280979,Julian,Kreis 8,Mühlebach,47.35481903726212,8.558599054813385,Entire home/apt,0,1,0,,,1,305,0,
1708630073406702676,"Bachmattstr., Room 1, Alpha, Interim Homes Zürich",581481684,1470589690829239402,Interim Homes,Kreis 9,Altstetten,47.3906803,8.4840363,Private room,,30,0,,,109,255,0,
1708700710957595960,The Flower Apartment,728268173,1557338595706703116,HomeFlax,Kreis 4,Langstrasse,47.37930762293536,8.525701605495945,Entire home/apt,,3,0,,,6,207,0,
1708702076098794928,Helles Zimmer in Zürich mit guter Anbindung,230184242,1708702076821905193,Sarina,Kreis 11,Affoltern,47.42162,8.50126,Private room,0,1,0,,,1,363,0,
1708714139722007664,Estudio Letten,3567086,1462632714189744497,Miriam,Kreis 6,Unterstrass,47.38754426004109,8.536250987891284,Entire home/apt,0,1,1,2026-06-24,1,1,178,1,
1709149424984891856,"Bachmattstr., Room 2, Alpha, Interim Homes Zürich",581481684,1470589690829239402,Interim Homes,Kreis 9,Altstetten,47.389763762598584,8.483515978375683,Private room,,30,0,,,109,255,0,
1709154022408853374,"Bachmattstr., Room 3, Alpha, Interim Homes Zürich",581481684,1470589690829239402,Interim Homes,Kreis 9,Altstetten,47.3918070428028,8.482874406220793,Private room,,30,0,,,109,255,0,
1709346884994482896,"Sonnige Seefeld-Oase mit Traumbalkon, 5min vom See",15507196,1709346885897651715,Sarah,Kreis 8,Mühlebach,47.35796,8.55495,Entire home/apt,,2,0,,,1,90,0,
1709430946630988117,West Suite · Bright 3-BR Flat in Wipkingen,704502715,1487997851665465551,Carl Christian,Kreis 10,Wipkingen,47.39318,8.52715,Entire home/apt,1,1,0,,,30,312,0,
1709633431137593027,Spacious vintage flat by the river,540611722,1705033029453082170,Julie,Kreis 10,Wipkingen,47.393121,8.520967299999999,Entire home/apt,0,1,0,,,1,339,0,
1709960658858388114,Leimbach Apartment Near Lake Zurich & City Center,103994871,1467248436511793982,Jacopo,Kreis 2,Leimbach,47.3262374,8.5169406,Entire home/apt,,6,0,,,1,253,0,
1710064883595766409,Quiet Fluntern flat by Uni Hospital & ETH,75264407,1710064884341637158,Jose Alberto,Kreis 7,Fluntern,47.37705649999999,8.5642689,Entire home/apt,0,1,0,,,1,12,0,
1710073234805412044,Old-Town Studio Zürich,1696565952245360105,1696566353258833885,Arijana,Kreis 1,Rathaus,47.3710478,8.543661799999999,Entire home/apt,0,1,0,,,3,363,0,
1710244224909005354,Cosy Apartment Zürich Center,315864457,1469596354341859288,Stefan,Kreis 3,Sihlfeld,47.3697287,8.502371600000002,Entire home/apt,,14,0,,,1,125,0,
1710633394691487241,Chambre confortable au cœur de Zurich,1710345898975771009,1710633395705130840,Kevin,Kreis 3,Sihlfeld,47.3774973,8.5036562,Private room,1,1,0,,,1,357,0,
1711459018884678189,2.5 room appartment in Zurich Hottingen,17275152,1463006241279481660,Natalie,Kreis 7,Hottingen,47.3693606,8.5538112,Entire home/apt,0,3,0,,,2,216,0,
1712033052251340135,"Central, cosy room in Zurich Hottingen",17275152,1463006241279481660,Natalie,Kreis 7,Hottingen,47.3693606,8.5538112,Private room,0,2,0,,,2,363,0,
1712194698036799099,Charming Room with Beautiful Garden access,156119605,1468523756906648862,Mohamed,Kreis 9,Albisrieden,47.3757556,8.4927474,Private room,0,1,0,,,1,177,0,
1712977823211903828,schöne 1.5 Zi. im Herzen Zürich.,245152096,1469300788371211192,Hatam,Kreis 4,Langstrasse,47.37751,8.52902,Entire home/apt,0,1,1,2026-06-24,1,1,362,1,
1713067683039545305,Light & Space | Top-Floor Apartment,96162759,1467158259373002484,Teresa,Kreis 4,Langstrasse,47.37881,8.5243,Entire home/apt,,1,0,,,2,62,0,
1713733818761215501,Top-Floor Apartment in the Heart of Zürich,160459851,1473006174064354813,Claudia,Kreis 5,Gewerbeschule,47.3822744,8.5365153,Entire home/apt,0,4,0,,,1,52,0,
1713786836685503533,Fabulous room in Lochergut,359165938,1713786761098676929,Nicola,Kreis 4,Hard,47.37569971268574,8.515998301852411,Private room,,2,0,,,1,3,0,
1713848199637015895,Quiet Vintage Oasis near ETH & Old Town,12446718,1462887934618136247,Karin,Kreis 6,Oberstrass,47.38103,8.54771,Entire home/apt,0,1,0,,,1,18,0,
1713906593962977999,Central & Bright Zurich Apartment - 2min to Lake,353115753,1552193195183443675,Kevin,Kreis 2,Enge,47.3642319,8.5336927,Entire home/apt,0,3,0,,,1,258,0,
1714277142878491143,Zrh down town,150623475,1468481027730398457,Evelyn,Kreis 4,Langstrasse,47.376143,8.529416399999999,Entire home/apt,0,1,0,,,1,131,0,
1714353541947102714,"Cozy, centrally located and well-kept apartment",32810730,1714353506422958053,Euge,Kreis 2,Wollishofen,47.35017,8.52956,Entire home/apt,,14,0,,,1,365,0,
1714593186303125130,Habitación privada,743710692,1612345560309580992,Carmen,Kreis 4,Langstrasse,47.3784559,8.5267974,Private room,,2,0,,,1,180,0,
1714667608729056158,Cozy and bright private attic apartment in Zürich,1714637028765347689,1714667609440979756,Teodorina,Kreis 3,Alt-Wiedikon,47.3628565,8.519387499999999,Entire home/apt,0,2,0,,,1,8,0,
1715102406787606230,Neubau - 2.5 Zimmer Penthouse-Wohnung in Zürich,14673586,1462944194452055862,Raphael,Kreis 2,Enge,47.35969009999999,8.5266549,Entire home/apt,0,1,0,,,4,21,0,
1715242539023939028,Sunny Room in Zurich Center-Great Location,47204640,1462705915926830091,Vilma,Kreis 6,Unterstrass,47.3872851,8.5401256,Private room,,1,0,,,5,60,0,
1715405008998910267,Summer by the river,143572433,1715404886617286852,Rahel,Kreis 10,Wipkingen,47.3940666,8.5177403,Entire home/apt,,21,0,,,1,39,0,
1715408482503688057,"Ruhige, trendige Wohnung direkt bei Flussbad",10175798,1462573002493499036,Marisa,Kreis 10,Wipkingen,47.3928676,8.5258451,Entire home/apt,,1,0,,,1,266,0,
1715838058725663358,Modern & Bright Apartment in Zürich Altstetten,1229459,1462516724433258317,Swissstay Apartments,Kreis 9,Altstetten,47.3837311,8.4989338,Entire home/apt,,2,0,,,78,293,0,
1715845880899563946,Cozy Central 1 BR Zurich Apartment,1229459,1462516724433258317,Swissstay Apartments,Kreis 3,Sihlfeld,47.3773148,8.5094379,Entire home/apt,0,1,0,,,78,76,0,
1715855456472598384,Cozy Central Zurich 1BR Apartment,1229459,1462516724433258317,Swissstay Apartments,Kreis 3,Sihlfeld,47.3773148,8.5094379,Entire home/apt,0,1,0,,,78,73,0,
1715897711562923859,"Warm, couse, comfortable and nature close place.",701790741,1470745080733884479,Dimche,Kreis 7,Witikon,47.3555602,8.599674,Entire home/apt,,7,0,,,2,270,0,
1715938140758536724,Wohnen im Herzen von Zürich,1715927825969069583,1715933933941456162,⁨Tiziana.⁩,Kreis 8,Seefeld,47.3602382,8.550791499999999,Entire home/apt,,3,0,,,1,321,0,
1716459035928536426,Urban Home at hipsterplace Wiedikon,12603006,1462891530394993716,Friederike,Kreis 3,Sihlfeld,47.36965,8.52218,Private room,0,10,0,,,1,365,0,
1716546568981935870,Spacious Room in a Centrally Located Zurich,162089733,1468577476748496362,Manisha,Kreis 9,Altstetten,47.3833375,8.498949399999999,Private room,0,7,0,,,1,21,0,
1716643027927581531,Top floor 2 bedrooms apartment with sunny terrace,517452,1462520526515221802,Ally,Kreis 1,City,47.3687,8.53059,Entire home/apt,0,3,0,,,1,76,0,
1716696668082339524,Cozy 1.5-Rm Apt w/ Balcony – Steps to Heuried Pool,58352050,1466699408336218749,Timofay,Kreis 3,Friesenberg,47.3685565,8.505276799999999,Entire home/apt,0,1,0,,,1,224,0,
1718131288603490443,Family Seefeld Lake Apartment| 2 Bath| Near Lake|,668728990,1470677452755613527,Tong,Kreis 8,Mühlebach,47.3636248,8.549587599999999,Entire home/apt,,1,0,,,1,364,0,
1718296097374215500,Room in House with Garden 3 min from Lake and Tram,99248494,1467193310372685355,Joscha,Kreis 2,Wollishofen,47.34536774646293,8.532796780590976,Private room,,1,0,,,1,31,0,
